  0
SECTION
  2
HEADER
  9
$ACADVER
  1
AC1012
  9
$DWGCODEPAGE
  3
ansi_1252
  9
$INSBASE
 10
0
 20
0
 30
0
  9
$EXTMIN
 10
49.999996185302734
 20
-521
 30
0
  9
$EXTMAX
 10
1314.29541015625
 20
-40
 30
0
  9
$LIMMIN
 10
0
 20
0
  9
$LIMMAX
 10
12
 20
9
  9
$ORTHOMODE
 70
0
  9
$REGENMODE
 70
1
  9
$FILLMODE
 70
1
  9
$QTEXTMODE
 70
0
  9
$MIRRTEXT
 70
1
  9
$LTSCALE
 40
1
  9
$ATTMODE
 70
1
  9
$TEXTSIZE
 40
0.2
  9
$TRACEWID
 40
0.05
  9
$TEXTSTYLE
  7
Standard
  9
$CLAYER
  8
0
  9
$CELTYPE
  6
ByLayer
  9
$CECOLOR
 62
256
  9
$CELTSCALE
 40
1
  9
$DISPSILH
 70
0
  9
$DIMSCALE
 40
1
  9
$DIMASZ
 40
0.18
  9
$DIMEXO
 40
0.0625
  9
$DIMDLI
 40
0.38
  9
$DIMRND
 40
0
  9
$DIMDLE
 40
0
  9
$DIMEXE
 40
0.18
  9
$DIMTP
 40
0
  9
$DIMTM
 40
0
  9
$DIMTXT
 40
0.18
  9
$DIMCEN
 40
0.09
  9
$DIMTSZ
 40
0
  9
$DIMTOL
 70
0
  9
$DIMLIM
 70
0
  9
$DIMTIH
 70
1
  9
$DIMTOH
 70
1
  9
$DIMSE1
 70
0
  9
$DIMSE2
 70
0
  9
$DIMTAD
 70
0
  9
$DIMZIN
 70
0
  9
$DIMBLK
  1

  9
$DIMASO
 70
1
  9
$DIMSHO
 70
1
  9
$DIMPOST
  1

  9
$DIMAPOST
  1

  9
$DIMALT
 70
0
  9
$DIMALTD
 70
2
  9
$DIMALTF
 40
1
  9
$DIMLFAC
 40
1
  9
$DIMTOFL
 70
0
  9
$DIMTVP
 40
0
  9
$DIMTIX
 70
0
  9
$DIMSOXD
 70
0
  9
$DIMSAH
 70
0
  9
$DIMBLK1
  1

  9
$DIMBLK2
  1

  9
$DIMSTYLE
  2
Standard
  9
$DIMCLRD
 70
0
  9
$DIMCLRE
 70
0
  9
$DIMCLRT
 70
0
  9
$DIMTFAC
 40
1
  9
$DIMGAP
 40
0.09
  9
$DIMJUST
 70
0
  9
$DIMSD1
 70
0
  9
$DIMSD2
 70
0
  9
$DIMTOLJ
 70
1
  9
$DIMTZIN
 70
0
  9
$DIMALTZ
 70
0
  9
$DIMALTTZ
 70
0
  9
$DIMUPT
 70
0
  9
$DIMDEC
 70
4
  9
$DIMTDEC
 70
4
  9
$DIMALTU
 70
2
  9
$DIMALTTD
 70
0
  9
$DIMTXSTY
  7
Standard
  9
$DIMAUNIT
 70
0
  9
$DIMFIT
 70
0
  9
$LUNITS
 70
2
  9
$LUPREC
 70
4
  9
$SKETCHINC
 40
0.1
  9
$FILLETRAD
 40
0
  9
$AUNITS
 70
0
  9
$AUPREC
 70
0
  9
$MENU
  1
.
  9
$ELEVATION
 40
0
  9
$PELEVATION
 40
0
  9
$THICKNESS
 40
0
  9
$LIMCHECK
 70
0
  9
$CHAMFERA
 40
0.5
  9
$CHAMFERB
 40
0.5
  9
$CHAMFERC
 40
0
  9
$CHAMFERD
 40
0
  9
$SKPOLY
 70
0
  9
$TDCREATE
 40
2461185.2038291553
  9
$TDUPDATE
 40
2461185.2038291553
  9
$TDINDWG
 40
1.1574074074074074E-08
  9
$TDUSRTIMER
 40
1.1574074074074074E-08
  9
$USRTIMER
 70
1
  9
$ANGBASE
 50
0
  9
$ANGDIR
 70
1
  9
$PDMODE
 70
0
  9
$PDSIZE
 40
0
  9
$PLINEWID
 40
0
  9
$SPLFRAME
 70
0
  9
$SPLINETYPE
 70
6
  9
$SPLINESEGS
 70
8
  9
$HANDLING
 70
1
  9
$HANDSEED
  5
C6C
  9
$SURFTAB1
 70
6
  9
$SURFTAB2
 70
6
  9
$SURFTYPE
 70
6
  9
$SURFU
 70
6
  9
$SURFV
 70
6
  9
$UCSORG
 10
0
 20
0
 30
0
  9
$UCSXDIR
 10
1
 20
0
 30
0
  9
$UCSYDIR
 10
0
 20
1
 30
0
  9
$PUCSORG
 10
0
 20
0
 30
0
  9
$PUCSXDIR
 10
1
 20
0
 30
0
  9
$PUCSYDIR
 10
0
 20
1
 30
0
  9
$USERI1
 70
0
  9
$USERI2
 70
0
  9
$USERI3
 70
0
  9
$USERI4
 70
0
  9
$USERI5
 70
0
  9
$USERR1
 40
0
  9
$USERR2
 40
0
  9
$USERR3
 40
0
  9
$USERR4
 40
0
  9
$USERR5
 40
0
  9
$WORLDVIEW
 70
1
  9
$SHADEDGE
 70
3
  9
$SHADEDIF
 70
70
  9
$TILEMODE
 70
1
  9
$MAXACTVP
 70
48
  9
$PINSBASE
 10
0
 20
0
 30
0
  9
$PLIMCHECK
 70
0
  9
$PEXTMIN
 10
1E+20
 20
1E+20
 30
1E+20
  9
$PEXTMAX
 10
-1E+20
 20
-1E+20
 30
-1E+20
  9
$PLIMMAX
 10
0
 20
0
  9
$PLIMMIN
 10
0
 20
0
  9
$UNITMODE
 70
0
  9
$VISRETAIN
 70
1
  9
$PLINEGEN
 70
1
  9
$PSLTSCALE
 70
1
  9
$TREEDEPTH
 70
3020
  9
$CMLSTYLE
  2
STANDARD
  9
$CMLJUST
 70
0
  9
$CMLSCALE
 40
1
  0
ENDSEC
  0
SECTION
  2
CLASSES
  0
ENDSEC
  0
SECTION
  2
TABLES
  0
TABLE
  2
VPORT
  5
8
330
0
100
AcDbSymbolTable
 70
0
  0
ENDTAB
  0
TABLE
  2
LTYPE
  5
5
100
AcDbSymbolTable
 70
3
  0
LTYPE
  5
16
100
AcDbSymbolTableRecord
100
AcDbLinetypeTableRecord
  2
Continuous
  3
Solid line
 70
64
 72
65
 73
0
 40
0
  0
LTYPE
  5
14
100
AcDbSymbolTableRecord
100
AcDbLinetypeTableRecord
  2
ByBlock
  3

 70
64
 72
65
 73
0
 40
0
  0
LTYPE
  5
15
100
AcDbSymbolTableRecord
100
AcDbLinetypeTableRecord
  2
ByLayer
  3

 70
64
 72
65
 73
0
 40
0
  0
ENDTAB
  0
TABLE
  2
LAYER
  5
2
100
AcDbSymbolTable
 70
1
  0
LAYER
  5
10
100
AcDbSymbolTableRecord
100
AcDbLayerTableRecord
 70
64
  2
0
 62
7
  6
Continuous
  0
ENDTAB
  0
TABLE
  2
STYLE
  5
3
100
AcDbSymbolTable
 70
2
  0
STYLE
  5
11
100
AcDbSymbolTableRecord
100
AcDbTextStyleTableRecord
  2
Standard
 70
64
 40
0
 41
1
 50
0
 71
0
 42
0.2
  3
txt.shx
  0
STYLE
  5
C5D
100
AcDbSymbolTableRecord
100
AcDbTextStyleTableRecord
  2
MYSTYLE
 70
64
 40
0
 41
1
 50
0
 71
0
 42
0.2
  3
arial.ttf
  0
ENDTAB
  0
TABLE
  2
VIEW
  5
6
100
AcDbSymbolTable
 70
0
  0
ENDTAB
  0
TABLE
  2
UCS
  5
7
100
AcDbSymbolTable
 70
0
  0
ENDTAB
  0
TABLE
  2
APPID
  5
9
330
0
100
AcDbSymbolTable
 70
2
  0
APPID
  5
12
100
AcDbSymbolTableRecord
100
AcDbRegAppTableRecord
  2
ACAD
 70
64
  0
APPID
  5
C6A
100
AcDbSymbolTableRecord
100
AcDbRegAppTableRecord
  2
ACAD_MLEADERVER
 70
64
  0
ENDTAB
  0
TABLE
  2
DIMSTYLE
  5
A
330
0
100
AcDbSymbolTable
 70
1
  0
DIMSTYLE
105
C5E
100
AcDbSymbolTableRecord
100
AcDbDimStyleTableRecord
  2
Standard
 70
64
  3

  4

  5

  6

  7

 40
1
 41
0.18
 42
0.0625
 43
0.38
 44
0.18
 45
0
 46
0
 47
0
 48
0
140
0.18
141
0.09
142
0
143
1
144
1
145
0
146
1
147
0.09
 71
0
 72
0
 73
1
 74
1
 75
0
 76
0
 77
0
 78
0
170
0
171
2
172
0
173
0
174
0
175
0
176
0
177
0
178
0
270
2
271
4
272
4
273
2
274
0
275
0
280
0
281
0
282
0
283
1
284
0
285
0
286
0
287
0
288
0
340
11
  0
ENDTAB
  0
TABLE
  2
BLOCK_RECORD
  5
1
330
0
100
AcDbSymbolTable
 70
3
  0
BLOCK_RECORD
  5
1F
330
1
100
AcDbSymbolTableRecord
100
AcDbBlockTableRecord
  2
*Model_Space
  0
BLOCK_RECORD
  5
C5A
330
1
100
AcDbSymbolTableRecord
100
AcDbBlockTableRecord
  2
*Paper_Space
  0
ENDTAB
  0
ENDSEC
  0
SECTION
  2
BLOCKS
  0
BLOCK
  5
20
330
1F
100
AcDbEntity
  8
0
100
AcDbBlockBegin
  2
*Model_Space
 70
64
 10
0
 20
0
 30
0
  3
*Model_Space
  0
ENDBLK
  5
21
330
1F
100
AcDbEntity
  8
0
100
AcDbBlockEnd
  0
BLOCK
  5
C5B
330
C5A
100
AcDbEntity
  8
0
 67
1
100
AcDbBlockBegin
  2
*Paper_Space
 70
64
 10
0
 20
0
 30
0
  3
*Paper_Space
  0
ENDBLK
  5
C5C
330
C5A
100
AcDbEntity
  8
0
100
AcDbBlockEnd
  0
ENDSEC
  0
SECTION
  2
ENTITIES
  0
POLYLINE
  5
27
330
1F
100
AcDbEntity
  8
0
 62
0
100
AcDb2dPolyline
 66
1
 70
0
 10
0
 20
0
 30
0
210
0
220
0
230
1
  0
VERTEX
  5
29
330
27
100
AcDbEntity
  8
0
 62
0
100
AcDbVertex
100
AcDb2dVertex
 10
1067
 20
-130
 70
0
  0
VERTEX
  5
2A
330
27
100
AcDbEntity
  8
0
 62
0
100
AcDbVertex
100
AcDb2dVertex
 10
1067
 20
-280.927490234375
 70
0
  0
VERTEX
  5
2B
330
27
100
AcDbEntity
  8
0
 62
0
100
AcDbVertex
100
AcDb2dVertex
 10
1066.9998779296875
 20
-280.92745971679688
 70
0
  0
VERTEX
  5
2C
330
27
100
AcDbEntity
  8
0
 62
0
100
AcDbVertex
100
AcDb2dVertex
 10
1066.9998779296875
 20
-285.93807983398438
 70
0
  0
VERTEX
  5
2D
330
27
100
AcDbEntity
  8
0
 62
0
100
AcDbVertex
100
AcDb2dVertex
 10
1062.93798828125
 20
-289.99996948242188
 70
0
  0
VERTEX
  5
2E
330
27
100
AcDbEntity
  8
0
 62
0
100
AcDbVertex
100
AcDb2dVertex
 10
1057.927490234375
 20
-289.99996948242188
 70
0
  0
VERTEX
  5
2F
330
27
100
AcDbEntity
  8
0
 62
0
100
AcDbVertex
100
AcDb2dVertex
 10
1057.927490234375
 20
-290
 70
0
  0
VERTEX
  5
30
330
27
100
AcDbEntity
  8
0
 62
0
100
AcDbVertex
100
AcDb2dVertex
 10
1053.3912353515625
 20
-290
 70
0
  0
VERTEX
  5
31
330
27
100
AcDbEntity
  8
0
 62
0
100
AcDbVertex
100
AcDb2dVertex
 10
1053.39111328125
 20
-289.99996948242188
 70
0
  0
VERTEX
  5
32
330
27
100
AcDbEntity
  8
0
 62
0
100
AcDbVertex
100
AcDb2dVertex
 10
1050.8858642578125
 20
-290
 70
0
  0
VERTEX
  5
33
330
27
100
AcDbEntity
  8
0
 62
0
100
AcDbVertex
100
AcDb2dVertex
 10
1048.8548583984375
 20
-292.03094482421875
 70
0
  0
VERTEX
  5
34
330
27
100
AcDbEntity
  8
0
 62
0
100
AcDbVertex
100
AcDb2dVertex
 10
1048.8548583984375
 20
-294.5362548828125
 70
0
  0
VERTEX
  5
35
330
27
100
AcDbEntity
  8
0
 62
0
100
AcDbVertex
100
AcDb2dVertex
 10
1048.85498046875
 20
-294.5362548828125
 70
0
  0
VERTEX
  5
36
330
27
100
AcDbEntity
  8
0
 62
0
100
AcDbVertex
100
AcDb2dVertex
 10
1048.85498046875
 20
-490
 70
0
  0
SEQEND
  5
28
100
AcDbEntity
  8
0
  0
POLYLINE
  5
37
330
1F
100
AcDbEntity
  8
0
 62
0
100
AcDb2dPolyline
 66
1
 70
0
 10
0
 20
0
 30
0
210
0
220
0
230
1
  0
VERTEX
  5
39
330
37
100
AcDbEntity
  8
0
 62
0
100
AcDbVertex
100
AcDb2dVertex
 10
1067
 20
-120
 70
0
  0
VERTEX
  5
3A
330
37
100
AcDbEntity
  8
0
 62
0
100
AcDbVertex
100
AcDb2dVertex
 10
1067
 20
-280.927490234375
 70
0
  0
VERTEX
  5
3B
330
37
100
AcDbEntity
  8
0
 62
0
100
AcDbVertex
100
AcDb2dVertex
 10
1066.9998779296875
 20
-280.92745971679688
 70
0
  0
VERTEX
  5
3C
330
37
100
AcDbEntity
  8
0
 62
0
100
AcDbVertex
100
AcDb2dVertex
 10
1066.9998779296875
 20
-285.93807983398438
 70
0
  0
VERTEX
  5
3D
330
37
100
AcDbEntity
  8
0
 62
0
100
AcDbVertex
100
AcDb2dVertex
 10
1062.93798828125
 20
-289.99996948242188
 70
0
  0
VERTEX
  5
3E
330
37
100
AcDbEntity
  8
0
 62
0
100
AcDbVertex
100
AcDb2dVertex
 10
1057.927490234375
 20
-289.99996948242188
 70
0
  0
VERTEX
  5
3F
330
37
100
AcDbEntity
  8
0
 62
0
100
AcDbVertex
100
AcDb2dVertex
 10
1057.927490234375
 20
-290
 70
0
  0
VERTEX
  5
40
330
37
100
AcDbEntity
  8
0
 62
0
100
AcDbVertex
100
AcDb2dVertex
 10
1053.3912353515625
 20
-290
 70
0
  0
VERTEX
  5
41
330
37
100
AcDbEntity
  8
0
 62
0
100
AcDbVertex
100
AcDb2dVertex
 10
1053.39111328125
 20
-289.99996948242188
 70
0
  0
VERTEX
  5
42
330
37
100
AcDbEntity
  8
0
 62
0
100
AcDbVertex
100
AcDb2dVertex
 10
1050.8858642578125
 20
-290
 70
0
  0
VERTEX
  5
43
330
37
100
AcDbEntity
  8
0
 62
0
100
AcDbVertex
100
AcDb2dVertex
 10
1048.8548583984375
 20
-292.03094482421875
 70
0
  0
VERTEX
  5
44
330
37
100
AcDbEntity
  8
0
 62
0
100
AcDbVertex
100
AcDb2dVertex
 10
1048.8548583984375
 20
-294.5362548828125
 70
0
  0
VERTEX
  5
45
330
37
100
AcDbEntity
  8
0
 62
0
100
AcDbVertex
100
AcDb2dVertex
 10
1048.85498046875
 20
-294.5362548828125
 70
0
  0
VERTEX
  5
46
330
37
100
AcDbEntity
  8
0
 62
0
100
AcDbVertex
100
AcDb2dVertex
 10
1048.85498046875
 20
-480
 70
0
  0
SEQEND
  5
38
100
AcDbEntity
  8
0
  0
POLYLINE
  5
47
330
1F
100
AcDbEntity
  8
0
 62
0
100
AcDb2dPolyline
 66
1
 70
0
 10
0
 20
0
 30
0
210
0
220
0
230
1
  0
VERTEX
  5
49
330
47
100
AcDbEntity
  8
0
 62
0
100
AcDbVertex
100
AcDb2dVertex
 10
1067
 20
-110
 70
0
  0
VERTEX
  5
4A
330
47
100
AcDbEntity
  8
0
 62
0
100
AcDbVertex
100
AcDb2dVertex
 10
1067
 20
-280.927490234375
 70
0
  0
VERTEX
  5
4B
330
47
100
AcDbEntity
  8
0
 62
0
100
AcDbVertex
100
AcDb2dVertex
 10
1066.9998779296875
 20
-280.92745971679688
 70
0
  0
VERTEX
  5
4C
330
47
100
AcDbEntity
  8
0
 62
0
100
AcDbVertex
100
AcDb2dVertex
 10
1066.9998779296875
 20
-285.93807983398438
 70
0
  0
VERTEX
  5
4D
330
47
100
AcDbEntity
  8
0
 62
0
100
AcDbVertex
100
AcDb2dVertex
 10
1062.93798828125
 20
-289.99996948242188
 70
0
  0
VERTEX
  5
4E
330
47
100
AcDbEntity
  8
0
 62
0
100
AcDbVertex
100
AcDb2dVertex
 10
1057.927490234375
 20
-289.99996948242188
 70
0
  0
VERTEX
  5
4F
330
47
100
AcDbEntity
  8
0
 62
0
100
AcDbVertex
100
AcDb2dVertex
 10
1057.927490234375
 20
-290
 70
0
  0
VERTEX
  5
50
330
47
100
AcDbEntity
  8
0
 62
0
100
AcDbVertex
100
AcDb2dVertex
 10
1053.3912353515625
 20
-290
 70
0
  0
VERTEX
  5
51
330
47
100
AcDbEntity
  8
0
 62
0
100
AcDbVertex
100
AcDb2dVertex
 10
1053.39111328125
 20
-289.99996948242188
 70
0
  0
VERTEX
  5
52
330
47
100
AcDbEntity
  8
0
 62
0
100
AcDbVertex
100
AcDb2dVertex
 10
1050.8858642578125
 20
-290
 70
0
  0
VERTEX
  5
53
330
47
100
AcDbEntity
  8
0
 62
0
100
AcDbVertex
100
AcDb2dVertex
 10
1048.8548583984375
 20
-292.03094482421875
 70
0
  0
VERTEX
  5
54
330
47
100
AcDbEntity
  8
0
 62
0
100
AcDbVertex
100
AcDb2dVertex
 10
1048.8548583984375
 20
-294.5362548828125
 70
0
  0
VERTEX
  5
55
330
47
100
AcDbEntity
  8
0
 62
0
100
AcDbVertex
100
AcDb2dVertex
 10
1048.85498046875
 20
-294.5362548828125
 70
0
  0
VERTEX
  5
56
330
47
100
AcDbEntity
  8
0
 62
0
100
AcDbVertex
100
AcDb2dVertex
 10
1048.85498046875
 20
-470
 70
0
  0
SEQEND
  5
48
100
AcDbEntity
  8
0
  0
POLYLINE
  5
57
330
1F
100
AcDbEntity
  8
0
 62
0
100
AcDb2dPolyline
 66
1
 70
0
 10
0
 20
0
 30
0
210
0
220
0
230
1
  0
VERTEX
  5
59
330
57
100
AcDbEntity
  8
0
 62
0
100
AcDbVertex
100
AcDb2dVertex
 10
1067
 20
-100
 70
0
  0
VERTEX
  5
5A
330
57
100
AcDbEntity
  8
0
 62
0
100
AcDbVertex
100
AcDb2dVertex
 10
1067
 20
-280.927490234375
 70
0
  0
VERTEX
  5
5B
330
57
100
AcDbEntity
  8
0
 62
0
100
AcDbVertex
100
AcDb2dVertex
 10
1066.9998779296875
 20
-280.92745971679688
 70
0
  0
VERTEX
  5
5C
330
57
100
AcDbEntity
  8
0
 62
0
100
AcDbVertex
100
AcDb2dVertex
 10
1066.9998779296875
 20
-285.93807983398438
 70
0
  0
VERTEX
  5
5D
330
57
100
AcDbEntity
  8
0
 62
0
100
AcDbVertex
100
AcDb2dVertex
 10
1062.93798828125
 20
-289.99996948242188
 70
0
  0
VERTEX
  5
5E
330
57
100
AcDbEntity
  8
0
 62
0
100
AcDbVertex
100
AcDb2dVertex
 10
1057.927490234375
 20
-289.99996948242188
 70
0
  0
VERTEX
  5
5F
330
57
100
AcDbEntity
  8
0
 62
0
100
AcDbVertex
100
AcDb2dVertex
 10
1057.927490234375
 20
-290
 70
0
  0
VERTEX
  5
60
330
57
100
AcDbEntity
  8
0
 62
0
100
AcDbVertex
100
AcDb2dVertex
 10
1053.3912353515625
 20
-290
 70
0
  0
VERTEX
  5
61
330
57
100
AcDbEntity
  8
0
 62
0
100
AcDbVertex
100
AcDb2dVertex
 10
1053.39111328125
 20
-289.99996948242188
 70
0
  0
VERTEX
  5
62
330
57
100
AcDbEntity
  8
0
 62
0
100
AcDbVertex
100
AcDb2dVertex
 10
1050.8858642578125
 20
-290
 70
0
  0
VERTEX
  5
63
330
57
100
AcDbEntity
  8
0
 62
0
100
AcDbVertex
100
AcDb2dVertex
 10
1048.8548583984375
 20
-292.03094482421875
 70
0
  0
VERTEX
  5
64
330
57
100
AcDbEntity
  8
0
 62
0
100
AcDbVertex
100
AcDb2dVertex
 10
1048.8548583984375
 20
-294.5362548828125
 70
0
  0
VERTEX
  5
65
330
57
100
AcDbEntity
  8
0
 62
0
100
AcDbVertex
100
AcDb2dVertex
 10
1048.85498046875
 20
-294.5362548828125
 70
0
  0
VERTEX
  5
66
330
57
100
AcDbEntity
  8
0
 62
0
100
AcDbVertex
100
AcDb2dVertex
 10
1048.85498046875
 20
-460
 70
0
  0
SEQEND
  5
58
100
AcDbEntity
  8
0
  0
POLYLINE
  5
67
330
1F
100
AcDbEntity
  8
0
 62
0
100
AcDb2dPolyline
 66
1
 70
0
 10
0
 20
0
 30
0
210
0
220
0
230
1
  0
VERTEX
  5
69
330
67
100
AcDbEntity
  8
0
 62
0
100
AcDbVertex
100
AcDb2dVertex
 10
1067
 20
-90
 70
0
  0
VERTEX
  5
6A
330
67
100
AcDbEntity
  8
0
 62
0
100
AcDbVertex
100
AcDb2dVertex
 10
1067
 20
-280.927490234375
 70
0
  0
VERTEX
  5
6B
330
67
100
AcDbEntity
  8
0
 62
0
100
AcDbVertex
100
AcDb2dVertex
 10
1066.9998779296875
 20
-280.92745971679688
 70
0
  0
VERTEX
  5
6C
330
67
100
AcDbEntity
  8
0
 62
0
100
AcDbVertex
100
AcDb2dVertex
 10
1066.9998779296875
 20
-285.93807983398438
 70
0
  0
VERTEX
  5
6D
330
67
100
AcDbEntity
  8
0
 62
0
100
AcDbVertex
100
AcDb2dVertex
 10
1062.93798828125
 20
-289.99996948242188
 70
0
  0
VERTEX
  5
6E
330
67
100
AcDbEntity
  8
0
 62
0
100
AcDbVertex
100
AcDb2dVertex
 10
1057.927490234375
 20
-289.99996948242188
 70
0
  0
VERTEX
  5
6F
330
67
100
AcDbEntity
  8
0
 62
0
100
AcDbVertex
100
AcDb2dVertex
 10
1057.927490234375
 20
-290
 70
0
  0
VERTEX
  5
70
330
67
100
AcDbEntity
  8
0
 62
0
100
AcDbVertex
100
AcDb2dVertex
 10
1053.3912353515625
 20
-290
 70
0
  0
VERTEX
  5
71
330
67
100
AcDbEntity
  8
0
 62
0
100
AcDbVertex
100
AcDb2dVertex
 10
1053.39111328125
 20
-289.99996948242188
 70
0
  0
VERTEX
  5
72
330
67
100
AcDbEntity
  8
0
 62
0
100
AcDbVertex
100
AcDb2dVertex
 10
1050.8858642578125
 20
-290
 70
0
  0
VERTEX
  5
73
330
67
100
AcDbEntity
  8
0
 62
0
100
AcDbVertex
100
AcDb2dVertex
 10
1048.8548583984375
 20
-292.03094482421875
 70
0
  0
VERTEX
  5
74
330
67
100
AcDbEntity
  8
0
 62
0
100
AcDbVertex
100
AcDb2dVertex
 10
1048.8548583984375
 20
-294.5362548828125
 70
0
  0
VERTEX
  5
75
330
67
100
AcDbEntity
  8
0
 62
0
100
AcDbVertex
100
AcDb2dVertex
 10
1048.85498046875
 20
-294.5362548828125
 70
0
  0
VERTEX
  5
76
330
67
100
AcDbEntity
  8
0
 62
0
100
AcDbVertex
100
AcDb2dVertex
 10
1048.85498046875
 20
-450
 70
0
  0
SEQEND
  5
68
100
AcDbEntity
  8
0
  0
POLYLINE
  5
77
330
1F
100
AcDbEntity
  8
0
 62
0
100
AcDb2dPolyline
 66
1
 70
0
 10
0
 20
0
 30
0
210
0
220
0
230
1
  0
VERTEX
  5
79
330
77
100
AcDbEntity
  8
0
 62
0
100
AcDbVertex
100
AcDb2dVertex
 10
1067
 20
-130
 70
0
  0
VERTEX
  5
7A
330
77
100
AcDbEntity
  8
0
 62
0
100
AcDbVertex
100
AcDb2dVertex
 10
1067
 20
-150
 70
0
  0
VERTEX
  5
7B
330
77
100
AcDbEntity
  8
0
 62
0
100
AcDbVertex
100
AcDb2dVertex
 10
1066.9998779296875
 20
-149.99998474121094
 70
0
  0
VERTEX
  5
7C
330
77
100
AcDbEntity
  8
0
 62
0
100
AcDbVertex
100
AcDb2dVertex
 10
1066.9998779296875
 20
-155.52284240722656
 70
0
  0
VERTEX
  5
7D
330
77
100
AcDbEntity
  8
0
 62
0
100
AcDbVertex
100
AcDb2dVertex
 10
1062.5228271484375
 20
-159.99998474121094
 70
0
  0
VERTEX
  5
7E
330
77
100
AcDbEntity
  8
0
 62
0
100
AcDbVertex
100
AcDb2dVertex
 10
1057
 20
-159.99998474121094
 70
0
  0
VERTEX
  5
7F
330
77
100
AcDbEntity
  8
0
 62
0
100
AcDbVertex
100
AcDb2dVertex
 10
1057
 20
-160
 70
0
  0
VERTEX
  5
80
330
77
100
AcDbEntity
  8
0
 62
0
100
AcDbVertex
100
AcDb2dVertex
 10
153
 20
-160
 70
0
  0
VERTEX
  5
81
330
77
100
AcDbEntity
  8
0
 62
0
100
AcDbVertex
100
AcDb2dVertex
 10
152.99998474121094
 20
-159.99998474121094
 70
0
  0
VERTEX
  5
82
330
77
100
AcDbEntity
  8
0
 62
0
100
AcDbVertex
100
AcDb2dVertex
 10
147.47714233398438
 20
-160
 70
0
  0
VERTEX
  5
83
330
77
100
AcDbEntity
  8
0
 62
0
100
AcDbVertex
100
AcDb2dVertex
 10
142.99998474121094
 20
-164.47715759277344
 70
0
  0
VERTEX
  5
84
330
77
100
AcDbEntity
  8
0
 62
0
100
AcDbVertex
100
AcDb2dVertex
 10
142.99998474121094
 20
-170
 70
0
  0
VERTEX
  5
85
330
77
100
AcDbEntity
  8
0
 62
0
100
AcDbVertex
100
AcDb2dVertex
 10
143
 20
-170
 70
0
  0
VERTEX
  5
86
330
77
100
AcDbEntity
  8
0
 62
0
100
AcDbVertex
100
AcDb2dVertex
 10
143
 20
-240
 70
0
  0
SEQEND
  5
78
100
AcDbEntity
  8
0
  0
POLYLINE
  5
87
330
1F
100
AcDbEntity
  8
0
 62
0
100
AcDb2dPolyline
 66
1
 70
0
 10
0
 20
0
 30
0
210
0
220
0
230
1
  0
VERTEX
  5
89
330
87
100
AcDbEntity
  8
0
 62
0
100
AcDbVertex
100
AcDb2dVertex
 10
1067
 20
-120
 70
0
  0
VERTEX
  5
8A
330
87
100
AcDbEntity
  8
0
 62
0
100
AcDbVertex
100
AcDb2dVertex
 10
1067
 20
-150
 70
0
  0
VERTEX
  5
8B
330
87
100
AcDbEntity
  8
0
 62
0
100
AcDbVertex
100
AcDb2dVertex
 10
1066.9998779296875
 20
-149.99998474121094
 70
0
  0
VERTEX
  5
8C
330
87
100
AcDbEntity
  8
0
 62
0
100
AcDbVertex
100
AcDb2dVertex
 10
1066.9998779296875
 20
-155.52284240722656
 70
0
  0
VERTEX
  5
8D
330
87
100
AcDbEntity
  8
0
 62
0
100
AcDbVertex
100
AcDb2dVertex
 10
1062.5228271484375
 20
-159.99998474121094
 70
0
  0
VERTEX
  5
8E
330
87
100
AcDbEntity
  8
0
 62
0
100
AcDbVertex
100
AcDb2dVertex
 10
1057
 20
-159.99998474121094
 70
0
  0
VERTEX
  5
8F
330
87
100
AcDbEntity
  8
0
 62
0
100
AcDbVertex
100
AcDb2dVertex
 10
1057
 20
-160
 70
0
  0
VERTEX
  5
90
330
87
100
AcDbEntity
  8
0
 62
0
100
AcDbVertex
100
AcDb2dVertex
 10
153
 20
-160
 70
0
  0
VERTEX
  5
91
330
87
100
AcDbEntity
  8
0
 62
0
100
AcDbVertex
100
AcDb2dVertex
 10
152.99998474121094
 20
-159.99998474121094
 70
0
  0
VERTEX
  5
92
330
87
100
AcDbEntity
  8
0
 62
0
100
AcDbVertex
100
AcDb2dVertex
 10
147.47714233398438
 20
-160
 70
0
  0
VERTEX
  5
93
330
87
100
AcDbEntity
  8
0
 62
0
100
AcDbVertex
100
AcDb2dVertex
 10
142.99998474121094
 20
-164.47715759277344
 70
0
  0
VERTEX
  5
94
330
87
100
AcDbEntity
  8
0
 62
0
100
AcDbVertex
100
AcDb2dVertex
 10
142.99998474121094
 20
-170
 70
0
  0
VERTEX
  5
95
330
87
100
AcDbEntity
  8
0
 62
0
100
AcDbVertex
100
AcDb2dVertex
 10
143
 20
-170
 70
0
  0
VERTEX
  5
96
330
87
100
AcDbEntity
  8
0
 62
0
100
AcDbVertex
100
AcDb2dVertex
 10
143
 20
-230
 70
0
  0
SEQEND
  5
88
100
AcDbEntity
  8
0
  0
POLYLINE
  5
97
330
1F
100
AcDbEntity
  8
0
 62
0
100
AcDb2dPolyline
 66
1
 70
0
 10
0
 20
0
 30
0
210
0
220
0
230
1
  0
VERTEX
  5
99
330
97
100
AcDbEntity
  8
0
 62
0
100
AcDbVertex
100
AcDb2dVertex
 10
1067
 20
-110
 70
0
  0
VERTEX
  5
9A
330
97
100
AcDbEntity
  8
0
 62
0
100
AcDbVertex
100
AcDb2dVertex
 10
1067
 20
-150
 70
0
  0
VERTEX
  5
9B
330
97
100
AcDbEntity
  8
0
 62
0
100
AcDbVertex
100
AcDb2dVertex
 10
1066.9998779296875
 20
-149.99998474121094
 70
0
  0
VERTEX
  5
9C
330
97
100
AcDbEntity
  8
0
 62
0
100
AcDbVertex
100
AcDb2dVertex
 10
1066.9998779296875
 20
-155.52284240722656
 70
0
  0
VERTEX
  5
9D
330
97
100
AcDbEntity
  8
0
 62
0
100
AcDbVertex
100
AcDb2dVertex
 10
1062.5228271484375
 20
-159.99998474121094
 70
0
  0
VERTEX
  5
9E
330
97
100
AcDbEntity
  8
0
 62
0
100
AcDbVertex
100
AcDb2dVertex
 10
1057
 20
-159.99998474121094
 70
0
  0
VERTEX
  5
9F
330
97
100
AcDbEntity
  8
0
 62
0
100
AcDbVertex
100
AcDb2dVertex
 10
1057
 20
-160
 70
0
  0
VERTEX
  5
A0
330
97
100
AcDbEntity
  8
0
 62
0
100
AcDbVertex
100
AcDb2dVertex
 10
153
 20
-160
 70
0
  0
VERTEX
  5
A1
330
97
100
AcDbEntity
  8
0
 62
0
100
AcDbVertex
100
AcDb2dVertex
 10
152.99998474121094
 20
-159.99998474121094
 70
0
  0
VERTEX
  5
A2
330
97
100
AcDbEntity
  8
0
 62
0
100
AcDbVertex
100
AcDb2dVertex
 10
147.47714233398438
 20
-160
 70
0
  0
VERTEX
  5
A3
330
97
100
AcDbEntity
  8
0
 62
0
100
AcDbVertex
100
AcDb2dVertex
 10
142.99998474121094
 20
-164.47715759277344
 70
0
  0
VERTEX
  5
A4
330
97
100
AcDbEntity
  8
0
 62
0
100
AcDbVertex
100
AcDb2dVertex
 10
142.99998474121094
 20
-170
 70
0
  0
VERTEX
  5
A5
330
97
100
AcDbEntity
  8
0
 62
0
100
AcDbVertex
100
AcDb2dVertex
 10
143
 20
-170
 70
0
  0
VERTEX
  5
A6
330
97
100
AcDbEntity
  8
0
 62
0
100
AcDbVertex
100
AcDb2dVertex
 10
143
 20
-220
 70
0
  0
SEQEND
  5
98
100
AcDbEntity
  8
0
  0
POLYLINE
  5
A7
330
1F
100
AcDbEntity
  8
0
 62
0
100
AcDb2dPolyline
 66
1
 70
0
 10
0
 20
0
 30
0
210
0
220
0
230
1
  0
VERTEX
  5
A9
330
A7
100
AcDbEntity
  8
0
 62
0
100
AcDbVertex
100
AcDb2dVertex
 10
1067
 20
-100
 70
0
  0
VERTEX
  5
AA
330
A7
100
AcDbEntity
  8
0
 62
0
100
AcDbVertex
100
AcDb2dVertex
 10
1067
 20
-150
 70
0
  0
VERTEX
  5
AB
330
A7
100
AcDbEntity
  8
0
 62
0
100
AcDbVertex
100
AcDb2dVertex
 10
1066.9998779296875
 20
-149.99998474121094
 70
0
  0
VERTEX
  5
AC
330
A7
100
AcDbEntity
  8
0
 62
0
100
AcDbVertex
100
AcDb2dVertex
 10
1066.9998779296875
 20
-155.52284240722656
 70
0
  0
VERTEX
  5
AD
330
A7
100
AcDbEntity
  8
0
 62
0
100
AcDbVertex
100
AcDb2dVertex
 10
1062.5228271484375
 20
-159.99998474121094
 70
0
  0
VERTEX
  5
AE
330
A7
100
AcDbEntity
  8
0
 62
0
100
AcDbVertex
100
AcDb2dVertex
 10
1057
 20
-159.99998474121094
 70
0
  0
VERTEX
  5
AF
330
A7
100
AcDbEntity
  8
0
 62
0
100
AcDbVertex
100
AcDb2dVertex
 10
1057
 20
-160
 70
0
  0
VERTEX
  5
B0
330
A7
100
AcDbEntity
  8
0
 62
0
100
AcDbVertex
100
AcDb2dVertex
 10
153
 20
-160
 70
0
  0
VERTEX
  5
B1
330
A7
100
AcDbEntity
  8
0
 62
0
100
AcDbVertex
100
AcDb2dVertex
 10
152.99998474121094
 20
-159.99998474121094
 70
0
  0
VERTEX
  5
B2
330
A7
100
AcDbEntity
  8
0
 62
0
100
AcDbVertex
100
AcDb2dVertex
 10
147.47714233398438
 20
-160
 70
0
  0
VERTEX
  5
B3
330
A7
100
AcDbEntity
  8
0
 62
0
100
AcDbVertex
100
AcDb2dVertex
 10
142.99998474121094
 20
-164.47715759277344
 70
0
  0
VERTEX
  5
B4
330
A7
100
AcDbEntity
  8
0
 62
0
100
AcDbVertex
100
AcDb2dVertex
 10
142.99998474121094
 20
-170
 70
0
  0
VERTEX
  5
B5
330
A7
100
AcDbEntity
  8
0
 62
0
100
AcDbVertex
100
AcDb2dVertex
 10
143
 20
-170
 70
0
  0
VERTEX
  5
B6
330
A7
100
AcDbEntity
  8
0
 62
0
100
AcDbVertex
100
AcDb2dVertex
 10
143
 20
-210
 70
0
  0
SEQEND
  5
A8
100
AcDbEntity
  8
0
  0
POLYLINE
  5
B7
330
1F
100
AcDbEntity
  8
0
 62
0
100
AcDb2dPolyline
 66
1
 70
0
 10
0
 20
0
 30
0
210
0
220
0
230
1
  0
VERTEX
  5
B9
330
B7
100
AcDbEntity
  8
0
 62
0
100
AcDbVertex
100
AcDb2dVertex
 10
1067
 20
-90
 70
0
  0
VERTEX
  5
BA
330
B7
100
AcDbEntity
  8
0
 62
0
100
AcDbVertex
100
AcDb2dVertex
 10
1067
 20
-150
 70
0
  0
VERTEX
  5
BB
330
B7
100
AcDbEntity
  8
0
 62
0
100
AcDbVertex
100
AcDb2dVertex
 10
1066.9998779296875
 20
-149.99998474121094
 70
0
  0
VERTEX
  5
BC
330
B7
100
AcDbEntity
  8
0
 62
0
100
AcDbVertex
100
AcDb2dVertex
 10
1066.9998779296875
 20
-155.52284240722656
 70
0
  0
VERTEX
  5
BD
330
B7
100
AcDbEntity
  8
0
 62
0
100
AcDbVertex
100
AcDb2dVertex
 10
1062.5228271484375
 20
-159.99998474121094
 70
0
  0
VERTEX
  5
BE
330
B7
100
AcDbEntity
  8
0
 62
0
100
AcDbVertex
100
AcDb2dVertex
 10
1057
 20
-159.99998474121094
 70
0
  0
VERTEX
  5
BF
330
B7
100
AcDbEntity
  8
0
 62
0
100
AcDbVertex
100
AcDb2dVertex
 10
1057
 20
-160
 70
0
  0
VERTEX
  5
C0
330
B7
100
AcDbEntity
  8
0
 62
0
100
AcDbVertex
100
AcDb2dVertex
 10
153
 20
-160
 70
0
  0
VERTEX
  5
C1
330
B7
100
AcDbEntity
  8
0
 62
0
100
AcDbVertex
100
AcDb2dVertex
 10
152.99998474121094
 20
-159.99998474121094
 70
0
  0
VERTEX
  5
C2
330
B7
100
AcDbEntity
  8
0
 62
0
100
AcDbVertex
100
AcDb2dVertex
 10
147.47714233398438
 20
-160
 70
0
  0
VERTEX
  5
C3
330
B7
100
AcDbEntity
  8
0
 62
0
100
AcDbVertex
100
AcDb2dVertex
 10
142.99998474121094
 20
-164.47715759277344
 70
0
  0
VERTEX
  5
C4
330
B7
100
AcDbEntity
  8
0
 62
0
100
AcDbVertex
100
AcDb2dVertex
 10
142.99998474121094
 20
-170
 70
0
  0
VERTEX
  5
C5
330
B7
100
AcDbEntity
  8
0
 62
0
100
AcDbVertex
100
AcDb2dVertex
 10
143
 20
-170
 70
0
  0
VERTEX
  5
C6
330
B7
100
AcDbEntity
  8
0
 62
0
100
AcDbVertex
100
AcDb2dVertex
 10
143
 20
-200
 70
0
  0
SEQEND
  5
B8
100
AcDbEntity
  8
0
  0
POLYLINE
  5
C7
330
1F
100
AcDbEntity
  8
0
 62
0
100
AcDb2dPolyline
 66
1
 70
0
 10
0
 20
0
 30
0
210
0
220
0
230
1
  0
VERTEX
  5
C9
330
C7
100
AcDbEntity
  8
0
 62
0
100
AcDbVertex
100
AcDb2dVertex
 10
329
 20
-210
 70
0
  0
VERTEX
  5
CA
330
C7
100
AcDbEntity
  8
0
 62
0
100
AcDbVertex
100
AcDb2dVertex
 10
329
 20
-250
 70
0
  0
VERTEX
  5
CB
330
C7
100
AcDbEntity
  8
0
 62
0
100
AcDbVertex
100
AcDb2dVertex
 10
328.99996948242188
 20
-249.99998474121094
 70
0
  0
VERTEX
  5
CC
330
C7
100
AcDbEntity
  8
0
 62
0
100
AcDbVertex
100
AcDb2dVertex
 10
328.99996948242188
 20
-255.52284240722656
 70
0
  0
VERTEX
  5
CD
330
C7
100
AcDbEntity
  8
0
 62
0
100
AcDbVertex
100
AcDb2dVertex
 10
324.5228271484375
 20
-259.99996948242188
 70
0
  0
VERTEX
  5
CE
330
C7
100
AcDbEntity
  8
0
 62
0
100
AcDbVertex
100
AcDb2dVertex
 10
319
 20
-259.99996948242188
 70
0
  0
VERTEX
  5
CF
330
C7
100
AcDbEntity
  8
0
 62
0
100
AcDbVertex
100
AcDb2dVertex
 10
319
 20
-260
 70
0
  0
VERTEX
  5
D0
330
C7
100
AcDbEntity
  8
0
 62
0
100
AcDbVertex
100
AcDb2dVertex
 10
303
 20
-260
 70
0
  0
VERTEX
  5
D1
330
C7
100
AcDbEntity
  8
0
 62
0
100
AcDbVertex
100
AcDb2dVertex
 10
302.99996948242188
 20
-259.99996948242188
 70
0
  0
VERTEX
  5
D2
330
C7
100
AcDbEntity
  8
0
 62
0
100
AcDbVertex
100
AcDb2dVertex
 10
297.47714233398438
 20
-260
 70
0
  0
VERTEX
  5
D3
330
C7
100
AcDbEntity
  8
0
 62
0
100
AcDbVertex
100
AcDb2dVertex
 10
292.99996948242188
 20
-264.47714233398438
 70
0
  0
VERTEX
  5
D4
330
C7
100
AcDbEntity
  8
0
 62
0
100
AcDbVertex
100
AcDb2dVertex
 10
292.99996948242188
 20
-270
 70
0
  0
VERTEX
  5
D5
330
C7
100
AcDbEntity
  8
0
 62
0
100
AcDbVertex
100
AcDb2dVertex
 10
293
 20
-270
 70
0
  0
VERTEX
  5
D6
330
C7
100
AcDbEntity
  8
0
 62
0
100
AcDbVertex
100
AcDb2dVertex
 10
293
 20
-390
 70
0
  0
SEQEND
  5
C8
100
AcDbEntity
  8
0
  0
POLYLINE
  5
D7
330
1F
100
AcDbEntity
  8
0
 62
0
100
AcDb2dPolyline
 66
1
 70
0
 10
0
 20
0
 30
0
210
0
220
0
230
1
  0
VERTEX
  5
D9
330
D7
100
AcDbEntity
  8
0
 62
0
100
AcDbVertex
100
AcDb2dVertex
 10
329
 20
-200
 70
0
  0
VERTEX
  5
DA
330
D7
100
AcDbEntity
  8
0
 62
0
100
AcDbVertex
100
AcDb2dVertex
 10
329
 20
-250
 70
0
  0
VERTEX
  5
DB
330
D7
100
AcDbEntity
  8
0
 62
0
100
AcDbVertex
100
AcDb2dVertex
 10
328.99996948242188
 20
-249.99998474121094
 70
0
  0
VERTEX
  5
DC
330
D7
100
AcDbEntity
  8
0
 62
0
100
AcDbVertex
100
AcDb2dVertex
 10
328.99996948242188
 20
-255.52284240722656
 70
0
  0
VERTEX
  5
DD
330
D7
100
AcDbEntity
  8
0
 62
0
100
AcDbVertex
100
AcDb2dVertex
 10
324.5228271484375
 20
-259.99996948242188
 70
0
  0
VERTEX
  5
DE
330
D7
100
AcDbEntity
  8
0
 62
0
100
AcDbVertex
100
AcDb2dVertex
 10
319
 20
-259.99996948242188
 70
0
  0
VERTEX
  5
DF
330
D7
100
AcDbEntity
  8
0
 62
0
100
AcDbVertex
100
AcDb2dVertex
 10
319
 20
-260
 70
0
  0
VERTEX
  5
E0
330
D7
100
AcDbEntity
  8
0
 62
0
100
AcDbVertex
100
AcDb2dVertex
 10
303
 20
-260
 70
0
  0
VERTEX
  5
E1
330
D7
100
AcDbEntity
  8
0
 62
0
100
AcDbVertex
100
AcDb2dVertex
 10
302.99996948242188
 20
-259.99996948242188
 70
0
  0
VERTEX
  5
E2
330
D7
100
AcDbEntity
  8
0
 62
0
100
AcDbVertex
100
AcDb2dVertex
 10
297.47714233398438
 20
-260
 70
0
  0
VERTEX
  5
E3
330
D7
100
AcDbEntity
  8
0
 62
0
100
AcDbVertex
100
AcDb2dVertex
 10
292.99996948242188
 20
-264.47714233398438
 70
0
  0
VERTEX
  5
E4
330
D7
100
AcDbEntity
  8
0
 62
0
100
AcDbVertex
100
AcDb2dVertex
 10
292.99996948242188
 20
-270
 70
0
  0
VERTEX
  5
E5
330
D7
100
AcDbEntity
  8
0
 62
0
100
AcDbVertex
100
AcDb2dVertex
 10
293
 20
-270
 70
0
  0
VERTEX
  5
E6
330
D7
100
AcDbEntity
  8
0
 62
0
100
AcDbVertex
100
AcDb2dVertex
 10
293
 20
-380
 70
0
  0
SEQEND
  5
D8
100
AcDbEntity
  8
0
  0
POLYLINE
  5
E7
330
1F
100
AcDbEntity
  8
0
 62
0
100
AcDb2dPolyline
 66
1
 70
0
 10
0
 20
0
 30
0
210
0
220
0
230
1
  0
VERTEX
  5
E9
330
E7
100
AcDbEntity
  8
0
 62
0
100
AcDbVertex
100
AcDb2dVertex
 10
1310.29541015625
 20
-480
 70
0
  0
VERTEX
  5
EA
330
E7
100
AcDbEntity
  8
0
 62
0
100
AcDbVertex
100
AcDb2dVertex
 10
1310.29541015625
 20
-430
 70
0
  0
VERTEX
  5
EB
330
E7
100
AcDbEntity
  8
0
 62
0
100
AcDbVertex
100
AcDb2dVertex
 10
1310.2952880859375
 20
-429.99996948242188
 70
0
  0
VERTEX
  5
EC
330
E7
100
AcDbEntity
  8
0
 62
0
100
AcDbVertex
100
AcDb2dVertex
 10
1310.2952880859375
 20
-424.47714233398438
 70
0
  0
VERTEX
  5
ED
330
E7
100
AcDbEntity
  8
0
 62
0
100
AcDbVertex
100
AcDb2dVertex
 10
1305.8182373046875
 20
-419.99996948242188
 70
0
  0
VERTEX
  5
EE
330
E7
100
AcDbEntity
  8
0
 62
0
100
AcDbVertex
100
AcDb2dVertex
 10
1300.2952880859375
 20
-419.99996948242188
 70
0
  0
VERTEX
  5
EF
330
E7
100
AcDbEntity
  8
0
 62
0
100
AcDbVertex
100
AcDb2dVertex
 10
1300.2952880859375
 20
-419.99996948242188
 70
0
  0
VERTEX
  5
F0
330
E7
100
AcDbEntity
  8
0
 62
0
100
AcDbVertex
100
AcDb2dVertex
 10
1300.2952880859375
 20
-420
 70
0
  0
VERTEX
  5
F1
330
E7
100
AcDbEntity
  8
0
 62
0
100
AcDbVertex
100
AcDb2dVertex
 10
1300.2952880859375
 20
-420
 70
0
  0
VERTEX
  5
F2
330
E7
100
AcDbEntity
  8
0
 62
0
100
AcDbVertex
100
AcDb2dVertex
 10
1300.29541015625
 20
-420
 70
0
  0
VERTEX
  5
F3
330
E7
100
AcDbEntity
  8
0
 62
0
100
AcDbVertex
100
AcDb2dVertex
 10
303
 20
-420
 70
0
  0
VERTEX
  5
F4
330
E7
100
AcDbEntity
  8
0
 62
0
100
AcDbVertex
100
AcDb2dVertex
 10
303
 20
-419.99996948242188
 70
0
  0
VERTEX
  5
F5
330
E7
100
AcDbEntity
  8
0
 62
0
100
AcDbVertex
100
AcDb2dVertex
 10
297.47714233398438
 20
-420
 70
0
  0
VERTEX
  5
F6
330
E7
100
AcDbEntity
  8
0
 62
0
100
AcDbVertex
100
AcDb2dVertex
 10
293
 20
-415.5228271484375
 70
0
  0
VERTEX
  5
F7
330
E7
100
AcDbEntity
  8
0
 62
0
100
AcDbVertex
100
AcDb2dVertex
 10
293
 20
-410
 70
0
  0
VERTEX
  5
F8
330
E7
100
AcDbEntity
  8
0
 62
0
100
AcDbVertex
100
AcDb2dVertex
 10
293
 20
-370
 70
0
  0
SEQEND
  5
E8
100
AcDbEntity
  8
0
  0
POLYLINE
  5
F9
330
1F
100
AcDbEntity
  8
0
 62
0
100
AcDb2dPolyline
 66
1
 70
0
 10
0
 20
0
 30
0
210
0
220
0
230
1
  0
VERTEX
  5
FB
330
F9
100
AcDbEntity
  8
0
 62
0
100
AcDbVertex
100
AcDb2dVertex
 10
1310.29541015625
 20
-470
 70
0
  0
VERTEX
  5
FC
330
F9
100
AcDbEntity
  8
0
 62
0
100
AcDbVertex
100
AcDb2dVertex
 10
1310.29541015625
 20
-430
 70
0
  0
VERTEX
  5
FD
330
F9
100
AcDbEntity
  8
0
 62
0
100
AcDbVertex
100
AcDb2dVertex
 10
1310.2952880859375
 20
-429.99996948242188
 70
0
  0
VERTEX
  5
FE
330
F9
100
AcDbEntity
  8
0
 62
0
100
AcDbVertex
100
AcDb2dVertex
 10
1310.2952880859375
 20
-424.47714233398438
 70
0
  0
VERTEX
  5
FF
330
F9
100
AcDbEntity
  8
0
 62
0
100
AcDbVertex
100
AcDb2dVertex
 10
1305.8182373046875
 20
-419.99996948242188
 70
0
  0
VERTEX
  5
100
330
F9
100
AcDbEntity
  8
0
 62
0
100
AcDbVertex
100
AcDb2dVertex
 10
1300.2952880859375
 20
-419.99996948242188
 70
0
  0
VERTEX
  5
101
330
F9
100
AcDbEntity
  8
0
 62
0
100
AcDbVertex
100
AcDb2dVertex
 10
1300.2952880859375
 20
-419.99996948242188
 70
0
  0
VERTEX
  5
102
330
F9
100
AcDbEntity
  8
0
 62
0
100
AcDbVertex
100
AcDb2dVertex
 10
1300.2952880859375
 20
-420
 70
0
  0
VERTEX
  5
103
330
F9
100
AcDbEntity
  8
0
 62
0
100
AcDbVertex
100
AcDb2dVertex
 10
1300.2952880859375
 20
-420
 70
0
  0
VERTEX
  5
104
330
F9
100
AcDbEntity
  8
0
 62
0
100
AcDbVertex
100
AcDb2dVertex
 10
1300.29541015625
 20
-420
 70
0
  0
VERTEX
  5
105
330
F9
100
AcDbEntity
  8
0
 62
0
100
AcDbVertex
100
AcDb2dVertex
 10
303
 20
-420
 70
0
  0
VERTEX
  5
106
330
F9
100
AcDbEntity
  8
0
 62
0
100
AcDbVertex
100
AcDb2dVertex
 10
303
 20
-419.99996948242188
 70
0
  0
VERTEX
  5
107
330
F9
100
AcDbEntity
  8
0
 62
0
100
AcDbVertex
100
AcDb2dVertex
 10
297.47714233398438
 20
-420
 70
0
  0
VERTEX
  5
108
330
F9
100
AcDbEntity
  8
0
 62
0
100
AcDbVertex
100
AcDb2dVertex
 10
293
 20
-415.5228271484375
 70
0
  0
VERTEX
  5
109
330
F9
100
AcDbEntity
  8
0
 62
0
100
AcDbVertex
100
AcDb2dVertex
 10
293
 20
-410
 70
0
  0
VERTEX
  5
10A
330
F9
100
AcDbEntity
  8
0
 62
0
100
AcDbVertex
100
AcDb2dVertex
 10
293
 20
-360
 70
0
  0
SEQEND
  5
FA
100
AcDbEntity
  8
0
  0
POLYLINE
  5
10B
330
1F
100
AcDbEntity
  8
0
 62
0
100
AcDb2dPolyline
 66
1
 70
0
 10
0
 20
0
 30
0
210
0
220
0
230
1
  0
VERTEX
  5
10D
330
10B
100
AcDbEntity
  8
0
 62
0
100
AcDbVertex
100
AcDb2dVertex
 10
1310.29541015625
 20
-460
 70
0
  0
VERTEX
  5
10E
330
10B
100
AcDbEntity
  8
0
 62
0
100
AcDbVertex
100
AcDb2dVertex
 10
1310.29541015625
 20
-430
 70
0
  0
VERTEX
  5
10F
330
10B
100
AcDbEntity
  8
0
 62
0
100
AcDbVertex
100
AcDb2dVertex
 10
1310.2952880859375
 20
-429.99996948242188
 70
0
  0
VERTEX
  5
110
330
10B
100
AcDbEntity
  8
0
 62
0
100
AcDbVertex
100
AcDb2dVertex
 10
1310.2952880859375
 20
-424.47714233398438
 70
0
  0
VERTEX
  5
111
330
10B
100
AcDbEntity
  8
0
 62
0
100
AcDbVertex
100
AcDb2dVertex
 10
1305.8182373046875
 20
-419.99996948242188
 70
0
  0
VERTEX
  5
112
330
10B
100
AcDbEntity
  8
0
 62
0
100
AcDbVertex
100
AcDb2dVertex
 10
1300.2952880859375
 20
-419.99996948242188
 70
0
  0
VERTEX
  5
113
330
10B
100
AcDbEntity
  8
0
 62
0
100
AcDbVertex
100
AcDb2dVertex
 10
1300.2952880859375
 20
-419.99996948242188
 70
0
  0
VERTEX
  5
114
330
10B
100
AcDbEntity
  8
0
 62
0
100
AcDbVertex
100
AcDb2dVertex
 10
1300.2952880859375
 20
-420
 70
0
  0
VERTEX
  5
115
330
10B
100
AcDbEntity
  8
0
 62
0
100
AcDbVertex
100
AcDb2dVertex
 10
1300.2952880859375
 20
-420
 70
0
  0
VERTEX
  5
116
330
10B
100
AcDbEntity
  8
0
 62
0
100
AcDbVertex
100
AcDb2dVertex
 10
1300.29541015625
 20
-420
 70
0
  0
VERTEX
  5
117
330
10B
100
AcDbEntity
  8
0
 62
0
100
AcDbVertex
100
AcDb2dVertex
 10
303
 20
-420
 70
0
  0
VERTEX
  5
118
330
10B
100
AcDbEntity
  8
0
 62
0
100
AcDbVertex
100
AcDb2dVertex
 10
303
 20
-419.99996948242188
 70
0
  0
VERTEX
  5
119
330
10B
100
AcDbEntity
  8
0
 62
0
100
AcDbVertex
100
AcDb2dVertex
 10
297.47714233398438
 20
-420
 70
0
  0
VERTEX
  5
11A
330
10B
100
AcDbEntity
  8
0
 62
0
100
AcDbVertex
100
AcDb2dVertex
 10
293
 20
-415.5228271484375
 70
0
  0
VERTEX
  5
11B
330
10B
100
AcDbEntity
  8
0
 62
0
100
AcDbVertex
100
AcDb2dVertex
 10
293
 20
-410
 70
0
  0
VERTEX
  5
11C
330
10B
100
AcDbEntity
  8
0
 62
0
100
AcDbVertex
100
AcDb2dVertex
 10
293
 20
-350
 70
0
  0
SEQEND
  5
10C
100
AcDbEntity
  8
0
  0
POLYLINE
  5
11D
330
1F
100
AcDbEntity
  8
0
 62
0
100
AcDb2dPolyline
 66
1
 70
0
 10
0
 20
0
 30
0
210
0
220
0
230
1
  0
VERTEX
  5
11F
330
11D
100
AcDbEntity
  8
0
 62
0
100
AcDbVertex
100
AcDb2dVertex
 10
1310.29541015625
 20
-450
 70
0
  0
VERTEX
  5
120
330
11D
100
AcDbEntity
  8
0
 62
0
100
AcDbVertex
100
AcDb2dVertex
 10
1310.29541015625
 20
-430
 70
0
  0
VERTEX
  5
121
330
11D
100
AcDbEntity
  8
0
 62
0
100
AcDbVertex
100
AcDb2dVertex
 10
1310.2952880859375
 20
-429.99996948242188
 70
0
  0
VERTEX
  5
122
330
11D
100
AcDbEntity
  8
0
 62
0
100
AcDbVertex
100
AcDb2dVertex
 10
1310.2952880859375
 20
-424.47714233398438
 70
0
  0
VERTEX
  5
123
330
11D
100
AcDbEntity
  8
0
 62
0
100
AcDbVertex
100
AcDb2dVertex
 10
1305.8182373046875
 20
-419.99996948242188
 70
0
  0
VERTEX
  5
124
330
11D
100
AcDbEntity
  8
0
 62
0
100
AcDbVertex
100
AcDb2dVertex
 10
1300.2952880859375
 20
-419.99996948242188
 70
0
  0
VERTEX
  5
125
330
11D
100
AcDbEntity
  8
0
 62
0
100
AcDbVertex
100
AcDb2dVertex
 10
1300.2952880859375
 20
-419.99996948242188
 70
0
  0
VERTEX
  5
126
330
11D
100
AcDbEntity
  8
0
 62
0
100
AcDbVertex
100
AcDb2dVertex
 10
1300.2952880859375
 20
-420
 70
0
  0
VERTEX
  5
127
330
11D
100
AcDbEntity
  8
0
 62
0
100
AcDbVertex
100
AcDb2dVertex
 10
1300.2952880859375
 20
-420
 70
0
  0
VERTEX
  5
128
330
11D
100
AcDbEntity
  8
0
 62
0
100
AcDbVertex
100
AcDb2dVertex
 10
1300.29541015625
 20
-420
 70
0
  0
VERTEX
  5
129
330
11D
100
AcDbEntity
  8
0
 62
0
100
AcDbVertex
100
AcDb2dVertex
 10
303
 20
-420
 70
0
  0
VERTEX
  5
12A
330
11D
100
AcDbEntity
  8
0
 62
0
100
AcDbVertex
100
AcDb2dVertex
 10
303
 20
-419.99996948242188
 70
0
  0
VERTEX
  5
12B
330
11D
100
AcDbEntity
  8
0
 62
0
100
AcDbVertex
100
AcDb2dVertex
 10
297.47714233398438
 20
-420
 70
0
  0
VERTEX
  5
12C
330
11D
100
AcDbEntity
  8
0
 62
0
100
AcDbVertex
100
AcDb2dVertex
 10
293
 20
-415.5228271484375
 70
0
  0
VERTEX
  5
12D
330
11D
100
AcDbEntity
  8
0
 62
0
100
AcDbVertex
100
AcDb2dVertex
 10
293
 20
-410
 70
0
  0
VERTEX
  5
12E
330
11D
100
AcDbEntity
  8
0
 62
0
100
AcDbVertex
100
AcDb2dVertex
 10
293
 20
-340
 70
0
  0
SEQEND
  5
11E
100
AcDbEntity
  8
0
  0
POLYLINE
  5
12F
330
1F
100
AcDbEntity
  8
0
 62
0
100
AcDb2dPolyline
 66
1
 70
0
 10
0
 20
0
 30
0
210
0
220
0
230
1
  0
VERTEX
  5
131
330
12F
100
AcDbEntity
  8
0
 62
0
100
AcDbVertex
100
AcDb2dVertex
 10
1067
 20
-130
 70
0
  0
VERTEX
  5
132
330
12F
100
AcDbEntity
  8
0
 62
0
100
AcDbVertex
100
AcDb2dVertex
 10
1067
 20
-210
 70
0
  0
VERTEX
  5
133
330
12F
100
AcDbEntity
  8
0
 62
0
100
AcDbVertex
100
AcDb2dVertex
 10
1066.9998779296875
 20
-209.99998474121094
 70
0
  0
VERTEX
  5
134
330
12F
100
AcDbEntity
  8
0
 62
0
100
AcDbVertex
100
AcDb2dVertex
 10
1066.9998779296875
 20
-215.52284240722656
 70
0
  0
VERTEX
  5
135
330
12F
100
AcDbEntity
  8
0
 62
0
100
AcDbVertex
100
AcDb2dVertex
 10
1062.5228271484375
 20
-219.99998474121094
 70
0
  0
VERTEX
  5
136
330
12F
100
AcDbEntity
  8
0
 62
0
100
AcDbVertex
100
AcDb2dVertex
 10
1057
 20
-219.99998474121094
 70
0
  0
VERTEX
  5
137
330
12F
100
AcDbEntity
  8
0
 62
0
100
AcDbVertex
100
AcDb2dVertex
 10
1057
 20
-220
 70
0
  0
VERTEX
  5
138
330
12F
100
AcDbEntity
  8
0
 62
0
100
AcDbVertex
100
AcDb2dVertex
 10
303
 20
-220
 70
0
  0
VERTEX
  5
139
330
12F
100
AcDbEntity
  8
0
 62
0
100
AcDbVertex
100
AcDb2dVertex
 10
302.99996948242188
 20
-219.99998474121094
 70
0
  0
VERTEX
  5
13A
330
12F
100
AcDbEntity
  8
0
 62
0
100
AcDbVertex
100
AcDb2dVertex
 10
297.47714233398438
 20
-220
 70
0
  0
VERTEX
  5
13B
330
12F
100
AcDbEntity
  8
0
 62
0
100
AcDbVertex
100
AcDb2dVertex
 10
292.99996948242188
 20
-224.47715759277344
 70
0
  0
VERTEX
  5
13C
330
12F
100
AcDbEntity
  8
0
 62
0
100
AcDbVertex
100
AcDb2dVertex
 10
292.99996948242188
 20
-230
 70
0
  0
VERTEX
  5
13D
330
12F
100
AcDbEntity
  8
0
 62
0
100
AcDbVertex
100
AcDb2dVertex
 10
293
 20
-230
 70
0
  0
VERTEX
  5
13E
330
12F
100
AcDbEntity
  8
0
 62
0
100
AcDbVertex
100
AcDb2dVertex
 10
293
 20
-330
 70
0
  0
SEQEND
  5
130
100
AcDbEntity
  8
0
  0
POLYLINE
  5
13F
330
1F
100
AcDbEntity
  8
0
 62
0
100
AcDb2dPolyline
 66
1
 70
0
 10
0
 20
0
 30
0
210
0
220
0
230
1
  0
VERTEX
  5
141
330
13F
100
AcDbEntity
  8
0
 62
0
100
AcDbVertex
100
AcDb2dVertex
 10
1067
 20
-110
 70
0
  0
VERTEX
  5
142
330
13F
100
AcDbEntity
  8
0
 62
0
100
AcDbVertex
100
AcDb2dVertex
 10
1067
 20
-210
 70
0
  0
VERTEX
  5
143
330
13F
100
AcDbEntity
  8
0
 62
0
100
AcDbVertex
100
AcDb2dVertex
 10
1066.9998779296875
 20
-209.99998474121094
 70
0
  0
VERTEX
  5
144
330
13F
100
AcDbEntity
  8
0
 62
0
100
AcDbVertex
100
AcDb2dVertex
 10
1066.9998779296875
 20
-215.52284240722656
 70
0
  0
VERTEX
  5
145
330
13F
100
AcDbEntity
  8
0
 62
0
100
AcDbVertex
100
AcDb2dVertex
 10
1062.5228271484375
 20
-219.99998474121094
 70
0
  0
VERTEX
  5
146
330
13F
100
AcDbEntity
  8
0
 62
0
100
AcDbVertex
100
AcDb2dVertex
 10
1057
 20
-219.99998474121094
 70
0
  0
VERTEX
  5
147
330
13F
100
AcDbEntity
  8
0
 62
0
100
AcDbVertex
100
AcDb2dVertex
 10
1057
 20
-220
 70
0
  0
VERTEX
  5
148
330
13F
100
AcDbEntity
  8
0
 62
0
100
AcDbVertex
100
AcDb2dVertex
 10
303
 20
-220
 70
0
  0
VERTEX
  5
149
330
13F
100
AcDbEntity
  8
0
 62
0
100
AcDbVertex
100
AcDb2dVertex
 10
302.99996948242188
 20
-219.99998474121094
 70
0
  0
VERTEX
  5
14A
330
13F
100
AcDbEntity
  8
0
 62
0
100
AcDbVertex
100
AcDb2dVertex
 10
297.47714233398438
 20
-220
 70
0
  0
VERTEX
  5
14B
330
13F
100
AcDbEntity
  8
0
 62
0
100
AcDbVertex
100
AcDb2dVertex
 10
292.99996948242188
 20
-224.47715759277344
 70
0
  0
VERTEX
  5
14C
330
13F
100
AcDbEntity
  8
0
 62
0
100
AcDbVertex
100
AcDb2dVertex
 10
292.99996948242188
 20
-230
 70
0
  0
VERTEX
  5
14D
330
13F
100
AcDbEntity
  8
0
 62
0
100
AcDbVertex
100
AcDb2dVertex
 10
293
 20
-230
 70
0
  0
VERTEX
  5
14E
330
13F
100
AcDbEntity
  8
0
 62
0
100
AcDbVertex
100
AcDb2dVertex
 10
293
 20
-320
 70
0
  0
SEQEND
  5
140
100
AcDbEntity
  8
0
  0
POLYLINE
  5
14F
330
1F
100
AcDbEntity
  8
0
 62
0
100
AcDb2dPolyline
 66
1
 70
0
 10
0
 20
0
 30
0
210
0
220
0
230
1
  0
VERTEX
  5
151
330
14F
100
AcDbEntity
  8
0
 62
0
100
AcDbVertex
100
AcDb2dVertex
 10
1067
 20
-100
 70
0
  0
VERTEX
  5
152
330
14F
100
AcDbEntity
  8
0
 62
0
100
AcDbVertex
100
AcDb2dVertex
 10
1067
 20
-210
 70
0
  0
VERTEX
  5
153
330
14F
100
AcDbEntity
  8
0
 62
0
100
AcDbVertex
100
AcDb2dVertex
 10
1066.9998779296875
 20
-209.99998474121094
 70
0
  0
VERTEX
  5
154
330
14F
100
AcDbEntity
  8
0
 62
0
100
AcDbVertex
100
AcDb2dVertex
 10
1066.9998779296875
 20
-215.52284240722656
 70
0
  0
VERTEX
  5
155
330
14F
100
AcDbEntity
  8
0
 62
0
100
AcDbVertex
100
AcDb2dVertex
 10
1062.5228271484375
 20
-219.99998474121094
 70
0
  0
VERTEX
  5
156
330
14F
100
AcDbEntity
  8
0
 62
0
100
AcDbVertex
100
AcDb2dVertex
 10
1057
 20
-219.99998474121094
 70
0
  0
VERTEX
  5
157
330
14F
100
AcDbEntity
  8
0
 62
0
100
AcDbVertex
100
AcDb2dVertex
 10
1057
 20
-220
 70
0
  0
VERTEX
  5
158
330
14F
100
AcDbEntity
  8
0
 62
0
100
AcDbVertex
100
AcDb2dVertex
 10
303
 20
-220
 70
0
  0
VERTEX
  5
159
330
14F
100
AcDbEntity
  8
0
 62
0
100
AcDbVertex
100
AcDb2dVertex
 10
302.99996948242188
 20
-219.99998474121094
 70
0
  0
VERTEX
  5
15A
330
14F
100
AcDbEntity
  8
0
 62
0
100
AcDbVertex
100
AcDb2dVertex
 10
297.47714233398438
 20
-220
 70
0
  0
VERTEX
  5
15B
330
14F
100
AcDbEntity
  8
0
 62
0
100
AcDbVertex
100
AcDb2dVertex
 10
292.99996948242188
 20
-224.47715759277344
 70
0
  0
VERTEX
  5
15C
330
14F
100
AcDbEntity
  8
0
 62
0
100
AcDbVertex
100
AcDb2dVertex
 10
292.99996948242188
 20
-230
 70
0
  0
VERTEX
  5
15D
330
14F
100
AcDbEntity
  8
0
 62
0
100
AcDbVertex
100
AcDb2dVertex
 10
293
 20
-230
 70
0
  0
VERTEX
  5
15E
330
14F
100
AcDbEntity
  8
0
 62
0
100
AcDbVertex
100
AcDb2dVertex
 10
293
 20
-310
 70
0
  0
SEQEND
  5
150
100
AcDbEntity
  8
0
  0
POLYLINE
  5
15F
330
1F
100
AcDbEntity
  8
0
 62
0
100
AcDb2dPolyline
 66
1
 70
0
 10
0
 20
0
 30
0
210
0
220
0
230
1
  0
VERTEX
  5
161
330
15F
100
AcDbEntity
  8
0
 62
0
100
AcDbVertex
100
AcDb2dVertex
 10
1067
 20
-90
 70
0
  0
VERTEX
  5
162
330
15F
100
AcDbEntity
  8
0
 62
0
100
AcDbVertex
100
AcDb2dVertex
 10
1067
 20
-210
 70
0
  0
VERTEX
  5
163
330
15F
100
AcDbEntity
  8
0
 62
0
100
AcDbVertex
100
AcDb2dVertex
 10
1066.9998779296875
 20
-209.99998474121094
 70
0
  0
VERTEX
  5
164
330
15F
100
AcDbEntity
  8
0
 62
0
100
AcDbVertex
100
AcDb2dVertex
 10
1066.9998779296875
 20
-215.52284240722656
 70
0
  0
VERTEX
  5
165
330
15F
100
AcDbEntity
  8
0
 62
0
100
AcDbVertex
100
AcDb2dVertex
 10
1062.5228271484375
 20
-219.99998474121094
 70
0
  0
VERTEX
  5
166
330
15F
100
AcDbEntity
  8
0
 62
0
100
AcDbVertex
100
AcDb2dVertex
 10
1057
 20
-219.99998474121094
 70
0
  0
VERTEX
  5
167
330
15F
100
AcDbEntity
  8
0
 62
0
100
AcDbVertex
100
AcDb2dVertex
 10
1057
 20
-220
 70
0
  0
VERTEX
  5
168
330
15F
100
AcDbEntity
  8
0
 62
0
100
AcDbVertex
100
AcDb2dVertex
 10
303
 20
-220
 70
0
  0
VERTEX
  5
169
330
15F
100
AcDbEntity
  8
0
 62
0
100
AcDbVertex
100
AcDb2dVertex
 10
302.99996948242188
 20
-219.99998474121094
 70
0
  0
VERTEX
  5
16A
330
15F
100
AcDbEntity
  8
0
 62
0
100
AcDbVertex
100
AcDb2dVertex
 10
297.47714233398438
 20
-220
 70
0
  0
VERTEX
  5
16B
330
15F
100
AcDbEntity
  8
0
 62
0
100
AcDbVertex
100
AcDb2dVertex
 10
292.99996948242188
 20
-224.47715759277344
 70
0
  0
VERTEX
  5
16C
330
15F
100
AcDbEntity
  8
0
 62
0
100
AcDbVertex
100
AcDb2dVertex
 10
292.99996948242188
 20
-230
 70
0
  0
VERTEX
  5
16D
330
15F
100
AcDbEntity
  8
0
 62
0
100
AcDbVertex
100
AcDb2dVertex
 10
293
 20
-230
 70
0
  0
VERTEX
  5
16E
330
15F
100
AcDbEntity
  8
0
 62
0
100
AcDbVertex
100
AcDb2dVertex
 10
293
 20
-300
 70
0
  0
SEQEND
  5
160
100
AcDbEntity
  8
0
  0
POLYLINE
  5
16F
330
1F
100
AcDbEntity
  8
0
 62
0
100
AcDb2dPolyline
 66
1
 70
0
 10
0
 20
0
 30
0
210
0
220
0
230
1
  0
VERTEX
  5
171
330
16F
100
AcDbEntity
  8
0
 62
0
100
AcDbVertex
100
AcDb2dVertex
 10
1067
 20
-130
 70
0
  0
VERTEX
  5
172
330
16F
100
AcDbEntity
  8
0
 62
0
100
AcDbVertex
100
AcDb2dVertex
 10
1067
 20
-153
 70
0
  0
VERTEX
  5
173
330
16F
100
AcDbEntity
  8
0
 62
0
100
AcDbVertex
100
AcDb2dVertex
 10
1066.9998779296875
 20
-152.99998474121094
 70
0
  0
VERTEX
  5
174
330
16F
100
AcDbEntity
  8
0
 62
0
100
AcDbVertex
100
AcDb2dVertex
 10
1066.9998779296875
 20
-156.86598205566406
 70
0
  0
VERTEX
  5
175
330
16F
100
AcDbEntity
  8
0
 62
0
100
AcDbVertex
100
AcDb2dVertex
 10
1063.865966796875
 20
-159.99998474121094
 70
0
  0
VERTEX
  5
176
330
16F
100
AcDbEntity
  8
0
 62
0
100
AcDbVertex
100
AcDb2dVertex
 10
1060
 20
-159.99998474121094
 70
0
  0
VERTEX
  5
177
330
16F
100
AcDbEntity
  8
0
 62
0
100
AcDbVertex
100
AcDb2dVertex
 10
1060
 20
-160
 70
0
  0
VERTEX
  5
178
330
16F
100
AcDbEntity
  8
0
 62
0
100
AcDbVertex
100
AcDb2dVertex
 10
1056.5
 20
-160
 70
0
  0
VERTEX
  5
179
330
16F
100
AcDbEntity
  8
0
 62
0
100
AcDbVertex
100
AcDb2dVertex
 10
1056.4998779296875
 20
-159.99998474121094
 70
0
  0
VERTEX
  5
17A
330
16F
100
AcDbEntity
  8
0
 62
0
100
AcDbVertex
100
AcDb2dVertex
 10
1054.56689453125
 20
-160
 70
0
  0
VERTEX
  5
17B
330
16F
100
AcDbEntity
  8
0
 62
0
100
AcDbVertex
100
AcDb2dVertex
 10
1052.9998779296875
 20
-161.56700134277344
 70
0
  0
VERTEX
  5
17C
330
16F
100
AcDbEntity
  8
0
 62
0
100
AcDbVertex
100
AcDb2dVertex
 10
1052.9998779296875
 20
-163.5
 70
0
  0
VERTEX
  5
17D
330
16F
100
AcDbEntity
  8
0
 62
0
100
AcDbVertex
100
AcDb2dVertex
 10
1053
 20
-163.5
 70
0
  0
VERTEX
  5
17E
330
16F
100
AcDbEntity
  8
0
 62
0
100
AcDbVertex
100
AcDb2dVertex
 10
1053
 20
-280
 70
0
  0
SEQEND
  5
170
100
AcDbEntity
  8
0
  0
POLYLINE
  5
17F
330
1F
100
AcDbEntity
  8
0
 62
0
100
AcDb2dPolyline
 66
1
 70
0
 10
0
 20
0
 30
0
210
0
220
0
230
1
  0
VERTEX
  5
181
330
17F
100
AcDbEntity
  8
0
 62
0
100
AcDbVertex
100
AcDb2dVertex
 10
329
 20
-210
 70
0
  0
VERTEX
  5
182
330
17F
100
AcDbEntity
  8
0
 62
0
100
AcDbVertex
100
AcDb2dVertex
 10
680
 20
-210
 70
0
  0
VERTEX
  5
183
330
17F
100
AcDbEntity
  8
0
 62
0
100
AcDbVertex
100
AcDb2dVertex
 10
679.99993896484375
 20
-210
 70
0
  0
VERTEX
  5
184
330
17F
100
AcDbEntity
  8
0
 62
0
100
AcDbVertex
100
AcDb2dVertex
 10
685.5228271484375
 20
-209.99998474121094
 70
0
  0
VERTEX
  5
185
330
17F
100
AcDbEntity
  8
0
 62
0
100
AcDbVertex
100
AcDb2dVertex
 10
689.99993896484375
 20
-214.47712707519531
 70
0
  0
VERTEX
  5
186
330
17F
100
AcDbEntity
  8
0
 62
0
100
AcDbVertex
100
AcDb2dVertex
 10
689.99993896484375
 20
-219.99998474121094
 70
0
  0
VERTEX
  5
187
330
17F
100
AcDbEntity
  8
0
 62
0
100
AcDbVertex
100
AcDb2dVertex
 10
689.99993896484375
 20
-219.99998474121094
 70
0
  0
VERTEX
  5
188
330
17F
100
AcDbEntity
  8
0
 62
0
100
AcDbVertex
100
AcDb2dVertex
 10
689.99993896484375
 20
-220
 70
0
  0
VERTEX
  5
189
330
17F
100
AcDbEntity
  8
0
 62
0
100
AcDbVertex
100
AcDb2dVertex
 10
689.99993896484375
 20
-220
 70
0
  0
VERTEX
  5
18A
330
17F
100
AcDbEntity
  8
0
 62
0
100
AcDbVertex
100
AcDb2dVertex
 10
690
 20
-220
 70
0
  0
VERTEX
  5
18B
330
17F
100
AcDbEntity
  8
0
 62
0
100
AcDbVertex
100
AcDb2dVertex
 10
690
 20
-260
 70
0
  0
VERTEX
  5
18C
330
17F
100
AcDbEntity
  8
0
 62
0
100
AcDbVertex
100
AcDb2dVertex
 10
690
 20
-265.5228271484375
 70
0
  0
VERTEX
  5
18D
330
17F
100
AcDbEntity
  8
0
 62
0
100
AcDbVertex
100
AcDb2dVertex
 10
694.47711181640625
 20
-270
 70
0
  0
VERTEX
  5
18E
330
17F
100
AcDbEntity
  8
0
 62
0
100
AcDbVertex
100
AcDb2dVertex
 10
700
 20
-269.99996948242188
 70
0
  0
VERTEX
  5
18F
330
17F
100
AcDbEntity
  8
0
 62
0
100
AcDbVertex
100
AcDb2dVertex
 10
700
 20
-270
 70
0
  0
VERTEX
  5
190
330
17F
100
AcDbEntity
  8
0
 62
0
100
AcDbVertex
100
AcDb2dVertex
 10
1053
 20
-270
 70
0
  0
SEQEND
  5
180
100
AcDbEntity
  8
0
  0
POLYLINE
  5
191
330
1F
100
AcDbEntity
  8
0
 62
0
100
AcDb2dPolyline
 66
1
 70
0
 10
0
 20
0
 30
0
210
0
220
0
230
1
  0
VERTEX
  5
193
330
191
100
AcDbEntity
  8
0
 62
0
100
AcDbVertex
100
AcDb2dVertex
 10
329
 20
-200
 70
0
  0
VERTEX
  5
194
330
191
100
AcDbEntity
  8
0
 62
0
100
AcDbVertex
100
AcDb2dVertex
 10
680
 20
-200
 70
0
  0
VERTEX
  5
195
330
191
100
AcDbEntity
  8
0
 62
0
100
AcDbVertex
100
AcDb2dVertex
 10
679.99993896484375
 20
-200
 70
0
  0
VERTEX
  5
196
330
191
100
AcDbEntity
  8
0
 62
0
100
AcDbVertex
100
AcDb2dVertex
 10
685.5228271484375
 20
-199.99998474121094
 70
0
  0
VERTEX
  5
197
330
191
100
AcDbEntity
  8
0
 62
0
100
AcDbVertex
100
AcDb2dVertex
 10
689.99993896484375
 20
-204.47712707519531
 70
0
  0
VERTEX
  5
198
330
191
100
AcDbEntity
  8
0
 62
0
100
AcDbVertex
100
AcDb2dVertex
 10
689.99993896484375
 20
-209.99998474121094
 70
0
  0
VERTEX
  5
199
330
191
100
AcDbEntity
  8
0
 62
0
100
AcDbVertex
100
AcDb2dVertex
 10
689.99993896484375
 20
-209.99998474121094
 70
0
  0
VERTEX
  5
19A
330
191
100
AcDbEntity
  8
0
 62
0
100
AcDbVertex
100
AcDb2dVertex
 10
689.99993896484375
 20
-210
 70
0
  0
VERTEX
  5
19B
330
191
100
AcDbEntity
  8
0
 62
0
100
AcDbVertex
100
AcDb2dVertex
 10
689.99993896484375
 20
-210
 70
0
  0
VERTEX
  5
19C
330
191
100
AcDbEntity
  8
0
 62
0
100
AcDbVertex
100
AcDb2dVertex
 10
690
 20
-210
 70
0
  0
VERTEX
  5
19D
330
191
100
AcDbEntity
  8
0
 62
0
100
AcDbVertex
100
AcDb2dVertex
 10
690
 20
-250
 70
0
  0
VERTEX
  5
19E
330
191
100
AcDbEntity
  8
0
 62
0
100
AcDbVertex
100
AcDb2dVertex
 10
690
 20
-255.52284240722656
 70
0
  0
VERTEX
  5
19F
330
191
100
AcDbEntity
  8
0
 62
0
100
AcDbVertex
100
AcDb2dVertex
 10
694.47711181640625
 20
-260
 70
0
  0
VERTEX
  5
1A0
330
191
100
AcDbEntity
  8
0
 62
0
100
AcDbVertex
100
AcDb2dVertex
 10
700
 20
-259.99996948242188
 70
0
  0
VERTEX
  5
1A1
330
191
100
AcDbEntity
  8
0
 62
0
100
AcDbVertex
100
AcDb2dVertex
 10
700
 20
-260
 70
0
  0
VERTEX
  5
1A2
330
191
100
AcDbEntity
  8
0
 62
0
100
AcDbVertex
100
AcDb2dVertex
 10
1053
 20
-260
 70
0
  0
SEQEND
  5
192
100
AcDbEntity
  8
0
  0
POLYLINE
  5
1A3
330
1F
100
AcDbEntity
  8
0
 62
0
100
AcDb2dPolyline
 66
1
 70
0
 10
0
 20
0
 30
0
210
0
220
0
230
1
  0
VERTEX
  5
1A5
330
1A3
100
AcDbEntity
  8
0
 62
0
100
AcDbVertex
100
AcDb2dVertex
 10
1310.29541015625
 20
-480
 70
0
  0
VERTEX
  5
1A6
330
1A3
100
AcDbEntity
  8
0
 62
0
100
AcDbVertex
100
AcDb2dVertex
 10
1310.29541015625
 20
-370
 70
0
  0
VERTEX
  5
1A7
330
1A3
100
AcDbEntity
  8
0
 62
0
100
AcDbVertex
100
AcDb2dVertex
 10
1310.2952880859375
 20
-369.99996948242188
 70
0
  0
VERTEX
  5
1A8
330
1A3
100
AcDbEntity
  8
0
 62
0
100
AcDbVertex
100
AcDb2dVertex
 10
1310.2952880859375
 20
-364.47714233398438
 70
0
  0
VERTEX
  5
1A9
330
1A3
100
AcDbEntity
  8
0
 62
0
100
AcDbVertex
100
AcDb2dVertex
 10
1305.8182373046875
 20
-359.99996948242188
 70
0
  0
VERTEX
  5
1AA
330
1A3
100
AcDbEntity
  8
0
 62
0
100
AcDbVertex
100
AcDb2dVertex
 10
1300.2952880859375
 20
-359.99996948242188
 70
0
  0
VERTEX
  5
1AB
330
1A3
100
AcDbEntity
  8
0
 62
0
100
AcDbVertex
100
AcDb2dVertex
 10
1300.2952880859375
 20
-359.99996948242188
 70
0
  0
VERTEX
  5
1AC
330
1A3
100
AcDbEntity
  8
0
 62
0
100
AcDbVertex
100
AcDb2dVertex
 10
1300.2952880859375
 20
-360
 70
0
  0
VERTEX
  5
1AD
330
1A3
100
AcDbEntity
  8
0
 62
0
100
AcDbVertex
100
AcDb2dVertex
 10
1300.2952880859375
 20
-360
 70
0
  0
VERTEX
  5
1AE
330
1A3
100
AcDbEntity
  8
0
 62
0
100
AcDbVertex
100
AcDb2dVertex
 10
1300.29541015625
 20
-360
 70
0
  0
VERTEX
  5
1AF
330
1A3
100
AcDbEntity
  8
0
 62
0
100
AcDbVertex
100
AcDb2dVertex
 10
1063
 20
-360
 70
0
  0
VERTEX
  5
1B0
330
1A3
100
AcDbEntity
  8
0
 62
0
100
AcDbVertex
100
AcDb2dVertex
 10
1063
 20
-359.99996948242188
 70
0
  0
VERTEX
  5
1B1
330
1A3
100
AcDbEntity
  8
0
 62
0
100
AcDbVertex
100
AcDb2dVertex
 10
1057.47705078125
 20
-360
 70
0
  0
VERTEX
  5
1B2
330
1A3
100
AcDbEntity
  8
0
 62
0
100
AcDbVertex
100
AcDb2dVertex
 10
1053
 20
-355.5228271484375
 70
0
  0
VERTEX
  5
1B3
330
1A3
100
AcDbEntity
  8
0
 62
0
100
AcDbVertex
100
AcDb2dVertex
 10
1053
 20
-350
 70
0
  0
VERTEX
  5
1B4
330
1A3
100
AcDbEntity
  8
0
 62
0
100
AcDbVertex
100
AcDb2dVertex
 10
1053
 20
-250
 70
0
  0
SEQEND
  5
1A4
100
AcDbEntity
  8
0
  0
POLYLINE
  5
1B5
330
1F
100
AcDbEntity
  8
0
 62
0
100
AcDb2dPolyline
 66
1
 70
0
 10
0
 20
0
 30
0
210
0
220
0
230
1
  0
VERTEX
  5
1B7
330
1B5
100
AcDbEntity
  8
0
 62
0
100
AcDbVertex
100
AcDb2dVertex
 10
1310.29541015625
 20
-470
 70
0
  0
VERTEX
  5
1B8
330
1B5
100
AcDbEntity
  8
0
 62
0
100
AcDbVertex
100
AcDb2dVertex
 10
1310.29541015625
 20
-370
 70
0
  0
VERTEX
  5
1B9
330
1B5
100
AcDbEntity
  8
0
 62
0
100
AcDbVertex
100
AcDb2dVertex
 10
1310.2952880859375
 20
-369.99996948242188
 70
0
  0
VERTEX
  5
1BA
330
1B5
100
AcDbEntity
  8
0
 62
0
100
AcDbVertex
100
AcDb2dVertex
 10
1310.2952880859375
 20
-364.47714233398438
 70
0
  0
VERTEX
  5
1BB
330
1B5
100
AcDbEntity
  8
0
 62
0
100
AcDbVertex
100
AcDb2dVertex
 10
1305.8182373046875
 20
-359.99996948242188
 70
0
  0
VERTEX
  5
1BC
330
1B5
100
AcDbEntity
  8
0
 62
0
100
AcDbVertex
100
AcDb2dVertex
 10
1300.2952880859375
 20
-359.99996948242188
 70
0
  0
VERTEX
  5
1BD
330
1B5
100
AcDbEntity
  8
0
 62
0
100
AcDbVertex
100
AcDb2dVertex
 10
1300.2952880859375
 20
-359.99996948242188
 70
0
  0
VERTEX
  5
1BE
330
1B5
100
AcDbEntity
  8
0
 62
0
100
AcDbVertex
100
AcDb2dVertex
 10
1300.2952880859375
 20
-360
 70
0
  0
VERTEX
  5
1BF
330
1B5
100
AcDbEntity
  8
0
 62
0
100
AcDbVertex
100
AcDb2dVertex
 10
1300.2952880859375
 20
-360
 70
0
  0
VERTEX
  5
1C0
330
1B5
100
AcDbEntity
  8
0
 62
0
100
AcDbVertex
100
AcDb2dVertex
 10
1300.29541015625
 20
-360
 70
0
  0
VERTEX
  5
1C1
330
1B5
100
AcDbEntity
  8
0
 62
0
100
AcDbVertex
100
AcDb2dVertex
 10
1063
 20
-360
 70
0
  0
VERTEX
  5
1C2
330
1B5
100
AcDbEntity
  8
0
 62
0
100
AcDbVertex
100
AcDb2dVertex
 10
1063
 20
-359.99996948242188
 70
0
  0
VERTEX
  5
1C3
330
1B5
100
AcDbEntity
  8
0
 62
0
100
AcDbVertex
100
AcDb2dVertex
 10
1057.47705078125
 20
-360
 70
0
  0
VERTEX
  5
1C4
330
1B5
100
AcDbEntity
  8
0
 62
0
100
AcDbVertex
100
AcDb2dVertex
 10
1053
 20
-355.5228271484375
 70
0
  0
VERTEX
  5
1C5
330
1B5
100
AcDbEntity
  8
0
 62
0
100
AcDbVertex
100
AcDb2dVertex
 10
1053
 20
-350
 70
0
  0
VERTEX
  5
1C6
330
1B5
100
AcDbEntity
  8
0
 62
0
100
AcDbVertex
100
AcDb2dVertex
 10
1053
 20
-240
 70
0
  0
SEQEND
  5
1B6
100
AcDbEntity
  8
0
  0
POLYLINE
  5
1C7
330
1F
100
AcDbEntity
  8
0
 62
0
100
AcDb2dPolyline
 66
1
 70
0
 10
0
 20
0
 30
0
210
0
220
0
230
1
  0
VERTEX
  5
1C9
330
1C7
100
AcDbEntity
  8
0
 62
0
100
AcDbVertex
100
AcDb2dVertex
 10
1310.29541015625
 20
-460
 70
0
  0
VERTEX
  5
1CA
330
1C7
100
AcDbEntity
  8
0
 62
0
100
AcDbVertex
100
AcDb2dVertex
 10
1310.29541015625
 20
-370
 70
0
  0
VERTEX
  5
1CB
330
1C7
100
AcDbEntity
  8
0
 62
0
100
AcDbVertex
100
AcDb2dVertex
 10
1310.2952880859375
 20
-369.99996948242188
 70
0
  0
VERTEX
  5
1CC
330
1C7
100
AcDbEntity
  8
0
 62
0
100
AcDbVertex
100
AcDb2dVertex
 10
1310.2952880859375
 20
-364.47714233398438
 70
0
  0
VERTEX
  5
1CD
330
1C7
100
AcDbEntity
  8
0
 62
0
100
AcDbVertex
100
AcDb2dVertex
 10
1305.8182373046875
 20
-359.99996948242188
 70
0
  0
VERTEX
  5
1CE
330
1C7
100
AcDbEntity
  8
0
 62
0
100
AcDbVertex
100
AcDb2dVertex
 10
1300.2952880859375
 20
-359.99996948242188
 70
0
  0
VERTEX
  5
1CF
330
1C7
100
AcDbEntity
  8
0
 62
0
100
AcDbVertex
100
AcDb2dVertex
 10
1300.2952880859375
 20
-359.99996948242188
 70
0
  0
VERTEX
  5
1D0
330
1C7
100
AcDbEntity
  8
0
 62
0
100
AcDbVertex
100
AcDb2dVertex
 10
1300.2952880859375
 20
-360
 70
0
  0
VERTEX
  5
1D1
330
1C7
100
AcDbEntity
  8
0
 62
0
100
AcDbVertex
100
AcDb2dVertex
 10
1300.2952880859375
 20
-360
 70
0
  0
VERTEX
  5
1D2
330
1C7
100
AcDbEntity
  8
0
 62
0
100
AcDbVertex
100
AcDb2dVertex
 10
1300.29541015625
 20
-360
 70
0
  0
VERTEX
  5
1D3
330
1C7
100
AcDbEntity
  8
0
 62
0
100
AcDbVertex
100
AcDb2dVertex
 10
1063
 20
-360
 70
0
  0
VERTEX
  5
1D4
330
1C7
100
AcDbEntity
  8
0
 62
0
100
AcDbVertex
100
AcDb2dVertex
 10
1063
 20
-359.99996948242188
 70
0
  0
VERTEX
  5
1D5
330
1C7
100
AcDbEntity
  8
0
 62
0
100
AcDbVertex
100
AcDb2dVertex
 10
1057.47705078125
 20
-360
 70
0
  0
VERTEX
  5
1D6
330
1C7
100
AcDbEntity
  8
0
 62
0
100
AcDbVertex
100
AcDb2dVertex
 10
1053
 20
-355.5228271484375
 70
0
  0
VERTEX
  5
1D7
330
1C7
100
AcDbEntity
  8
0
 62
0
100
AcDbVertex
100
AcDb2dVertex
 10
1053
 20
-350
 70
0
  0
VERTEX
  5
1D8
330
1C7
100
AcDbEntity
  8
0
 62
0
100
AcDbVertex
100
AcDb2dVertex
 10
1053
 20
-230
 70
0
  0
SEQEND
  5
1C8
100
AcDbEntity
  8
0
  0
POLYLINE
  5
1D9
330
1F
100
AcDbEntity
  8
0
 62
0
100
AcDb2dPolyline
 66
1
 70
0
 10
0
 20
0
 30
0
210
0
220
0
230
1
  0
VERTEX
  5
1DB
330
1D9
100
AcDbEntity
  8
0
 62
0
100
AcDbVertex
100
AcDb2dVertex
 10
1310.29541015625
 20
-450
 70
0
  0
VERTEX
  5
1DC
330
1D9
100
AcDbEntity
  8
0
 62
0
100
AcDbVertex
100
AcDb2dVertex
 10
1310.29541015625
 20
-370
 70
0
  0
VERTEX
  5
1DD
330
1D9
100
AcDbEntity
  8
0
 62
0
100
AcDbVertex
100
AcDb2dVertex
 10
1310.2952880859375
 20
-369.99996948242188
 70
0
  0
VERTEX
  5
1DE
330
1D9
100
AcDbEntity
  8
0
 62
0
100
AcDbVertex
100
AcDb2dVertex
 10
1310.2952880859375
 20
-364.47714233398438
 70
0
  0
VERTEX
  5
1DF
330
1D9
100
AcDbEntity
  8
0
 62
0
100
AcDbVertex
100
AcDb2dVertex
 10
1305.8182373046875
 20
-359.99996948242188
 70
0
  0
VERTEX
  5
1E0
330
1D9
100
AcDbEntity
  8
0
 62
0
100
AcDbVertex
100
AcDb2dVertex
 10
1300.2952880859375
 20
-359.99996948242188
 70
0
  0
VERTEX
  5
1E1
330
1D9
100
AcDbEntity
  8
0
 62
0
100
AcDbVertex
100
AcDb2dVertex
 10
1300.2952880859375
 20
-359.99996948242188
 70
0
  0
VERTEX
  5
1E2
330
1D9
100
AcDbEntity
  8
0
 62
0
100
AcDbVertex
100
AcDb2dVertex
 10
1300.2952880859375
 20
-360
 70
0
  0
VERTEX
  5
1E3
330
1D9
100
AcDbEntity
  8
0
 62
0
100
AcDbVertex
100
AcDb2dVertex
 10
1300.2952880859375
 20
-360
 70
0
  0
VERTEX
  5
1E4
330
1D9
100
AcDbEntity
  8
0
 62
0
100
AcDbVertex
100
AcDb2dVertex
 10
1300.29541015625
 20
-360
 70
0
  0
VERTEX
  5
1E5
330
1D9
100
AcDbEntity
  8
0
 62
0
100
AcDbVertex
100
AcDb2dVertex
 10
1063
 20
-360
 70
0
  0
VERTEX
  5
1E6
330
1D9
100
AcDbEntity
  8
0
 62
0
100
AcDbVertex
100
AcDb2dVertex
 10
1063
 20
-359.99996948242188
 70
0
  0
VERTEX
  5
1E7
330
1D9
100
AcDbEntity
  8
0
 62
0
100
AcDbVertex
100
AcDb2dVertex
 10
1057.47705078125
 20
-360
 70
0
  0
VERTEX
  5
1E8
330
1D9
100
AcDbEntity
  8
0
 62
0
100
AcDbVertex
100
AcDb2dVertex
 10
1053
 20
-355.5228271484375
 70
0
  0
VERTEX
  5
1E9
330
1D9
100
AcDbEntity
  8
0
 62
0
100
AcDbVertex
100
AcDb2dVertex
 10
1053
 20
-350
 70
0
  0
VERTEX
  5
1EA
330
1D9
100
AcDbEntity
  8
0
 62
0
100
AcDbVertex
100
AcDb2dVertex
 10
1053
 20
-220
 70
0
  0
SEQEND
  5
1DA
100
AcDbEntity
  8
0
  0
POLYLINE
  5
1EB
330
1F
100
AcDbEntity
  8
0
 62
0
100
AcDb2dPolyline
 66
1
 70
0
 10
0
 20
0
 30
0
210
0
220
0
230
1
  0
VERTEX
  5
1ED
330
1EB
100
AcDbEntity
  8
0
 62
0
100
AcDbVertex
100
AcDb2dVertex
 10
1067
 20
-110
 70
0
  0
VERTEX
  5
1EE
330
1EB
100
AcDbEntity
  8
0
 62
0
100
AcDbVertex
100
AcDb2dVertex
 10
1067
 20
-153
 70
0
  0
VERTEX
  5
1EF
330
1EB
100
AcDbEntity
  8
0
 62
0
100
AcDbVertex
100
AcDb2dVertex
 10
1066.9998779296875
 20
-152.99998474121094
 70
0
  0
VERTEX
  5
1F0
330
1EB
100
AcDbEntity
  8
0
 62
0
100
AcDbVertex
100
AcDb2dVertex
 10
1066.9998779296875
 20
-156.86598205566406
 70
0
  0
VERTEX
  5
1F1
330
1EB
100
AcDbEntity
  8
0
 62
0
100
AcDbVertex
100
AcDb2dVertex
 10
1063.865966796875
 20
-159.99998474121094
 70
0
  0
VERTEX
  5
1F2
330
1EB
100
AcDbEntity
  8
0
 62
0
100
AcDbVertex
100
AcDb2dVertex
 10
1060
 20
-159.99998474121094
 70
0
  0
VERTEX
  5
1F3
330
1EB
100
AcDbEntity
  8
0
 62
0
100
AcDbVertex
100
AcDb2dVertex
 10
1060
 20
-160
 70
0
  0
VERTEX
  5
1F4
330
1EB
100
AcDbEntity
  8
0
 62
0
100
AcDbVertex
100
AcDb2dVertex
 10
1056.5
 20
-160
 70
0
  0
VERTEX
  5
1F5
330
1EB
100
AcDbEntity
  8
0
 62
0
100
AcDbVertex
100
AcDb2dVertex
 10
1056.4998779296875
 20
-159.99998474121094
 70
0
  0
VERTEX
  5
1F6
330
1EB
100
AcDbEntity
  8
0
 62
0
100
AcDbVertex
100
AcDb2dVertex
 10
1054.56689453125
 20
-160
 70
0
  0
VERTEX
  5
1F7
330
1EB
100
AcDbEntity
  8
0
 62
0
100
AcDbVertex
100
AcDb2dVertex
 10
1052.9998779296875
 20
-161.56700134277344
 70
0
  0
VERTEX
  5
1F8
330
1EB
100
AcDbEntity
  8
0
 62
0
100
AcDbVertex
100
AcDb2dVertex
 10
1052.9998779296875
 20
-163.5
 70
0
  0
VERTEX
  5
1F9
330
1EB
100
AcDbEntity
  8
0
 62
0
100
AcDbVertex
100
AcDb2dVertex
 10
1053
 20
-163.5
 70
0
  0
VERTEX
  5
1FA
330
1EB
100
AcDbEntity
  8
0
 62
0
100
AcDbVertex
100
AcDb2dVertex
 10
1053
 20
-210
 70
0
  0
SEQEND
  5
1EC
100
AcDbEntity
  8
0
  0
POLYLINE
  5
1FB
330
1F
100
AcDbEntity
  8
0
 62
0
100
AcDb2dPolyline
 66
1
 70
0
 10
0
 20
0
 30
0
210
0
220
0
230
1
  0
VERTEX
  5
1FD
330
1FB
100
AcDbEntity
  8
0
 62
0
100
AcDbVertex
100
AcDb2dVertex
 10
1067
 20
-100
 70
0
  0
VERTEX
  5
1FE
330
1FB
100
AcDbEntity
  8
0
 62
0
100
AcDbVertex
100
AcDb2dVertex
 10
1067
 20
-153
 70
0
  0
VERTEX
  5
1FF
330
1FB
100
AcDbEntity
  8
0
 62
0
100
AcDbVertex
100
AcDb2dVertex
 10
1066.9998779296875
 20
-152.99998474121094
 70
0
  0
VERTEX
  5
200
330
1FB
100
AcDbEntity
  8
0
 62
0
100
AcDbVertex
100
AcDb2dVertex
 10
1066.9998779296875
 20
-156.86598205566406
 70
0
  0
VERTEX
  5
201
330
1FB
100
AcDbEntity
  8
0
 62
0
100
AcDbVertex
100
AcDb2dVertex
 10
1063.865966796875
 20
-159.99998474121094
 70
0
  0
VERTEX
  5
202
330
1FB
100
AcDbEntity
  8
0
 62
0
100
AcDbVertex
100
AcDb2dVertex
 10
1060
 20
-159.99998474121094
 70
0
  0
VERTEX
  5
203
330
1FB
100
AcDbEntity
  8
0
 62
0
100
AcDbVertex
100
AcDb2dVertex
 10
1060
 20
-160
 70
0
  0
VERTEX
  5
204
330
1FB
100
AcDbEntity
  8
0
 62
0
100
AcDbVertex
100
AcDb2dVertex
 10
1056.5
 20
-160
 70
0
  0
VERTEX
  5
205
330
1FB
100
AcDbEntity
  8
0
 62
0
100
AcDbVertex
100
AcDb2dVertex
 10
1056.4998779296875
 20
-159.99998474121094
 70
0
  0
VERTEX
  5
206
330
1FB
100
AcDbEntity
  8
0
 62
0
100
AcDbVertex
100
AcDb2dVertex
 10
1054.56689453125
 20
-160
 70
0
  0
VERTEX
  5
207
330
1FB
100
AcDbEntity
  8
0
 62
0
100
AcDbVertex
100
AcDb2dVertex
 10
1052.9998779296875
 20
-161.56700134277344
 70
0
  0
VERTEX
  5
208
330
1FB
100
AcDbEntity
  8
0
 62
0
100
AcDbVertex
100
AcDb2dVertex
 10
1052.9998779296875
 20
-163.5
 70
0
  0
VERTEX
  5
209
330
1FB
100
AcDbEntity
  8
0
 62
0
100
AcDbVertex
100
AcDb2dVertex
 10
1053
 20
-163.5
 70
0
  0
VERTEX
  5
20A
330
1FB
100
AcDbEntity
  8
0
 62
0
100
AcDbVertex
100
AcDb2dVertex
 10
1053
 20
-200
 70
0
  0
SEQEND
  5
1FC
100
AcDbEntity
  8
0
  0
POLYLINE
  5
20B
330
1F
100
AcDbEntity
  8
0
 62
0
100
AcDb2dPolyline
 66
1
 70
0
 10
0
 20
0
 30
0
210
0
220
0
230
1
  0
VERTEX
  5
20D
330
20B
100
AcDbEntity
  8
0
 62
0
100
AcDbVertex
100
AcDb2dVertex
 10
1067
 20
-90
 70
0
  0
VERTEX
  5
20E
330
20B
100
AcDbEntity
  8
0
 62
0
100
AcDbVertex
100
AcDb2dVertex
 10
1067
 20
-153
 70
0
  0
VERTEX
  5
20F
330
20B
100
AcDbEntity
  8
0
 62
0
100
AcDbVertex
100
AcDb2dVertex
 10
1066.9998779296875
 20
-152.99998474121094
 70
0
  0
VERTEX
  5
210
330
20B
100
AcDbEntity
  8
0
 62
0
100
AcDbVertex
100
AcDb2dVertex
 10
1066.9998779296875
 20
-156.86598205566406
 70
0
  0
VERTEX
  5
211
330
20B
100
AcDbEntity
  8
0
 62
0
100
AcDbVertex
100
AcDb2dVertex
 10
1063.865966796875
 20
-159.99998474121094
 70
0
  0
VERTEX
  5
212
330
20B
100
AcDbEntity
  8
0
 62
0
100
AcDbVertex
100
AcDb2dVertex
 10
1060
 20
-159.99998474121094
 70
0
  0
VERTEX
  5
213
330
20B
100
AcDbEntity
  8
0
 62
0
100
AcDbVertex
100
AcDb2dVertex
 10
1060
 20
-160
 70
0
  0
VERTEX
  5
214
330
20B
100
AcDbEntity
  8
0
 62
0
100
AcDbVertex
100
AcDb2dVertex
 10
1056.5
 20
-160
 70
0
  0
VERTEX
  5
215
330
20B
100
AcDbEntity
  8
0
 62
0
100
AcDbVertex
100
AcDb2dVertex
 10
1056.4998779296875
 20
-159.99998474121094
 70
0
  0
VERTEX
  5
216
330
20B
100
AcDbEntity
  8
0
 62
0
100
AcDbVertex
100
AcDb2dVertex
 10
1054.56689453125
 20
-160
 70
0
  0
VERTEX
  5
217
330
20B
100
AcDbEntity
  8
0
 62
0
100
AcDbVertex
100
AcDb2dVertex
 10
1052.9998779296875
 20
-161.56700134277344
 70
0
  0
VERTEX
  5
218
330
20B
100
AcDbEntity
  8
0
 62
0
100
AcDbVertex
100
AcDb2dVertex
 10
1052.9998779296875
 20
-163.5
 70
0
  0
VERTEX
  5
219
330
20B
100
AcDbEntity
  8
0
 62
0
100
AcDbVertex
100
AcDb2dVertex
 10
1053
 20
-163.5
 70
0
  0
VERTEX
  5
21A
330
20B
100
AcDbEntity
  8
0
 62
0
100
AcDbVertex
100
AcDb2dVertex
 10
1053
 20
-190
 70
0
  0
SEQEND
  5
20C
100
AcDbEntity
  8
0
  0
POLYLINE
  5
21B
330
1F
100
AcDbEntity
  8
0
 62
0
100
AcDb2dPolyline
 66
1
 70
0
 10
0
 20
0
 30
0
210
0
220
0
230
1
  0
VERTEX
  5
21D
330
21B
100
AcDbEntity
  8
0
 62
0
100
AcDbVertex
100
AcDb2dVertex
 10
1040
 20
-417
 70
0
  0
VERTEX
  5
21E
330
21B
100
AcDbEntity
  8
0
 62
0
100
AcDbVertex
100
AcDb2dVertex
 10
1040
 20
-43
 70
0
  0
SEQEND
  5
21C
100
AcDbEntity
  8
0
  0
POLYLINE
  5
21F
330
1F
100
AcDbEntity
  8
0
 62
0
100
AcDb2dPolyline
 66
1
 70
0
 10
0
 20
0
 30
0
210
0
220
0
230
1
  0
VERTEX
  5
221
330
21F
100
AcDbEntity
  8
0
 62
0
100
AcDbVertex
100
AcDb2dVertex
 10
1030
 20
-417
 70
0
  0
VERTEX
  5
222
330
21F
100
AcDbEntity
  8
0
 62
0
100
AcDbVertex
100
AcDb2dVertex
 10
1030
 20
-43
 70
0
  0
SEQEND
  5
220
100
AcDbEntity
  8
0
  0
POLYLINE
  5
223
330
1F
100
AcDbEntity
  8
0
 62
0
100
AcDb2dPolyline
 66
1
 70
0
 10
0
 20
0
 30
0
210
0
220
0
230
1
  0
VERTEX
  5
225
330
223
100
AcDbEntity
  8
0
 62
0
100
AcDbVertex
100
AcDb2dVertex
 10
1020
 20
-417
 70
0
  0
VERTEX
  5
226
330
223
100
AcDbEntity
  8
0
 62
0
100
AcDbVertex
100
AcDb2dVertex
 10
1020
 20
-43
 70
0
  0
SEQEND
  5
224
100
AcDbEntity
  8
0
  0
POLYLINE
  5
227
330
1F
100
AcDbEntity
  8
0
 62
0
100
AcDb2dPolyline
 66
1
 70
0
 10
0
 20
0
 30
0
210
0
220
0
230
1
  0
VERTEX
  5
229
330
227
100
AcDbEntity
  8
0
 62
0
100
AcDbVertex
100
AcDb2dVertex
 10
1010
 20
-417
 70
0
  0
VERTEX
  5
22A
330
227
100
AcDbEntity
  8
0
 62
0
100
AcDbVertex
100
AcDb2dVertex
 10
1010
 20
-43
 70
0
  0
SEQEND
  5
228
100
AcDbEntity
  8
0
  0
POLYLINE
  5
22B
330
1F
100
AcDbEntity
  8
0
 62
0
100
AcDb2dPolyline
 66
1
 70
0
 10
0
 20
0
 30
0
210
0
220
0
230
1
  0
VERTEX
  5
22D
330
22B
100
AcDbEntity
  8
0
 62
0
100
AcDbVertex
100
AcDb2dVertex
 10
1000
 20
-417
 70
0
  0
VERTEX
  5
22E
330
22B
100
AcDbEntity
  8
0
 62
0
100
AcDbVertex
100
AcDb2dVertex
 10
1000
 20
-43
 70
0
  0
SEQEND
  5
22C
100
AcDbEntity
  8
0
  0
POLYLINE
  5
22F
330
1F
100
AcDbEntity
  8
0
 62
0
100
AcDb2dPolyline
 66
1
 70
0
 10
0
 20
0
 30
0
210
0
220
0
230
1
  0
VERTEX
  5
231
330
22F
100
AcDbEntity
  8
0
 62
0
100
AcDbVertex
100
AcDb2dVertex
 10
990
 20
-417
 70
0
  0
VERTEX
  5
232
330
22F
100
AcDbEntity
  8
0
 62
0
100
AcDbVertex
100
AcDb2dVertex
 10
990
 20
-43
 70
0
  0
SEQEND
  5
230
100
AcDbEntity
  8
0
  0
POLYLINE
  5
233
330
1F
100
AcDbEntity
  8
0
 62
0
100
AcDb2dPolyline
 66
1
 70
0
 10
0
 20
0
 30
0
210
0
220
0
230
1
  0
VERTEX
  5
235
330
233
100
AcDbEntity
  8
0
 62
0
100
AcDbVertex
100
AcDb2dVertex
 10
980
 20
-417
 70
0
  0
VERTEX
  5
236
330
233
100
AcDbEntity
  8
0
 62
0
100
AcDbVertex
100
AcDb2dVertex
 10
980
 20
-43
 70
0
  0
SEQEND
  5
234
100
AcDbEntity
  8
0
  0
POLYLINE
  5
237
330
1F
100
AcDbEntity
  8
0
 62
0
100
AcDb2dPolyline
 66
1
 70
0
 10
0
 20
0
 30
0
210
0
220
0
230
1
  0
VERTEX
  5
239
330
237
100
AcDbEntity
  8
0
 62
0
100
AcDbVertex
100
AcDb2dVertex
 10
970
 20
-417
 70
0
  0
VERTEX
  5
23A
330
237
100
AcDbEntity
  8
0
 62
0
100
AcDbVertex
100
AcDb2dVertex
 10
970
 20
-43
 70
0
  0
SEQEND
  5
238
100
AcDbEntity
  8
0
  0
POLYLINE
  5
23B
330
1F
100
AcDbEntity
  8
0
 62
0
100
AcDb2dPolyline
 66
1
 70
0
 10
0
 20
0
 30
0
210
0
220
0
230
1
  0
VERTEX
  5
23D
330
23B
100
AcDbEntity
  8
0
 62
0
100
AcDbVertex
100
AcDb2dVertex
 10
960
 20
-417
 70
0
  0
VERTEX
  5
23E
330
23B
100
AcDbEntity
  8
0
 62
0
100
AcDbVertex
100
AcDb2dVertex
 10
960
 20
-43
 70
0
  0
SEQEND
  5
23C
100
AcDbEntity
  8
0
  0
POLYLINE
  5
23F
330
1F
100
AcDbEntity
  8
0
 62
0
100
AcDb2dPolyline
 66
1
 70
0
 10
0
 20
0
 30
0
210
0
220
0
230
1
  0
VERTEX
  5
241
330
23F
100
AcDbEntity
  8
0
 62
0
100
AcDbVertex
100
AcDb2dVertex
 10
930
 20
-417
 70
0
  0
VERTEX
  5
242
330
23F
100
AcDbEntity
  8
0
 62
0
100
AcDbVertex
100
AcDb2dVertex
 10
930
 20
-43
 70
0
  0
SEQEND
  5
240
100
AcDbEntity
  8
0
  0
POLYLINE
  5
243
330
1F
100
AcDbEntity
  8
0
 62
0
100
AcDb2dPolyline
 66
1
 70
0
 10
0
 20
0
 30
0
210
0
220
0
230
1
  0
VERTEX
  5
245
330
243
100
AcDbEntity
  8
0
 62
0
100
AcDbVertex
100
AcDb2dVertex
 10
920
 20
-417
 70
0
  0
VERTEX
  5
246
330
243
100
AcDbEntity
  8
0
 62
0
100
AcDbVertex
100
AcDb2dVertex
 10
920
 20
-43
 70
0
  0
SEQEND
  5
244
100
AcDbEntity
  8
0
  0
POLYLINE
  5
247
330
1F
100
AcDbEntity
  8
0
 62
0
100
AcDb2dPolyline
 66
1
 70
0
 10
0
 20
0
 30
0
210
0
220
0
230
1
  0
VERTEX
  5
249
330
247
100
AcDbEntity
  8
0
 62
0
100
AcDbVertex
100
AcDb2dVertex
 10
910
 20
-417
 70
0
  0
VERTEX
  5
24A
330
247
100
AcDbEntity
  8
0
 62
0
100
AcDbVertex
100
AcDb2dVertex
 10
910
 20
-43
 70
0
  0
SEQEND
  5
248
100
AcDbEntity
  8
0
  0
POLYLINE
  5
24B
330
1F
100
AcDbEntity
  8
0
 62
0
100
AcDb2dPolyline
 66
1
 70
0
 10
0
 20
0
 30
0
210
0
220
0
230
1
  0
VERTEX
  5
24D
330
24B
100
AcDbEntity
  8
0
 62
0
100
AcDbVertex
100
AcDb2dVertex
 10
900
 20
-417
 70
0
  0
VERTEX
  5
24E
330
24B
100
AcDbEntity
  8
0
 62
0
100
AcDbVertex
100
AcDb2dVertex
 10
900
 20
-43
 70
0
  0
SEQEND
  5
24C
100
AcDbEntity
  8
0
  0
POLYLINE
  5
24F
330
1F
100
AcDbEntity
  8
0
 62
0
100
AcDb2dPolyline
 66
1
 70
0
 10
0
 20
0
 30
0
210
0
220
0
230
1
  0
VERTEX
  5
251
330
24F
100
AcDbEntity
  8
0
 62
0
100
AcDbVertex
100
AcDb2dVertex
 10
890
 20
-417
 70
0
  0
VERTEX
  5
252
330
24F
100
AcDbEntity
  8
0
 62
0
100
AcDbVertex
100
AcDb2dVertex
 10
890
 20
-43
 70
0
  0
SEQEND
  5
250
100
AcDbEntity
  8
0
  0
POLYLINE
  5
253
330
1F
100
AcDbEntity
  8
0
 62
0
100
AcDb2dPolyline
 66
1
 70
0
 10
0
 20
0
 30
0
210
0
220
0
230
1
  0
VERTEX
  5
255
330
253
100
AcDbEntity
  8
0
 62
0
100
AcDbVertex
100
AcDb2dVertex
 10
880
 20
-417
 70
0
  0
VERTEX
  5
256
330
253
100
AcDbEntity
  8
0
 62
0
100
AcDbVertex
100
AcDb2dVertex
 10
880
 20
-43
 70
0
  0
SEQEND
  5
254
100
AcDbEntity
  8
0
  0
POLYLINE
  5
257
330
1F
100
AcDbEntity
  8
0
 62
0
100
AcDb2dPolyline
 66
1
 70
0
 10
0
 20
0
 30
0
210
0
220
0
230
1
  0
VERTEX
  5
259
330
257
100
AcDbEntity
  8
0
 62
0
100
AcDbVertex
100
AcDb2dVertex
 10
870
 20
-417
 70
0
  0
VERTEX
  5
25A
330
257
100
AcDbEntity
  8
0
 62
0
100
AcDbVertex
100
AcDb2dVertex
 10
870
 20
-43
 70
0
  0
SEQEND
  5
258
100
AcDbEntity
  8
0
  0
POLYLINE
  5
25B
330
1F
100
AcDbEntity
  8
0
 62
0
100
AcDb2dPolyline
 66
1
 70
0
 10
0
 20
0
 30
0
210
0
220
0
230
1
  0
VERTEX
  5
25D
330
25B
100
AcDbEntity
  8
0
 62
0
100
AcDbVertex
100
AcDb2dVertex
 10
860
 20
-417
 70
0
  0
VERTEX
  5
25E
330
25B
100
AcDbEntity
  8
0
 62
0
100
AcDbVertex
100
AcDb2dVertex
 10
860
 20
-43
 70
0
  0
SEQEND
  5
25C
100
AcDbEntity
  8
0
  0
POLYLINE
  5
25F
330
1F
100
AcDbEntity
  8
0
 62
0
100
AcDb2dPolyline
 66
1
 70
0
 10
0
 20
0
 30
0
210
0
220
0
230
1
  0
VERTEX
  5
261
330
25F
100
AcDbEntity
  8
0
 62
0
100
AcDbVertex
100
AcDb2dVertex
 10
850
 20
-417
 70
0
  0
VERTEX
  5
262
330
25F
100
AcDbEntity
  8
0
 62
0
100
AcDbVertex
100
AcDb2dVertex
 10
850
 20
-43
 70
0
  0
SEQEND
  5
260
100
AcDbEntity
  8
0
  0
POLYLINE
  5
263
330
1F
100
AcDbEntity
  8
0
 62
0
100
AcDb2dPolyline
 66
1
 70
0
 10
0
 20
0
 30
0
210
0
220
0
230
1
  0
VERTEX
  5
265
330
263
100
AcDbEntity
  8
0
 62
0
100
AcDbVertex
100
AcDb2dVertex
 10
820
 20
-417
 70
0
  0
VERTEX
  5
266
330
263
100
AcDbEntity
  8
0
 62
0
100
AcDbVertex
100
AcDb2dVertex
 10
820
 20
-43
 70
0
  0
SEQEND
  5
264
100
AcDbEntity
  8
0
  0
POLYLINE
  5
267
330
1F
100
AcDbEntity
  8
0
 62
0
100
AcDb2dPolyline
 66
1
 70
0
 10
0
 20
0
 30
0
210
0
220
0
230
1
  0
VERTEX
  5
269
330
267
100
AcDbEntity
  8
0
 62
0
100
AcDbVertex
100
AcDb2dVertex
 10
810
 20
-417
 70
0
  0
VERTEX
  5
26A
330
267
100
AcDbEntity
  8
0
 62
0
100
AcDbVertex
100
AcDb2dVertex
 10
810
 20
-43
 70
0
  0
SEQEND
  5
268
100
AcDbEntity
  8
0
  0
POLYLINE
  5
26B
330
1F
100
AcDbEntity
  8
0
 62
0
100
AcDb2dPolyline
 66
1
 70
0
 10
0
 20
0
 30
0
210
0
220
0
230
1
  0
VERTEX
  5
26D
330
26B
100
AcDbEntity
  8
0
 62
0
100
AcDbVertex
100
AcDb2dVertex
 10
800
 20
-417
 70
0
  0
VERTEX
  5
26E
330
26B
100
AcDbEntity
  8
0
 62
0
100
AcDbVertex
100
AcDb2dVertex
 10
800
 20
-43
 70
0
  0
SEQEND
  5
26C
100
AcDbEntity
  8
0
  0
POLYLINE
  5
26F
330
1F
100
AcDbEntity
  8
0
 62
0
100
AcDb2dPolyline
 66
1
 70
0
 10
0
 20
0
 30
0
210
0
220
0
230
1
  0
VERTEX
  5
271
330
26F
100
AcDbEntity
  8
0
 62
0
100
AcDbVertex
100
AcDb2dVertex
 10
790
 20
-417
 70
0
  0
VERTEX
  5
272
330
26F
100
AcDbEntity
  8
0
 62
0
100
AcDbVertex
100
AcDb2dVertex
 10
790
 20
-43
 70
0
  0
SEQEND
  5
270
100
AcDbEntity
  8
0
  0
POLYLINE
  5
273
330
1F
100
AcDbEntity
  8
0
 62
0
100
AcDb2dPolyline
 66
1
 70
0
 10
0
 20
0
 30
0
210
0
220
0
230
1
  0
VERTEX
  5
275
330
273
100
AcDbEntity
  8
0
 62
0
100
AcDbVertex
100
AcDb2dVertex
 10
780
 20
-417
 70
0
  0
VERTEX
  5
276
330
273
100
AcDbEntity
  8
0
 62
0
100
AcDbVertex
100
AcDb2dVertex
 10
780
 20
-43
 70
0
  0
SEQEND
  5
274
100
AcDbEntity
  8
0
  0
POLYLINE
  5
277
330
1F
100
AcDbEntity
  8
0
 62
0
100
AcDb2dPolyline
 66
1
 70
0
 10
0
 20
0
 30
0
210
0
220
0
230
1
  0
VERTEX
  5
279
330
277
100
AcDbEntity
  8
0
 62
0
100
AcDbVertex
100
AcDb2dVertex
 10
770
 20
-417
 70
0
  0
VERTEX
  5
27A
330
277
100
AcDbEntity
  8
0
 62
0
100
AcDbVertex
100
AcDb2dVertex
 10
770
 20
-43
 70
0
  0
SEQEND
  5
278
100
AcDbEntity
  8
0
  0
POLYLINE
  5
27B
330
1F
100
AcDbEntity
  8
0
 62
0
100
AcDb2dPolyline
 66
1
 70
0
 10
0
 20
0
 30
0
210
0
220
0
230
1
  0
VERTEX
  5
27D
330
27B
100
AcDbEntity
  8
0
 62
0
100
AcDbVertex
100
AcDb2dVertex
 10
760
 20
-417
 70
0
  0
VERTEX
  5
27E
330
27B
100
AcDbEntity
  8
0
 62
0
100
AcDbVertex
100
AcDb2dVertex
 10
760
 20
-43
 70
0
  0
SEQEND
  5
27C
100
AcDbEntity
  8
0
  0
POLYLINE
  5
27F
330
1F
100
AcDbEntity
  8
0
 62
0
100
AcDb2dPolyline
 66
1
 70
0
 10
0
 20
0
 30
0
210
0
220
0
230
1
  0
VERTEX
  5
281
330
27F
100
AcDbEntity
  8
0
 62
0
100
AcDbVertex
100
AcDb2dVertex
 10
750
 20
-417
 70
0
  0
VERTEX
  5
282
330
27F
100
AcDbEntity
  8
0
 62
0
100
AcDbVertex
100
AcDb2dVertex
 10
750
 20
-43
 70
0
  0
SEQEND
  5
280
100
AcDbEntity
  8
0
  0
POLYLINE
  5
283
330
1F
100
AcDbEntity
  8
0
 62
0
100
AcDb2dPolyline
 66
1
 70
0
 10
0
 20
0
 30
0
210
0
220
0
230
1
  0
VERTEX
  5
285
330
283
100
AcDbEntity
  8
0
 62
0
100
AcDbVertex
100
AcDb2dVertex
 10
740
 20
-417
 70
0
  0
VERTEX
  5
286
330
283
100
AcDbEntity
  8
0
 62
0
100
AcDbVertex
100
AcDb2dVertex
 10
740
 20
-43
 70
0
  0
SEQEND
  5
284
100
AcDbEntity
  8
0
  0
POLYLINE
  5
287
330
1F
100
AcDbEntity
  8
0
 62
0
100
AcDb2dPolyline
 66
1
 70
0
 10
0
 20
0
 30
0
210
0
220
0
230
1
  0
VERTEX
  5
289
330
287
100
AcDbEntity
  8
0
 62
0
100
AcDbVertex
100
AcDb2dVertex
 10
710
 20
-417
 70
0
  0
VERTEX
  5
28A
330
287
100
AcDbEntity
  8
0
 62
0
100
AcDbVertex
100
AcDb2dVertex
 10
710
 20
-43
 70
0
  0
SEQEND
  5
288
100
AcDbEntity
  8
0
  0
POLYLINE
  5
28B
330
1F
100
AcDbEntity
  8
0
 62
0
100
AcDb2dPolyline
 66
1
 70
0
 10
0
 20
0
 30
0
210
0
220
0
230
1
  0
VERTEX
  5
28D
330
28B
100
AcDbEntity
  8
0
 62
0
100
AcDbVertex
100
AcDb2dVertex
 10
700
 20
-417
 70
0
  0
VERTEX
  5
28E
330
28B
100
AcDbEntity
  8
0
 62
0
100
AcDbVertex
100
AcDb2dVertex
 10
700
 20
-43
 70
0
  0
SEQEND
  5
28C
100
AcDbEntity
  8
0
  0
POLYLINE
  5
28F
330
1F
100
AcDbEntity
  8
0
 62
0
100
AcDb2dPolyline
 66
1
 70
0
 10
0
 20
0
 30
0
210
0
220
0
230
1
  0
VERTEX
  5
291
330
28F
100
AcDbEntity
  8
0
 62
0
100
AcDbVertex
100
AcDb2dVertex
 10
690
 20
-417
 70
0
  0
VERTEX
  5
292
330
28F
100
AcDbEntity
  8
0
 62
0
100
AcDbVertex
100
AcDb2dVertex
 10
690
 20
-43
 70
0
  0
SEQEND
  5
290
100
AcDbEntity
  8
0
  0
POLYLINE
  5
293
330
1F
100
AcDbEntity
  8
0
 62
0
100
AcDb2dPolyline
 66
1
 70
0
 10
0
 20
0
 30
0
210
0
220
0
230
1
  0
VERTEX
  5
295
330
293
100
AcDbEntity
  8
0
 62
0
100
AcDbVertex
100
AcDb2dVertex
 10
680
 20
-417
 70
0
  0
VERTEX
  5
296
330
293
100
AcDbEntity
  8
0
 62
0
100
AcDbVertex
100
AcDb2dVertex
 10
680
 20
-43
 70
0
  0
SEQEND
  5
294
100
AcDbEntity
  8
0
  0
POLYLINE
  5
297
330
1F
100
AcDbEntity
  8
0
 62
0
100
AcDb2dPolyline
 66
1
 70
0
 10
0
 20
0
 30
0
210
0
220
0
230
1
  0
VERTEX
  5
299
330
297
100
AcDbEntity
  8
0
 62
0
100
AcDbVertex
100
AcDb2dVertex
 10
670
 20
-417
 70
0
  0
VERTEX
  5
29A
330
297
100
AcDbEntity
  8
0
 62
0
100
AcDbVertex
100
AcDb2dVertex
 10
670
 20
-43
 70
0
  0
SEQEND
  5
298
100
AcDbEntity
  8
0
  0
POLYLINE
  5
29B
330
1F
100
AcDbEntity
  8
0
 62
0
100
AcDb2dPolyline
 66
1
 70
0
 10
0
 20
0
 30
0
210
0
220
0
230
1
  0
VERTEX
  5
29D
330
29B
100
AcDbEntity
  8
0
 62
0
100
AcDbVertex
100
AcDb2dVertex
 10
660
 20
-417
 70
0
  0
VERTEX
  5
29E
330
29B
100
AcDbEntity
  8
0
 62
0
100
AcDbVertex
100
AcDb2dVertex
 10
660
 20
-43
 70
0
  0
SEQEND
  5
29C
100
AcDbEntity
  8
0
  0
POLYLINE
  5
29F
330
1F
100
AcDbEntity
  8
0
 62
0
100
AcDb2dPolyline
 66
1
 70
0
 10
0
 20
0
 30
0
210
0
220
0
230
1
  0
VERTEX
  5
2A1
330
29F
100
AcDbEntity
  8
0
 62
0
100
AcDbVertex
100
AcDb2dVertex
 10
650
 20
-417
 70
0
  0
VERTEX
  5
2A2
330
29F
100
AcDbEntity
  8
0
 62
0
100
AcDbVertex
100
AcDb2dVertex
 10
650
 20
-43
 70
0
  0
SEQEND
  5
2A0
100
AcDbEntity
  8
0
  0
POLYLINE
  5
2A3
330
1F
100
AcDbEntity
  8
0
 62
0
100
AcDb2dPolyline
 66
1
 70
0
 10
0
 20
0
 30
0
210
0
220
0
230
1
  0
VERTEX
  5
2A5
330
2A3
100
AcDbEntity
  8
0
 62
0
100
AcDbVertex
100
AcDb2dVertex
 10
640
 20
-417
 70
0
  0
VERTEX
  5
2A6
330
2A3
100
AcDbEntity
  8
0
 62
0
100
AcDbVertex
100
AcDb2dVertex
 10
640
 20
-43
 70
0
  0
SEQEND
  5
2A4
100
AcDbEntity
  8
0
  0
POLYLINE
  5
2A7
330
1F
100
AcDbEntity
  8
0
 62
0
100
AcDb2dPolyline
 66
1
 70
0
 10
0
 20
0
 30
0
210
0
220
0
230
1
  0
VERTEX
  5
2A9
330
2A7
100
AcDbEntity
  8
0
 62
0
100
AcDbVertex
100
AcDb2dVertex
 10
630
 20
-417
 70
0
  0
VERTEX
  5
2AA
330
2A7
100
AcDbEntity
  8
0
 62
0
100
AcDbVertex
100
AcDb2dVertex
 10
630
 20
-43
 70
0
  0
SEQEND
  5
2A8
100
AcDbEntity
  8
0
  0
POLYLINE
  5
2AB
330
1F
100
AcDbEntity
  8
0
 62
0
100
AcDb2dPolyline
 66
1
 70
0
 10
0
 20
0
 30
0
210
0
220
0
230
1
  0
VERTEX
  5
2AD
330
2AB
100
AcDbEntity
  8
0
 62
0
100
AcDbVertex
100
AcDb2dVertex
 10
600
 20
-417
 70
0
  0
VERTEX
  5
2AE
330
2AB
100
AcDbEntity
  8
0
 62
0
100
AcDbVertex
100
AcDb2dVertex
 10
600
 20
-43
 70
0
  0
SEQEND
  5
2AC
100
AcDbEntity
  8
0
  0
POLYLINE
  5
2AF
330
1F
100
AcDbEntity
  8
0
 62
0
100
AcDb2dPolyline
 66
1
 70
0
 10
0
 20
0
 30
0
210
0
220
0
230
1
  0
VERTEX
  5
2B1
330
2AF
100
AcDbEntity
  8
0
 62
0
100
AcDbVertex
100
AcDb2dVertex
 10
590
 20
-417
 70
0
  0
VERTEX
  5
2B2
330
2AF
100
AcDbEntity
  8
0
 62
0
100
AcDbVertex
100
AcDb2dVertex
 10
590
 20
-43
 70
0
  0
SEQEND
  5
2B0
100
AcDbEntity
  8
0
  0
POLYLINE
  5
2B3
330
1F
100
AcDbEntity
  8
0
 62
0
100
AcDb2dPolyline
 66
1
 70
0
 10
0
 20
0
 30
0
210
0
220
0
230
1
  0
VERTEX
  5
2B5
330
2B3
100
AcDbEntity
  8
0
 62
0
100
AcDbVertex
100
AcDb2dVertex
 10
580
 20
-417
 70
0
  0
VERTEX
  5
2B6
330
2B3
100
AcDbEntity
  8
0
 62
0
100
AcDbVertex
100
AcDb2dVertex
 10
580
 20
-43
 70
0
  0
SEQEND
  5
2B4
100
AcDbEntity
  8
0
  0
POLYLINE
  5
2B7
330
1F
100
AcDbEntity
  8
0
 62
0
100
AcDb2dPolyline
 66
1
 70
0
 10
0
 20
0
 30
0
210
0
220
0
230
1
  0
VERTEX
  5
2B9
330
2B7
100
AcDbEntity
  8
0
 62
0
100
AcDbVertex
100
AcDb2dVertex
 10
570
 20
-417
 70
0
  0
VERTEX
  5
2BA
330
2B7
100
AcDbEntity
  8
0
 62
0
100
AcDbVertex
100
AcDb2dVertex
 10
570
 20
-43
 70
0
  0
SEQEND
  5
2B8
100
AcDbEntity
  8
0
  0
POLYLINE
  5
2BB
330
1F
100
AcDbEntity
  8
0
 62
0
100
AcDb2dPolyline
 66
1
 70
0
 10
0
 20
0
 30
0
210
0
220
0
230
1
  0
VERTEX
  5
2BD
330
2BB
100
AcDbEntity
  8
0
 62
0
100
AcDbVertex
100
AcDb2dVertex
 10
560
 20
-417
 70
0
  0
VERTEX
  5
2BE
330
2BB
100
AcDbEntity
  8
0
 62
0
100
AcDbVertex
100
AcDb2dVertex
 10
560
 20
-43
 70
0
  0
SEQEND
  5
2BC
100
AcDbEntity
  8
0
  0
POLYLINE
  5
2BF
330
1F
100
AcDbEntity
  8
0
 62
0
100
AcDb2dPolyline
 66
1
 70
0
 10
0
 20
0
 30
0
210
0
220
0
230
1
  0
VERTEX
  5
2C1
330
2BF
100
AcDbEntity
  8
0
 62
0
100
AcDbVertex
100
AcDb2dVertex
 10
550
 20
-417
 70
0
  0
VERTEX
  5
2C2
330
2BF
100
AcDbEntity
  8
0
 62
0
100
AcDbVertex
100
AcDb2dVertex
 10
550
 20
-43
 70
0
  0
SEQEND
  5
2C0
100
AcDbEntity
  8
0
  0
POLYLINE
  5
2C3
330
1F
100
AcDbEntity
  8
0
 62
0
100
AcDb2dPolyline
 66
1
 70
0
 10
0
 20
0
 30
0
210
0
220
0
230
1
  0
VERTEX
  5
2C5
330
2C3
100
AcDbEntity
  8
0
 62
0
100
AcDbVertex
100
AcDb2dVertex
 10
540
 20
-417
 70
0
  0
VERTEX
  5
2C6
330
2C3
100
AcDbEntity
  8
0
 62
0
100
AcDbVertex
100
AcDb2dVertex
 10
540
 20
-43
 70
0
  0
SEQEND
  5
2C4
100
AcDbEntity
  8
0
  0
POLYLINE
  5
2C7
330
1F
100
AcDbEntity
  8
0
 62
0
100
AcDb2dPolyline
 66
1
 70
0
 10
0
 20
0
 30
0
210
0
220
0
230
1
  0
VERTEX
  5
2C9
330
2C7
100
AcDbEntity
  8
0
 62
0
100
AcDbVertex
100
AcDb2dVertex
 10
530
 20
-417
 70
0
  0
VERTEX
  5
2CA
330
2C7
100
AcDbEntity
  8
0
 62
0
100
AcDbVertex
100
AcDb2dVertex
 10
530
 20
-43
 70
0
  0
SEQEND
  5
2C8
100
AcDbEntity
  8
0
  0
POLYLINE
  5
2CB
330
1F
100
AcDbEntity
  8
0
 62
0
100
AcDb2dPolyline
 66
1
 70
0
 10
0
 20
0
 30
0
210
0
220
0
230
1
  0
VERTEX
  5
2CD
330
2CB
100
AcDbEntity
  8
0
 62
0
100
AcDbVertex
100
AcDb2dVertex
 10
520
 20
-417
 70
0
  0
VERTEX
  5
2CE
330
2CB
100
AcDbEntity
  8
0
 62
0
100
AcDbVertex
100
AcDb2dVertex
 10
520
 20
-43
 70
0
  0
SEQEND
  5
2CC
100
AcDbEntity
  8
0
  0
POLYLINE
  5
2CF
330
1F
100
AcDbEntity
  8
0
 62
0
100
AcDb2dPolyline
 66
1
 70
0
 10
0
 20
0
 30
0
210
0
220
0
230
1
  0
VERTEX
  5
2D1
330
2CF
100
AcDbEntity
  8
0
 62
0
100
AcDbVertex
100
AcDb2dVertex
 10
490
 20
-417
 70
0
  0
VERTEX
  5
2D2
330
2CF
100
AcDbEntity
  8
0
 62
0
100
AcDbVertex
100
AcDb2dVertex
 10
490
 20
-43
 70
0
  0
SEQEND
  5
2D0
100
AcDbEntity
  8
0
  0
POLYLINE
  5
2D3
330
1F
100
AcDbEntity
  8
0
 62
0
100
AcDb2dPolyline
 66
1
 70
0
 10
0
 20
0
 30
0
210
0
220
0
230
1
  0
VERTEX
  5
2D5
330
2D3
100
AcDbEntity
  8
0
 62
0
100
AcDbVertex
100
AcDb2dVertex
 10
480
 20
-417
 70
0
  0
VERTEX
  5
2D6
330
2D3
100
AcDbEntity
  8
0
 62
0
100
AcDbVertex
100
AcDb2dVertex
 10
480
 20
-43
 70
0
  0
SEQEND
  5
2D4
100
AcDbEntity
  8
0
  0
POLYLINE
  5
2D7
330
1F
100
AcDbEntity
  8
0
 62
0
100
AcDb2dPolyline
 66
1
 70
0
 10
0
 20
0
 30
0
210
0
220
0
230
1
  0
VERTEX
  5
2D9
330
2D7
100
AcDbEntity
  8
0
 62
0
100
AcDbVertex
100
AcDb2dVertex
 10
470
 20
-417
 70
0
  0
VERTEX
  5
2DA
330
2D7
100
AcDbEntity
  8
0
 62
0
100
AcDbVertex
100
AcDb2dVertex
 10
470
 20
-43
 70
0
  0
SEQEND
  5
2D8
100
AcDbEntity
  8
0
  0
POLYLINE
  5
2DB
330
1F
100
AcDbEntity
  8
0
 62
0
100
AcDb2dPolyline
 66
1
 70
0
 10
0
 20
0
 30
0
210
0
220
0
230
1
  0
VERTEX
  5
2DD
330
2DB
100
AcDbEntity
  8
0
 62
0
100
AcDbVertex
100
AcDb2dVertex
 10
460
 20
-417
 70
0
  0
VERTEX
  5
2DE
330
2DB
100
AcDbEntity
  8
0
 62
0
100
AcDbVertex
100
AcDb2dVertex
 10
460
 20
-43
 70
0
  0
SEQEND
  5
2DC
100
AcDbEntity
  8
0
  0
POLYLINE
  5
2DF
330
1F
100
AcDbEntity
  8
0
 62
0
100
AcDb2dPolyline
 66
1
 70
0
 10
0
 20
0
 30
0
210
0
220
0
230
1
  0
VERTEX
  5
2E1
330
2DF
100
AcDbEntity
  8
0
 62
0
100
AcDbVertex
100
AcDb2dVertex
 10
450
 20
-417
 70
0
  0
VERTEX
  5
2E2
330
2DF
100
AcDbEntity
  8
0
 62
0
100
AcDbVertex
100
AcDb2dVertex
 10
450
 20
-43
 70
0
  0
SEQEND
  5
2E0
100
AcDbEntity
  8
0
  0
POLYLINE
  5
2E3
330
1F
100
AcDbEntity
  8
0
 62
0
100
AcDb2dPolyline
 66
1
 70
0
 10
0
 20
0
 30
0
210
0
220
0
230
1
  0
VERTEX
  5
2E5
330
2E3
100
AcDbEntity
  8
0
 62
0
100
AcDbVertex
100
AcDb2dVertex
 10
440
 20
-417
 70
0
  0
VERTEX
  5
2E6
330
2E3
100
AcDbEntity
  8
0
 62
0
100
AcDbVertex
100
AcDb2dVertex
 10
440
 20
-43
 70
0
  0
SEQEND
  5
2E4
100
AcDbEntity
  8
0
  0
POLYLINE
  5
2E7
330
1F
100
AcDbEntity
  8
0
 62
0
100
AcDb2dPolyline
 66
1
 70
0
 10
0
 20
0
 30
0
210
0
220
0
230
1
  0
VERTEX
  5
2E9
330
2E7
100
AcDbEntity
  8
0
 62
0
100
AcDbVertex
100
AcDb2dVertex
 10
430
 20
-417
 70
0
  0
VERTEX
  5
2EA
330
2E7
100
AcDbEntity
  8
0
 62
0
100
AcDbVertex
100
AcDb2dVertex
 10
430
 20
-43
 70
0
  0
SEQEND
  5
2E8
100
AcDbEntity
  8
0
  0
POLYLINE
  5
2EB
330
1F
100
AcDbEntity
  8
0
 62
0
100
AcDb2dPolyline
 66
1
 70
0
 10
0
 20
0
 30
0
210
0
220
0
230
1
  0
VERTEX
  5
2ED
330
2EB
100
AcDbEntity
  8
0
 62
0
100
AcDbVertex
100
AcDb2dVertex
 10
420
 20
-417
 70
0
  0
VERTEX
  5
2EE
330
2EB
100
AcDbEntity
  8
0
 62
0
100
AcDbVertex
100
AcDb2dVertex
 10
420
 20
-43
 70
0
  0
SEQEND
  5
2EC
100
AcDbEntity
  8
0
  0
POLYLINE
  5
2EF
330
1F
100
AcDbEntity
  8
0
 62
0
100
AcDb2dPolyline
 66
1
 70
0
 10
0
 20
0
 30
0
210
0
220
0
230
1
  0
VERTEX
  5
2F1
330
2EF
100
AcDbEntity
  8
0
 62
0
100
AcDbVertex
100
AcDb2dVertex
 10
410
 20
-417
 70
0
  0
VERTEX
  5
2F2
330
2EF
100
AcDbEntity
  8
0
 62
0
100
AcDbVertex
100
AcDb2dVertex
 10
410
 20
-43
 70
0
  0
SEQEND
  5
2F0
100
AcDbEntity
  8
0
  0
POLYLINE
  5
2F3
330
1F
100
AcDbEntity
  8
0
 62
0
100
AcDb2dPolyline
 66
1
 70
0
 10
0
 20
0
 30
0
210
0
220
0
230
1
  0
VERTEX
  5
2F5
330
2F3
100
AcDbEntity
  8
0
 62
0
100
AcDbVertex
100
AcDb2dVertex
 10
400
 20
-417
 70
0
  0
VERTEX
  5
2F6
330
2F3
100
AcDbEntity
  8
0
 62
0
100
AcDbVertex
100
AcDb2dVertex
 10
400
 20
-43
 70
0
  0
SEQEND
  5
2F4
100
AcDbEntity
  8
0
  0
POLYLINE
  5
2F7
330
1F
100
AcDbEntity
  8
0
 62
0
100
AcDb2dPolyline
 66
1
 70
0
 10
0
 20
0
 30
0
210
0
220
0
230
1
  0
VERTEX
  5
2F9
330
2F7
100
AcDbEntity
  8
0
 62
0
100
AcDbVertex
100
AcDb2dVertex
 10
1250
 20
-307
 70
0
  0
VERTEX
  5
2FA
330
2F7
100
AcDbEntity
  8
0
 62
0
100
AcDbVertex
100
AcDb2dVertex
 10
770
 20
-307
 70
0
  0
VERTEX
  5
2FB
330
2F7
100
AcDbEntity
  8
0
 62
0
100
AcDbVertex
100
AcDb2dVertex
 10
770
 20
-306.99996948242188
 70
0
  0
VERTEX
  5
2FC
330
2F7
100
AcDbEntity
  8
0
 62
0
100
AcDbVertex
100
AcDb2dVertex
 10
764.47711181640625
 20
-307
 70
0
  0
VERTEX
  5
2FD
330
2F7
100
AcDbEntity
  8
0
 62
0
100
AcDbVertex
100
AcDb2dVertex
 10
760
 20
-302.5228271484375
 70
0
  0
VERTEX
  5
2FE
330
2F7
100
AcDbEntity
  8
0
 62
0
100
AcDbVertex
100
AcDb2dVertex
 10
760
 20
-297
 70
0
  0
VERTEX
  5
2FF
330
2F7
100
AcDbEntity
  8
0
 62
0
100
AcDbVertex
100
AcDb2dVertex
 10
760
 20
-53
 70
0
  0
VERTEX
  5
300
330
2F7
100
AcDbEntity
  8
0
 62
0
100
AcDbVertex
100
AcDb2dVertex
 10
759.99993896484375
 20
-52.999996185302734
 70
0
  0
VERTEX
  5
301
330
2F7
100
AcDbEntity
  8
0
 62
0
100
AcDbVertex
100
AcDb2dVertex
 10
759.99993896484375
 20
-47.477149963378906
 70
0
  0
VERTEX
  5
302
330
2F7
100
AcDbEntity
  8
0
 62
0
100
AcDbVertex
100
AcDb2dVertex
 10
755.5228271484375
 20
-42.999996185302734
 70
0
  0
VERTEX
  5
303
330
2F7
100
AcDbEntity
  8
0
 62
0
100
AcDbVertex
100
AcDb2dVertex
 10
749.99993896484375
 20
-42.999996185302734
 70
0
  0
VERTEX
  5
304
330
2F7
100
AcDbEntity
  8
0
 62
0
100
AcDbVertex
100
AcDb2dVertex
 10
749.99993896484375
 20
-42.999996185302734
 70
0
  0
VERTEX
  5
305
330
2F7
100
AcDbEntity
  8
0
 62
0
100
AcDbVertex
100
AcDb2dVertex
 10
749.99993896484375
 20
-43
 70
0
  0
VERTEX
  5
306
330
2F7
100
AcDbEntity
  8
0
 62
0
100
AcDbVertex
100
AcDb2dVertex
 10
749.99993896484375
 20
-43
 70
0
  0
VERTEX
  5
307
330
2F7
100
AcDbEntity
  8
0
 62
0
100
AcDbVertex
100
AcDb2dVertex
 10
750
 20
-43
 70
0
  0
VERTEX
  5
308
330
2F7
100
AcDbEntity
  8
0
 62
0
100
AcDbVertex
100
AcDb2dVertex
 10
370
 20
-43
 70
0
  0
SEQEND
  5
2F8
100
AcDbEntity
  8
0
  0
POLYLINE
  5
309
330
1F
100
AcDbEntity
  8
0
 62
0
100
AcDb2dPolyline
 66
1
 70
0
 10
0
 20
0
 30
0
210
0
220
0
230
1
  0
VERTEX
  5
30B
330
309
100
AcDbEntity
  8
0
 62
0
100
AcDbVertex
100
AcDb2dVertex
 10
1240
 20
-307
 70
0
  0
VERTEX
  5
30C
330
309
100
AcDbEntity
  8
0
 62
0
100
AcDbVertex
100
AcDb2dVertex
 10
770
 20
-307
 70
0
  0
VERTEX
  5
30D
330
309
100
AcDbEntity
  8
0
 62
0
100
AcDbVertex
100
AcDb2dVertex
 10
770
 20
-306.99996948242188
 70
0
  0
VERTEX
  5
30E
330
309
100
AcDbEntity
  8
0
 62
0
100
AcDbVertex
100
AcDb2dVertex
 10
764.47711181640625
 20
-307
 70
0
  0
VERTEX
  5
30F
330
309
100
AcDbEntity
  8
0
 62
0
100
AcDbVertex
100
AcDb2dVertex
 10
760
 20
-302.5228271484375
 70
0
  0
VERTEX
  5
310
330
309
100
AcDbEntity
  8
0
 62
0
100
AcDbVertex
100
AcDb2dVertex
 10
760
 20
-297
 70
0
  0
VERTEX
  5
311
330
309
100
AcDbEntity
  8
0
 62
0
100
AcDbVertex
100
AcDb2dVertex
 10
760
 20
-53
 70
0
  0
VERTEX
  5
312
330
309
100
AcDbEntity
  8
0
 62
0
100
AcDbVertex
100
AcDb2dVertex
 10
759.99993896484375
 20
-52.999996185302734
 70
0
  0
VERTEX
  5
313
330
309
100
AcDbEntity
  8
0
 62
0
100
AcDbVertex
100
AcDb2dVertex
 10
759.99993896484375
 20
-47.477149963378906
 70
0
  0
VERTEX
  5
314
330
309
100
AcDbEntity
  8
0
 62
0
100
AcDbVertex
100
AcDb2dVertex
 10
755.5228271484375
 20
-42.999996185302734
 70
0
  0
VERTEX
  5
315
330
309
100
AcDbEntity
  8
0
 62
0
100
AcDbVertex
100
AcDb2dVertex
 10
749.99993896484375
 20
-42.999996185302734
 70
0
  0
VERTEX
  5
316
330
309
100
AcDbEntity
  8
0
 62
0
100
AcDbVertex
100
AcDb2dVertex
 10
749.99993896484375
 20
-42.999996185302734
 70
0
  0
VERTEX
  5
317
330
309
100
AcDbEntity
  8
0
 62
0
100
AcDbVertex
100
AcDb2dVertex
 10
749.99993896484375
 20
-43
 70
0
  0
VERTEX
  5
318
330
309
100
AcDbEntity
  8
0
 62
0
100
AcDbVertex
100
AcDb2dVertex
 10
749.99993896484375
 20
-43
 70
0
  0
VERTEX
  5
319
330
309
100
AcDbEntity
  8
0
 62
0
100
AcDbVertex
100
AcDb2dVertex
 10
750
 20
-43
 70
0
  0
VERTEX
  5
31A
330
309
100
AcDbEntity
  8
0
 62
0
100
AcDbVertex
100
AcDb2dVertex
 10
360
 20
-43
 70
0
  0
SEQEND
  5
30A
100
AcDbEntity
  8
0
  0
POLYLINE
  5
31B
330
1F
100
AcDbEntity
  8
0
 62
0
100
AcDb2dPolyline
 66
1
 70
0
 10
0
 20
0
 30
0
210
0
220
0
230
1
  0
VERTEX
  5
31D
330
31B
100
AcDbEntity
  8
0
 62
0
100
AcDbVertex
100
AcDb2dVertex
 10
1230
 20
-307
 70
0
  0
VERTEX
  5
31E
330
31B
100
AcDbEntity
  8
0
 62
0
100
AcDbVertex
100
AcDb2dVertex
 10
770
 20
-307
 70
0
  0
VERTEX
  5
31F
330
31B
100
AcDbEntity
  8
0
 62
0
100
AcDbVertex
100
AcDb2dVertex
 10
770
 20
-306.99996948242188
 70
0
  0
VERTEX
  5
320
330
31B
100
AcDbEntity
  8
0
 62
0
100
AcDbVertex
100
AcDb2dVertex
 10
764.47711181640625
 20
-307
 70
0
  0
VERTEX
  5
321
330
31B
100
AcDbEntity
  8
0
 62
0
100
AcDbVertex
100
AcDb2dVertex
 10
760
 20
-302.5228271484375
 70
0
  0
VERTEX
  5
322
330
31B
100
AcDbEntity
  8
0
 62
0
100
AcDbVertex
100
AcDb2dVertex
 10
760
 20
-297
 70
0
  0
VERTEX
  5
323
330
31B
100
AcDbEntity
  8
0
 62
0
100
AcDbVertex
100
AcDb2dVertex
 10
760
 20
-53
 70
0
  0
VERTEX
  5
324
330
31B
100
AcDbEntity
  8
0
 62
0
100
AcDbVertex
100
AcDb2dVertex
 10
759.99993896484375
 20
-52.999996185302734
 70
0
  0
VERTEX
  5
325
330
31B
100
AcDbEntity
  8
0
 62
0
100
AcDbVertex
100
AcDb2dVertex
 10
759.99993896484375
 20
-47.477149963378906
 70
0
  0
VERTEX
  5
326
330
31B
100
AcDbEntity
  8
0
 62
0
100
AcDbVertex
100
AcDb2dVertex
 10
755.5228271484375
 20
-42.999996185302734
 70
0
  0
VERTEX
  5
327
330
31B
100
AcDbEntity
  8
0
 62
0
100
AcDbVertex
100
AcDb2dVertex
 10
749.99993896484375
 20
-42.999996185302734
 70
0
  0
VERTEX
  5
328
330
31B
100
AcDbEntity
  8
0
 62
0
100
AcDbVertex
100
AcDb2dVertex
 10
749.99993896484375
 20
-42.999996185302734
 70
0
  0
VERTEX
  5
329
330
31B
100
AcDbEntity
  8
0
 62
0
100
AcDbVertex
100
AcDb2dVertex
 10
749.99993896484375
 20
-43
 70
0
  0
VERTEX
  5
32A
330
31B
100
AcDbEntity
  8
0
 62
0
100
AcDbVertex
100
AcDb2dVertex
 10
749.99993896484375
 20
-43
 70
0
  0
VERTEX
  5
32B
330
31B
100
AcDbEntity
  8
0
 62
0
100
AcDbVertex
100
AcDb2dVertex
 10
750
 20
-43
 70
0
  0
VERTEX
  5
32C
330
31B
100
AcDbEntity
  8
0
 62
0
100
AcDbVertex
100
AcDb2dVertex
 10
350
 20
-43
 70
0
  0
SEQEND
  5
31C
100
AcDbEntity
  8
0
  0
POLYLINE
  5
32D
330
1F
100
AcDbEntity
  8
0
 62
0
100
AcDb2dPolyline
 66
1
 70
0
 10
0
 20
0
 30
0
210
0
220
0
230
1
  0
VERTEX
  5
32F
330
32D
100
AcDbEntity
  8
0
 62
0
100
AcDbVertex
100
AcDb2dVertex
 10
1220
 20
-307
 70
0
  0
VERTEX
  5
330
330
32D
100
AcDbEntity
  8
0
 62
0
100
AcDbVertex
100
AcDb2dVertex
 10
770
 20
-307
 70
0
  0
VERTEX
  5
331
330
32D
100
AcDbEntity
  8
0
 62
0
100
AcDbVertex
100
AcDb2dVertex
 10
770
 20
-306.99996948242188
 70
0
  0
VERTEX
  5
332
330
32D
100
AcDbEntity
  8
0
 62
0
100
AcDbVertex
100
AcDb2dVertex
 10
764.47711181640625
 20
-307
 70
0
  0
VERTEX
  5
333
330
32D
100
AcDbEntity
  8
0
 62
0
100
AcDbVertex
100
AcDb2dVertex
 10
760
 20
-302.5228271484375
 70
0
  0
VERTEX
  5
334
330
32D
100
AcDbEntity
  8
0
 62
0
100
AcDbVertex
100
AcDb2dVertex
 10
760
 20
-297
 70
0
  0
VERTEX
  5
335
330
32D
100
AcDbEntity
  8
0
 62
0
100
AcDbVertex
100
AcDb2dVertex
 10
760
 20
-53
 70
0
  0
VERTEX
  5
336
330
32D
100
AcDbEntity
  8
0
 62
0
100
AcDbVertex
100
AcDb2dVertex
 10
759.99993896484375
 20
-52.999996185302734
 70
0
  0
VERTEX
  5
337
330
32D
100
AcDbEntity
  8
0
 62
0
100
AcDbVertex
100
AcDb2dVertex
 10
759.99993896484375
 20
-47.477149963378906
 70
0
  0
VERTEX
  5
338
330
32D
100
AcDbEntity
  8
0
 62
0
100
AcDbVertex
100
AcDb2dVertex
 10
755.5228271484375
 20
-42.999996185302734
 70
0
  0
VERTEX
  5
339
330
32D
100
AcDbEntity
  8
0
 62
0
100
AcDbVertex
100
AcDb2dVertex
 10
749.99993896484375
 20
-42.999996185302734
 70
0
  0
VERTEX
  5
33A
330
32D
100
AcDbEntity
  8
0
 62
0
100
AcDbVertex
100
AcDb2dVertex
 10
749.99993896484375
 20
-42.999996185302734
 70
0
  0
VERTEX
  5
33B
330
32D
100
AcDbEntity
  8
0
 62
0
100
AcDbVertex
100
AcDb2dVertex
 10
749.99993896484375
 20
-43
 70
0
  0
VERTEX
  5
33C
330
32D
100
AcDbEntity
  8
0
 62
0
100
AcDbVertex
100
AcDb2dVertex
 10
749.99993896484375
 20
-43
 70
0
  0
VERTEX
  5
33D
330
32D
100
AcDbEntity
  8
0
 62
0
100
AcDbVertex
100
AcDb2dVertex
 10
750
 20
-43
 70
0
  0
VERTEX
  5
33E
330
32D
100
AcDbEntity
  8
0
 62
0
100
AcDbVertex
100
AcDb2dVertex
 10
340
 20
-43
 70
0
  0
SEQEND
  5
32E
100
AcDbEntity
  8
0
  0
POLYLINE
  5
33F
330
1F
100
AcDbEntity
  8
0
 62
0
100
AcDb2dPolyline
 66
1
 70
0
 10
0
 20
0
 30
0
210
0
220
0
230
1
  0
VERTEX
  5
341
330
33F
100
AcDbEntity
  8
0
 62
0
100
AcDbVertex
100
AcDb2dVertex
 10
1210
 20
-307
 70
0
  0
VERTEX
  5
342
330
33F
100
AcDbEntity
  8
0
 62
0
100
AcDbVertex
100
AcDb2dVertex
 10
770
 20
-307
 70
0
  0
VERTEX
  5
343
330
33F
100
AcDbEntity
  8
0
 62
0
100
AcDbVertex
100
AcDb2dVertex
 10
770
 20
-306.99996948242188
 70
0
  0
VERTEX
  5
344
330
33F
100
AcDbEntity
  8
0
 62
0
100
AcDbVertex
100
AcDb2dVertex
 10
764.47711181640625
 20
-307
 70
0
  0
VERTEX
  5
345
330
33F
100
AcDbEntity
  8
0
 62
0
100
AcDbVertex
100
AcDb2dVertex
 10
760
 20
-302.5228271484375
 70
0
  0
VERTEX
  5
346
330
33F
100
AcDbEntity
  8
0
 62
0
100
AcDbVertex
100
AcDb2dVertex
 10
760
 20
-297
 70
0
  0
VERTEX
  5
347
330
33F
100
AcDbEntity
  8
0
 62
0
100
AcDbVertex
100
AcDb2dVertex
 10
760
 20
-53
 70
0
  0
VERTEX
  5
348
330
33F
100
AcDbEntity
  8
0
 62
0
100
AcDbVertex
100
AcDb2dVertex
 10
759.99993896484375
 20
-52.999996185302734
 70
0
  0
VERTEX
  5
349
330
33F
100
AcDbEntity
  8
0
 62
0
100
AcDbVertex
100
AcDb2dVertex
 10
759.99993896484375
 20
-47.477149963378906
 70
0
  0
VERTEX
  5
34A
330
33F
100
AcDbEntity
  8
0
 62
0
100
AcDbVertex
100
AcDb2dVertex
 10
755.5228271484375
 20
-42.999996185302734
 70
0
  0
VERTEX
  5
34B
330
33F
100
AcDbEntity
  8
0
 62
0
100
AcDbVertex
100
AcDb2dVertex
 10
749.99993896484375
 20
-42.999996185302734
 70
0
  0
VERTEX
  5
34C
330
33F
100
AcDbEntity
  8
0
 62
0
100
AcDbVertex
100
AcDb2dVertex
 10
749.99993896484375
 20
-42.999996185302734
 70
0
  0
VERTEX
  5
34D
330
33F
100
AcDbEntity
  8
0
 62
0
100
AcDbVertex
100
AcDb2dVertex
 10
749.99993896484375
 20
-43
 70
0
  0
VERTEX
  5
34E
330
33F
100
AcDbEntity
  8
0
 62
0
100
AcDbVertex
100
AcDb2dVertex
 10
749.99993896484375
 20
-43
 70
0
  0
VERTEX
  5
34F
330
33F
100
AcDbEntity
  8
0
 62
0
100
AcDbVertex
100
AcDb2dVertex
 10
750
 20
-43
 70
0
  0
VERTEX
  5
350
330
33F
100
AcDbEntity
  8
0
 62
0
100
AcDbVertex
100
AcDb2dVertex
 10
330
 20
-43
 70
0
  0
SEQEND
  5
340
100
AcDbEntity
  8
0
  0
POLYLINE
  5
351
330
1F
100
AcDbEntity
  8
0
 62
0
100
AcDb2dPolyline
 66
1
 70
0
 10
0
 20
0
 30
0
210
0
220
0
230
1
  0
VERTEX
  5
353
330
351
100
AcDbEntity
  8
0
 62
0
100
AcDbVertex
100
AcDb2dVertex
 10
1200
 20
-307
 70
0
  0
VERTEX
  5
354
330
351
100
AcDbEntity
  8
0
 62
0
100
AcDbVertex
100
AcDb2dVertex
 10
770
 20
-307
 70
0
  0
VERTEX
  5
355
330
351
100
AcDbEntity
  8
0
 62
0
100
AcDbVertex
100
AcDb2dVertex
 10
770
 20
-306.99996948242188
 70
0
  0
VERTEX
  5
356
330
351
100
AcDbEntity
  8
0
 62
0
100
AcDbVertex
100
AcDb2dVertex
 10
764.47711181640625
 20
-307
 70
0
  0
VERTEX
  5
357
330
351
100
AcDbEntity
  8
0
 62
0
100
AcDbVertex
100
AcDb2dVertex
 10
760
 20
-302.5228271484375
 70
0
  0
VERTEX
  5
358
330
351
100
AcDbEntity
  8
0
 62
0
100
AcDbVertex
100
AcDb2dVertex
 10
760
 20
-297
 70
0
  0
VERTEX
  5
359
330
351
100
AcDbEntity
  8
0
 62
0
100
AcDbVertex
100
AcDb2dVertex
 10
760
 20
-53
 70
0
  0
VERTEX
  5
35A
330
351
100
AcDbEntity
  8
0
 62
0
100
AcDbVertex
100
AcDb2dVertex
 10
759.99993896484375
 20
-52.999996185302734
 70
0
  0
VERTEX
  5
35B
330
351
100
AcDbEntity
  8
0
 62
0
100
AcDbVertex
100
AcDb2dVertex
 10
759.99993896484375
 20
-47.477149963378906
 70
0
  0
VERTEX
  5
35C
330
351
100
AcDbEntity
  8
0
 62
0
100
AcDbVertex
100
AcDb2dVertex
 10
755.5228271484375
 20
-42.999996185302734
 70
0
  0
VERTEX
  5
35D
330
351
100
AcDbEntity
  8
0
 62
0
100
AcDbVertex
100
AcDb2dVertex
 10
749.99993896484375
 20
-42.999996185302734
 70
0
  0
VERTEX
  5
35E
330
351
100
AcDbEntity
  8
0
 62
0
100
AcDbVertex
100
AcDb2dVertex
 10
749.99993896484375
 20
-42.999996185302734
 70
0
  0
VERTEX
  5
35F
330
351
100
AcDbEntity
  8
0
 62
0
100
AcDbVertex
100
AcDb2dVertex
 10
749.99993896484375
 20
-43
 70
0
  0
VERTEX
  5
360
330
351
100
AcDbEntity
  8
0
 62
0
100
AcDbVertex
100
AcDb2dVertex
 10
749.99993896484375
 20
-43
 70
0
  0
VERTEX
  5
361
330
351
100
AcDbEntity
  8
0
 62
0
100
AcDbVertex
100
AcDb2dVertex
 10
750
 20
-43
 70
0
  0
VERTEX
  5
362
330
351
100
AcDbEntity
  8
0
 62
0
100
AcDbVertex
100
AcDb2dVertex
 10
320
 20
-43
 70
0
  0
SEQEND
  5
352
100
AcDbEntity
  8
0
  0
POLYLINE
  5
363
330
1F
100
AcDbEntity
  8
0
 62
0
100
AcDb2dPolyline
 66
1
 70
0
 10
0
 20
0
 30
0
210
0
220
0
230
1
  0
VERTEX
  5
365
330
363
100
AcDbEntity
  8
0
 62
0
100
AcDbVertex
100
AcDb2dVertex
 10
1190
 20
-307
 70
0
  0
VERTEX
  5
366
330
363
100
AcDbEntity
  8
0
 62
0
100
AcDbVertex
100
AcDb2dVertex
 10
770
 20
-307
 70
0
  0
VERTEX
  5
367
330
363
100
AcDbEntity
  8
0
 62
0
100
AcDbVertex
100
AcDb2dVertex
 10
770
 20
-306.99996948242188
 70
0
  0
VERTEX
  5
368
330
363
100
AcDbEntity
  8
0
 62
0
100
AcDbVertex
100
AcDb2dVertex
 10
764.47711181640625
 20
-307
 70
0
  0
VERTEX
  5
369
330
363
100
AcDbEntity
  8
0
 62
0
100
AcDbVertex
100
AcDb2dVertex
 10
760
 20
-302.5228271484375
 70
0
  0
VERTEX
  5
36A
330
363
100
AcDbEntity
  8
0
 62
0
100
AcDbVertex
100
AcDb2dVertex
 10
760
 20
-297
 70
0
  0
VERTEX
  5
36B
330
363
100
AcDbEntity
  8
0
 62
0
100
AcDbVertex
100
AcDb2dVertex
 10
760
 20
-53
 70
0
  0
VERTEX
  5
36C
330
363
100
AcDbEntity
  8
0
 62
0
100
AcDbVertex
100
AcDb2dVertex
 10
759.99993896484375
 20
-52.999996185302734
 70
0
  0
VERTEX
  5
36D
330
363
100
AcDbEntity
  8
0
 62
0
100
AcDbVertex
100
AcDb2dVertex
 10
759.99993896484375
 20
-47.477149963378906
 70
0
  0
VERTEX
  5
36E
330
363
100
AcDbEntity
  8
0
 62
0
100
AcDbVertex
100
AcDb2dVertex
 10
755.5228271484375
 20
-42.999996185302734
 70
0
  0
VERTEX
  5
36F
330
363
100
AcDbEntity
  8
0
 62
0
100
AcDbVertex
100
AcDb2dVertex
 10
749.99993896484375
 20
-42.999996185302734
 70
0
  0
VERTEX
  5
370
330
363
100
AcDbEntity
  8
0
 62
0
100
AcDbVertex
100
AcDb2dVertex
 10
749.99993896484375
 20
-42.999996185302734
 70
0
  0
VERTEX
  5
371
330
363
100
AcDbEntity
  8
0
 62
0
100
AcDbVertex
100
AcDb2dVertex
 10
749.99993896484375
 20
-43
 70
0
  0
VERTEX
  5
372
330
363
100
AcDbEntity
  8
0
 62
0
100
AcDbVertex
100
AcDb2dVertex
 10
749.99993896484375
 20
-43
 70
0
  0
VERTEX
  5
373
330
363
100
AcDbEntity
  8
0
 62
0
100
AcDbVertex
100
AcDb2dVertex
 10
750
 20
-43
 70
0
  0
VERTEX
  5
374
330
363
100
AcDbEntity
  8
0
 62
0
100
AcDbVertex
100
AcDb2dVertex
 10
310
 20
-43
 70
0
  0
SEQEND
  5
364
100
AcDbEntity
  8
0
  0
POLYLINE
  5
375
330
1F
100
AcDbEntity
  8
0
 62
0
100
AcDb2dPolyline
 66
1
 70
0
 10
0
 20
0
 30
0
210
0
220
0
230
1
  0
VERTEX
  5
377
330
375
100
AcDbEntity
  8
0
 62
0
100
AcDbVertex
100
AcDb2dVertex
 10
1180
 20
-307
 70
0
  0
VERTEX
  5
378
330
375
100
AcDbEntity
  8
0
 62
0
100
AcDbVertex
100
AcDb2dVertex
 10
770
 20
-307
 70
0
  0
VERTEX
  5
379
330
375
100
AcDbEntity
  8
0
 62
0
100
AcDbVertex
100
AcDb2dVertex
 10
770
 20
-306.99996948242188
 70
0
  0
VERTEX
  5
37A
330
375
100
AcDbEntity
  8
0
 62
0
100
AcDbVertex
100
AcDb2dVertex
 10
764.47711181640625
 20
-307
 70
0
  0
VERTEX
  5
37B
330
375
100
AcDbEntity
  8
0
 62
0
100
AcDbVertex
100
AcDb2dVertex
 10
760
 20
-302.5228271484375
 70
0
  0
VERTEX
  5
37C
330
375
100
AcDbEntity
  8
0
 62
0
100
AcDbVertex
100
AcDb2dVertex
 10
760
 20
-297
 70
0
  0
VERTEX
  5
37D
330
375
100
AcDbEntity
  8
0
 62
0
100
AcDbVertex
100
AcDb2dVertex
 10
760
 20
-53
 70
0
  0
VERTEX
  5
37E
330
375
100
AcDbEntity
  8
0
 62
0
100
AcDbVertex
100
AcDb2dVertex
 10
759.99993896484375
 20
-52.999996185302734
 70
0
  0
VERTEX
  5
37F
330
375
100
AcDbEntity
  8
0
 62
0
100
AcDbVertex
100
AcDb2dVertex
 10
759.99993896484375
 20
-47.477149963378906
 70
0
  0
VERTEX
  5
380
330
375
100
AcDbEntity
  8
0
 62
0
100
AcDbVertex
100
AcDb2dVertex
 10
755.5228271484375
 20
-42.999996185302734
 70
0
  0
VERTEX
  5
381
330
375
100
AcDbEntity
  8
0
 62
0
100
AcDbVertex
100
AcDb2dVertex
 10
749.99993896484375
 20
-42.999996185302734
 70
0
  0
VERTEX
  5
382
330
375
100
AcDbEntity
  8
0
 62
0
100
AcDbVertex
100
AcDb2dVertex
 10
749.99993896484375
 20
-42.999996185302734
 70
0
  0
VERTEX
  5
383
330
375
100
AcDbEntity
  8
0
 62
0
100
AcDbVertex
100
AcDb2dVertex
 10
749.99993896484375
 20
-43
 70
0
  0
VERTEX
  5
384
330
375
100
AcDbEntity
  8
0
 62
0
100
AcDbVertex
100
AcDb2dVertex
 10
749.99993896484375
 20
-43
 70
0
  0
VERTEX
  5
385
330
375
100
AcDbEntity
  8
0
 62
0
100
AcDbVertex
100
AcDb2dVertex
 10
750
 20
-43
 70
0
  0
VERTEX
  5
386
330
375
100
AcDbEntity
  8
0
 62
0
100
AcDbVertex
100
AcDb2dVertex
 10
300
 20
-43
 70
0
  0
SEQEND
  5
376
100
AcDbEntity
  8
0
  0
POLYLINE
  5
387
330
1F
100
AcDbEntity
  8
0
 62
0
100
AcDb2dPolyline
 66
1
 70
0
 10
0
 20
0
 30
0
210
0
220
0
230
1
  0
VERTEX
  5
389
330
387
100
AcDbEntity
  8
0
 62
0
100
AcDbVertex
100
AcDb2dVertex
 10
1170
 20
-307
 70
0
  0
VERTEX
  5
38A
330
387
100
AcDbEntity
  8
0
 62
0
100
AcDbVertex
100
AcDb2dVertex
 10
770
 20
-307
 70
0
  0
VERTEX
  5
38B
330
387
100
AcDbEntity
  8
0
 62
0
100
AcDbVertex
100
AcDb2dVertex
 10
770
 20
-306.99996948242188
 70
0
  0
VERTEX
  5
38C
330
387
100
AcDbEntity
  8
0
 62
0
100
AcDbVertex
100
AcDb2dVertex
 10
764.47711181640625
 20
-307
 70
0
  0
VERTEX
  5
38D
330
387
100
AcDbEntity
  8
0
 62
0
100
AcDbVertex
100
AcDb2dVertex
 10
760
 20
-302.5228271484375
 70
0
  0
VERTEX
  5
38E
330
387
100
AcDbEntity
  8
0
 62
0
100
AcDbVertex
100
AcDb2dVertex
 10
760
 20
-297
 70
0
  0
VERTEX
  5
38F
330
387
100
AcDbEntity
  8
0
 62
0
100
AcDbVertex
100
AcDb2dVertex
 10
760
 20
-53
 70
0
  0
VERTEX
  5
390
330
387
100
AcDbEntity
  8
0
 62
0
100
AcDbVertex
100
AcDb2dVertex
 10
759.99993896484375
 20
-52.999996185302734
 70
0
  0
VERTEX
  5
391
330
387
100
AcDbEntity
  8
0
 62
0
100
AcDbVertex
100
AcDb2dVertex
 10
759.99993896484375
 20
-47.477149963378906
 70
0
  0
VERTEX
  5
392
330
387
100
AcDbEntity
  8
0
 62
0
100
AcDbVertex
100
AcDb2dVertex
 10
755.5228271484375
 20
-42.999996185302734
 70
0
  0
VERTEX
  5
393
330
387
100
AcDbEntity
  8
0
 62
0
100
AcDbVertex
100
AcDb2dVertex
 10
749.99993896484375
 20
-42.999996185302734
 70
0
  0
VERTEX
  5
394
330
387
100
AcDbEntity
  8
0
 62
0
100
AcDbVertex
100
AcDb2dVertex
 10
749.99993896484375
 20
-42.999996185302734
 70
0
  0
VERTEX
  5
395
330
387
100
AcDbEntity
  8
0
 62
0
100
AcDbVertex
100
AcDb2dVertex
 10
749.99993896484375
 20
-43
 70
0
  0
VERTEX
  5
396
330
387
100
AcDbEntity
  8
0
 62
0
100
AcDbVertex
100
AcDb2dVertex
 10
749.99993896484375
 20
-43
 70
0
  0
VERTEX
  5
397
330
387
100
AcDbEntity
  8
0
 62
0
100
AcDbVertex
100
AcDb2dVertex
 10
750
 20
-43
 70
0
  0
VERTEX
  5
398
330
387
100
AcDbEntity
  8
0
 62
0
100
AcDbVertex
100
AcDb2dVertex
 10
290
 20
-43
 70
0
  0
SEQEND
  5
388
100
AcDbEntity
  8
0
  0
POLYLINE
  5
399
330
1F
100
AcDbEntity
  8
0
 62
0
100
AcDb2dPolyline
 66
1
 70
0
 10
0
 20
0
 30
0
210
0
220
0
230
1
  0
VERTEX
  5
39B
330
399
100
AcDbEntity
  8
0
 62
0
100
AcDbVertex
100
AcDb2dVertex
 10
1160
 20
-307
 70
0
  0
VERTEX
  5
39C
330
399
100
AcDbEntity
  8
0
 62
0
100
AcDbVertex
100
AcDb2dVertex
 10
770
 20
-307
 70
0
  0
VERTEX
  5
39D
330
399
100
AcDbEntity
  8
0
 62
0
100
AcDbVertex
100
AcDb2dVertex
 10
770
 20
-306.99996948242188
 70
0
  0
VERTEX
  5
39E
330
399
100
AcDbEntity
  8
0
 62
0
100
AcDbVertex
100
AcDb2dVertex
 10
764.47711181640625
 20
-307
 70
0
  0
VERTEX
  5
39F
330
399
100
AcDbEntity
  8
0
 62
0
100
AcDbVertex
100
AcDb2dVertex
 10
760
 20
-302.5228271484375
 70
0
  0
VERTEX
  5
3A0
330
399
100
AcDbEntity
  8
0
 62
0
100
AcDbVertex
100
AcDb2dVertex
 10
760
 20
-297
 70
0
  0
VERTEX
  5
3A1
330
399
100
AcDbEntity
  8
0
 62
0
100
AcDbVertex
100
AcDb2dVertex
 10
760
 20
-53
 70
0
  0
VERTEX
  5
3A2
330
399
100
AcDbEntity
  8
0
 62
0
100
AcDbVertex
100
AcDb2dVertex
 10
759.99993896484375
 20
-52.999996185302734
 70
0
  0
VERTEX
  5
3A3
330
399
100
AcDbEntity
  8
0
 62
0
100
AcDbVertex
100
AcDb2dVertex
 10
759.99993896484375
 20
-47.477149963378906
 70
0
  0
VERTEX
  5
3A4
330
399
100
AcDbEntity
  8
0
 62
0
100
AcDbVertex
100
AcDb2dVertex
 10
755.5228271484375
 20
-42.999996185302734
 70
0
  0
VERTEX
  5
3A5
330
399
100
AcDbEntity
  8
0
 62
0
100
AcDbVertex
100
AcDb2dVertex
 10
749.99993896484375
 20
-42.999996185302734
 70
0
  0
VERTEX
  5
3A6
330
399
100
AcDbEntity
  8
0
 62
0
100
AcDbVertex
100
AcDb2dVertex
 10
749.99993896484375
 20
-42.999996185302734
 70
0
  0
VERTEX
  5
3A7
330
399
100
AcDbEntity
  8
0
 62
0
100
AcDbVertex
100
AcDb2dVertex
 10
749.99993896484375
 20
-43
 70
0
  0
VERTEX
  5
3A8
330
399
100
AcDbEntity
  8
0
 62
0
100
AcDbVertex
100
AcDb2dVertex
 10
749.99993896484375
 20
-43
 70
0
  0
VERTEX
  5
3A9
330
399
100
AcDbEntity
  8
0
 62
0
100
AcDbVertex
100
AcDb2dVertex
 10
750
 20
-43
 70
0
  0
VERTEX
  5
3AA
330
399
100
AcDbEntity
  8
0
 62
0
100
AcDbVertex
100
AcDb2dVertex
 10
280
 20
-43
 70
0
  0
SEQEND
  5
39A
100
AcDbEntity
  8
0
  0
POLYLINE
  5
3AB
330
1F
100
AcDbEntity
  8
0
 62
0
100
AcDb2dPolyline
 66
1
 70
0
 10
0
 20
0
 30
0
210
0
220
0
230
1
  0
VERTEX
  5
3AD
330
3AB
100
AcDbEntity
  8
0
 62
0
100
AcDbVertex
100
AcDb2dVertex
 10
260
 20
-267
 70
0
  0
VERTEX
  5
3AE
330
3AB
100
AcDbEntity
  8
0
 62
0
100
AcDbVertex
100
AcDb2dVertex
 10
188
 20
-267
 70
0
  0
VERTEX
  5
3AF
330
3AB
100
AcDbEntity
  8
0
 62
0
100
AcDbVertex
100
AcDb2dVertex
 10
188
 20
-266.99996948242188
 70
0
  0
VERTEX
  5
3B0
330
3AB
100
AcDbEntity
  8
0
 62
0
100
AcDbVertex
100
AcDb2dVertex
 10
182.47715759277344
 20
-267
 70
0
  0
VERTEX
  5
3B1
330
3AB
100
AcDbEntity
  8
0
 62
0
100
AcDbVertex
100
AcDb2dVertex
 10
178
 20
-262.5228271484375
 70
0
  0
VERTEX
  5
3B2
330
3AB
100
AcDbEntity
  8
0
 62
0
100
AcDbVertex
100
AcDb2dVertex
 10
178
 20
-257
 70
0
  0
VERTEX
  5
3B3
330
3AB
100
AcDbEntity
  8
0
 62
0
100
AcDbVertex
100
AcDb2dVertex
 10
178
 20
-53
 70
0
  0
VERTEX
  5
3B4
330
3AB
100
AcDbEntity
  8
0
 62
0
100
AcDbVertex
100
AcDb2dVertex
 10
177.99998474121094
 20
-53.000003814697266
 70
0
  0
VERTEX
  5
3B5
330
3AB
100
AcDbEntity
  8
0
 62
0
100
AcDbVertex
100
AcDb2dVertex
 10
177.99998474121094
 20
-47.477157592773438
 70
0
  0
VERTEX
  5
3B6
330
3AB
100
AcDbEntity
  8
0
 62
0
100
AcDbVertex
100
AcDb2dVertex
 10
182.47714233398438
 20
-43.000003814697266
 70
0
  0
VERTEX
  5
3B7
330
3AB
100
AcDbEntity
  8
0
 62
0
100
AcDbVertex
100
AcDb2dVertex
 10
187.99998474121094
 20
-42.999996185302734
 70
0
  0
VERTEX
  5
3B8
330
3AB
100
AcDbEntity
  8
0
 62
0
100
AcDbVertex
100
AcDb2dVertex
 10
188
 20
-43
 70
0
  0
VERTEX
  5
3B9
330
3AB
100
AcDbEntity
  8
0
 62
0
100
AcDbVertex
100
AcDb2dVertex
 10
200
 20
-43
 70
0
  0
SEQEND
  5
3AC
100
AcDbEntity
  8
0
  0
POLYLINE
  5
3BA
330
1F
100
AcDbEntity
  8
0
 62
0
100
AcDb2dPolyline
 66
1
 70
0
 10
0
 20
0
 30
0
210
0
220
0
230
1
  0
VERTEX
  5
3BC
330
3BA
100
AcDbEntity
  8
0
 62
0
100
AcDbVertex
100
AcDb2dVertex
 10
250
 20
-267
 70
0
  0
VERTEX
  5
3BD
330
3BA
100
AcDbEntity
  8
0
 62
0
100
AcDbVertex
100
AcDb2dVertex
 10
188
 20
-267
 70
0
  0
VERTEX
  5
3BE
330
3BA
100
AcDbEntity
  8
0
 62
0
100
AcDbVertex
100
AcDb2dVertex
 10
188
 20
-266.99996948242188
 70
0
  0
VERTEX
  5
3BF
330
3BA
100
AcDbEntity
  8
0
 62
0
100
AcDbVertex
100
AcDb2dVertex
 10
182.47715759277344
 20
-267
 70
0
  0
VERTEX
  5
3C0
330
3BA
100
AcDbEntity
  8
0
 62
0
100
AcDbVertex
100
AcDb2dVertex
 10
178
 20
-262.5228271484375
 70
0
  0
VERTEX
  5
3C1
330
3BA
100
AcDbEntity
  8
0
 62
0
100
AcDbVertex
100
AcDb2dVertex
 10
178
 20
-257
 70
0
  0
VERTEX
  5
3C2
330
3BA
100
AcDbEntity
  8
0
 62
0
100
AcDbVertex
100
AcDb2dVertex
 10
178
 20
-49
 70
0
  0
VERTEX
  5
3C3
330
3BA
100
AcDbEntity
  8
0
 62
0
100
AcDbVertex
100
AcDb2dVertex
 10
177.99998474121094
 20
-49
 70
0
  0
VERTEX
  5
3C4
330
3BA
100
AcDbEntity
  8
0
 62
0
100
AcDbVertex
100
AcDb2dVertex
 10
177.99998474121094
 20
-45.686294555664063
 70
0
  0
VERTEX
  5
3C5
330
3BA
100
AcDbEntity
  8
0
 62
0
100
AcDbVertex
100
AcDb2dVertex
 10
180.686279296875
 20
-43
 70
0
  0
VERTEX
  5
3C6
330
3BA
100
AcDbEntity
  8
0
 62
0
100
AcDbVertex
100
AcDb2dVertex
 10
183.99998474121094
 20
-42.999996185302734
 70
0
  0
VERTEX
  5
3C7
330
3BA
100
AcDbEntity
  8
0
 62
0
100
AcDbVertex
100
AcDb2dVertex
 10
184
 20
-43
 70
0
  0
VERTEX
  5
3C8
330
3BA
100
AcDbEntity
  8
0
 62
0
100
AcDbVertex
100
AcDb2dVertex
 10
190
 20
-43
 70
0
  0
SEQEND
  5
3BB
100
AcDbEntity
  8
0
  0
POLYLINE
  5
3C9
330
1F
100
AcDbEntity
  8
0
 62
0
100
AcDb2dPolyline
 66
1
 70
0
 10
0
 20
0
 30
0
210
0
220
0
230
1
  0
VERTEX
  5
3CB
330
3C9
100
AcDbEntity
  8
0
 62
0
100
AcDbVertex
100
AcDb2dVertex
 10
1185.85498046875
 20
-517
 70
0
  0
VERTEX
  5
3CC
330
3C9
100
AcDbEntity
  8
0
 62
0
100
AcDbVertex
100
AcDb2dVertex
 10
660
 20
-517
 70
0
  0
VERTEX
  5
3CD
330
3C9
100
AcDbEntity
  8
0
 62
0
100
AcDbVertex
100
AcDb2dVertex
 10
660
 20
-516.99993896484375
 70
0
  0
VERTEX
  5
3CE
330
3C9
100
AcDbEntity
  8
0
 62
0
100
AcDbVertex
100
AcDb2dVertex
 10
654.47711181640625
 20
-517
 70
0
  0
VERTEX
  5
3CF
330
3C9
100
AcDbEntity
  8
0
 62
0
100
AcDbVertex
100
AcDb2dVertex
 10
650
 20
-512.5228271484375
 70
0
  0
VERTEX
  5
3D0
330
3C9
100
AcDbEntity
  8
0
 62
0
100
AcDbVertex
100
AcDb2dVertex
 10
650
 20
-507
 70
0
  0
VERTEX
  5
3D1
330
3C9
100
AcDbEntity
  8
0
 62
0
100
AcDbVertex
100
AcDb2dVertex
 10
650
 20
-53
 70
0
  0
VERTEX
  5
3D2
330
3C9
100
AcDbEntity
  8
0
 62
0
100
AcDbVertex
100
AcDb2dVertex
 10
649.99993896484375
 20
-52.999996185302734
 70
0
  0
VERTEX
  5
3D3
330
3C9
100
AcDbEntity
  8
0
 62
0
100
AcDbVertex
100
AcDb2dVertex
 10
649.99993896484375
 20
-47.477149963378906
 70
0
  0
VERTEX
  5
3D4
330
3C9
100
AcDbEntity
  8
0
 62
0
100
AcDbVertex
100
AcDb2dVertex
 10
645.5228271484375
 20
-42.999996185302734
 70
0
  0
VERTEX
  5
3D5
330
3C9
100
AcDbEntity
  8
0
 62
0
100
AcDbVertex
100
AcDb2dVertex
 10
639.99993896484375
 20
-42.999996185302734
 70
0
  0
VERTEX
  5
3D6
330
3C9
100
AcDbEntity
  8
0
 62
0
100
AcDbVertex
100
AcDb2dVertex
 10
639.99993896484375
 20
-42.999996185302734
 70
0
  0
VERTEX
  5
3D7
330
3C9
100
AcDbEntity
  8
0
 62
0
100
AcDbVertex
100
AcDb2dVertex
 10
639.99993896484375
 20
-43
 70
0
  0
VERTEX
  5
3D8
330
3C9
100
AcDbEntity
  8
0
 62
0
100
AcDbVertex
100
AcDb2dVertex
 10
639.99993896484375
 20
-43
 70
0
  0
VERTEX
  5
3D9
330
3C9
100
AcDbEntity
  8
0
 62
0
100
AcDbVertex
100
AcDb2dVertex
 10
640
 20
-43
 70
0
  0
VERTEX
  5
3DA
330
3C9
100
AcDbEntity
  8
0
 62
0
100
AcDbVertex
100
AcDb2dVertex
 10
130
 20
-43
 70
0
  0
SEQEND
  5
3CA
100
AcDbEntity
  8
0
  0
POLYLINE
  5
3DB
330
1F
100
AcDbEntity
  8
0
 62
0
100
AcDb2dPolyline
 66
1
 70
0
 10
0
 20
0
 30
0
210
0
220
0
230
1
  0
VERTEX
  5
3DD
330
3DB
100
AcDbEntity
  8
0
 62
0
100
AcDbVertex
100
AcDb2dVertex
 10
1175.85498046875
 20
-517
 70
0
  0
VERTEX
  5
3DE
330
3DB
100
AcDbEntity
  8
0
 62
0
100
AcDbVertex
100
AcDb2dVertex
 10
660
 20
-517
 70
0
  0
VERTEX
  5
3DF
330
3DB
100
AcDbEntity
  8
0
 62
0
100
AcDbVertex
100
AcDb2dVertex
 10
660
 20
-516.99993896484375
 70
0
  0
VERTEX
  5
3E0
330
3DB
100
AcDbEntity
  8
0
 62
0
100
AcDbVertex
100
AcDb2dVertex
 10
654.47711181640625
 20
-517
 70
0
  0
VERTEX
  5
3E1
330
3DB
100
AcDbEntity
  8
0
 62
0
100
AcDbVertex
100
AcDb2dVertex
 10
650
 20
-512.5228271484375
 70
0
  0
VERTEX
  5
3E2
330
3DB
100
AcDbEntity
  8
0
 62
0
100
AcDbVertex
100
AcDb2dVertex
 10
650
 20
-507
 70
0
  0
VERTEX
  5
3E3
330
3DB
100
AcDbEntity
  8
0
 62
0
100
AcDbVertex
100
AcDb2dVertex
 10
650
 20
-53
 70
0
  0
VERTEX
  5
3E4
330
3DB
100
AcDbEntity
  8
0
 62
0
100
AcDbVertex
100
AcDb2dVertex
 10
649.99993896484375
 20
-52.999996185302734
 70
0
  0
VERTEX
  5
3E5
330
3DB
100
AcDbEntity
  8
0
 62
0
100
AcDbVertex
100
AcDb2dVertex
 10
649.99993896484375
 20
-47.477149963378906
 70
0
  0
VERTEX
  5
3E6
330
3DB
100
AcDbEntity
  8
0
 62
0
100
AcDbVertex
100
AcDb2dVertex
 10
645.5228271484375
 20
-42.999996185302734
 70
0
  0
VERTEX
  5
3E7
330
3DB
100
AcDbEntity
  8
0
 62
0
100
AcDbVertex
100
AcDb2dVertex
 10
639.99993896484375
 20
-42.999996185302734
 70
0
  0
VERTEX
  5
3E8
330
3DB
100
AcDbEntity
  8
0
 62
0
100
AcDbVertex
100
AcDb2dVertex
 10
639.99993896484375
 20
-42.999996185302734
 70
0
  0
VERTEX
  5
3E9
330
3DB
100
AcDbEntity
  8
0
 62
0
100
AcDbVertex
100
AcDb2dVertex
 10
639.99993896484375
 20
-43
 70
0
  0
VERTEX
  5
3EA
330
3DB
100
AcDbEntity
  8
0
 62
0
100
AcDbVertex
100
AcDb2dVertex
 10
639.99993896484375
 20
-43
 70
0
  0
VERTEX
  5
3EB
330
3DB
100
AcDbEntity
  8
0
 62
0
100
AcDbVertex
100
AcDb2dVertex
 10
640
 20
-43
 70
0
  0
VERTEX
  5
3EC
330
3DB
100
AcDbEntity
  8
0
 62
0
100
AcDbVertex
100
AcDb2dVertex
 10
120
 20
-43
 70
0
  0
SEQEND
  5
3DC
100
AcDbEntity
  8
0
  0
POLYLINE
  5
3ED
330
1F
100
AcDbEntity
  8
0
 62
0
100
AcDb2dPolyline
 66
1
 70
0
 10
0
 20
0
 30
0
210
0
220
0
230
1
  0
VERTEX
  5
3EF
330
3ED
100
AcDbEntity
  8
0
 62
0
100
AcDbVertex
100
AcDb2dVertex
 10
1165.85498046875
 20
-517
 70
0
  0
VERTEX
  5
3F0
330
3ED
100
AcDbEntity
  8
0
 62
0
100
AcDbVertex
100
AcDb2dVertex
 10
660
 20
-517
 70
0
  0
VERTEX
  5
3F1
330
3ED
100
AcDbEntity
  8
0
 62
0
100
AcDbVertex
100
AcDb2dVertex
 10
660
 20
-516.99993896484375
 70
0
  0
VERTEX
  5
3F2
330
3ED
100
AcDbEntity
  8
0
 62
0
100
AcDbVertex
100
AcDb2dVertex
 10
654.47711181640625
 20
-517
 70
0
  0
VERTEX
  5
3F3
330
3ED
100
AcDbEntity
  8
0
 62
0
100
AcDbVertex
100
AcDb2dVertex
 10
650
 20
-512.5228271484375
 70
0
  0
VERTEX
  5
3F4
330
3ED
100
AcDbEntity
  8
0
 62
0
100
AcDbVertex
100
AcDb2dVertex
 10
650
 20
-507
 70
0
  0
VERTEX
  5
3F5
330
3ED
100
AcDbEntity
  8
0
 62
0
100
AcDbVertex
100
AcDb2dVertex
 10
650
 20
-53
 70
0
  0
VERTEX
  5
3F6
330
3ED
100
AcDbEntity
  8
0
 62
0
100
AcDbVertex
100
AcDb2dVertex
 10
649.99993896484375
 20
-52.999996185302734
 70
0
  0
VERTEX
  5
3F7
330
3ED
100
AcDbEntity
  8
0
 62
0
100
AcDbVertex
100
AcDb2dVertex
 10
649.99993896484375
 20
-47.477149963378906
 70
0
  0
VERTEX
  5
3F8
330
3ED
100
AcDbEntity
  8
0
 62
0
100
AcDbVertex
100
AcDb2dVertex
 10
645.5228271484375
 20
-42.999996185302734
 70
0
  0
VERTEX
  5
3F9
330
3ED
100
AcDbEntity
  8
0
 62
0
100
AcDbVertex
100
AcDb2dVertex
 10
639.99993896484375
 20
-42.999996185302734
 70
0
  0
VERTEX
  5
3FA
330
3ED
100
AcDbEntity
  8
0
 62
0
100
AcDbVertex
100
AcDb2dVertex
 10
639.99993896484375
 20
-42.999996185302734
 70
0
  0
VERTEX
  5
3FB
330
3ED
100
AcDbEntity
  8
0
 62
0
100
AcDbVertex
100
AcDb2dVertex
 10
639.99993896484375
 20
-43
 70
0
  0
VERTEX
  5
3FC
330
3ED
100
AcDbEntity
  8
0
 62
0
100
AcDbVertex
100
AcDb2dVertex
 10
639.99993896484375
 20
-43
 70
0
  0
VERTEX
  5
3FD
330
3ED
100
AcDbEntity
  8
0
 62
0
100
AcDbVertex
100
AcDb2dVertex
 10
640
 20
-43
 70
0
  0
VERTEX
  5
3FE
330
3ED
100
AcDbEntity
  8
0
 62
0
100
AcDbVertex
100
AcDb2dVertex
 10
110
 20
-43
 70
0
  0
SEQEND
  5
3EE
100
AcDbEntity
  8
0
  0
POLYLINE
  5
3FF
330
1F
100
AcDbEntity
  8
0
 62
0
100
AcDb2dPolyline
 66
1
 70
0
 10
0
 20
0
 30
0
210
0
220
0
230
1
  0
VERTEX
  5
401
330
3FF
100
AcDbEntity
  8
0
 62
0
100
AcDbVertex
100
AcDb2dVertex
 10
1155.85498046875
 20
-517
 70
0
  0
VERTEX
  5
402
330
3FF
100
AcDbEntity
  8
0
 62
0
100
AcDbVertex
100
AcDb2dVertex
 10
660
 20
-517
 70
0
  0
VERTEX
  5
403
330
3FF
100
AcDbEntity
  8
0
 62
0
100
AcDbVertex
100
AcDb2dVertex
 10
660
 20
-516.99993896484375
 70
0
  0
VERTEX
  5
404
330
3FF
100
AcDbEntity
  8
0
 62
0
100
AcDbVertex
100
AcDb2dVertex
 10
654.47711181640625
 20
-517
 70
0
  0
VERTEX
  5
405
330
3FF
100
AcDbEntity
  8
0
 62
0
100
AcDbVertex
100
AcDb2dVertex
 10
650
 20
-512.5228271484375
 70
0
  0
VERTEX
  5
406
330
3FF
100
AcDbEntity
  8
0
 62
0
100
AcDbVertex
100
AcDb2dVertex
 10
650
 20
-507
 70
0
  0
VERTEX
  5
407
330
3FF
100
AcDbEntity
  8
0
 62
0
100
AcDbVertex
100
AcDb2dVertex
 10
650
 20
-53
 70
0
  0
VERTEX
  5
408
330
3FF
100
AcDbEntity
  8
0
 62
0
100
AcDbVertex
100
AcDb2dVertex
 10
649.99993896484375
 20
-52.999996185302734
 70
0
  0
VERTEX
  5
409
330
3FF
100
AcDbEntity
  8
0
 62
0
100
AcDbVertex
100
AcDb2dVertex
 10
649.99993896484375
 20
-47.477149963378906
 70
0
  0
VERTEX
  5
40A
330
3FF
100
AcDbEntity
  8
0
 62
0
100
AcDbVertex
100
AcDb2dVertex
 10
645.5228271484375
 20
-42.999996185302734
 70
0
  0
VERTEX
  5
40B
330
3FF
100
AcDbEntity
  8
0
 62
0
100
AcDbVertex
100
AcDb2dVertex
 10
639.99993896484375
 20
-42.999996185302734
 70
0
  0
VERTEX
  5
40C
330
3FF
100
AcDbEntity
  8
0
 62
0
100
AcDbVertex
100
AcDb2dVertex
 10
639.99993896484375
 20
-42.999996185302734
 70
0
  0
VERTEX
  5
40D
330
3FF
100
AcDbEntity
  8
0
 62
0
100
AcDbVertex
100
AcDb2dVertex
 10
639.99993896484375
 20
-43
 70
0
  0
VERTEX
  5
40E
330
3FF
100
AcDbEntity
  8
0
 62
0
100
AcDbVertex
100
AcDb2dVertex
 10
639.99993896484375
 20
-43
 70
0
  0
VERTEX
  5
40F
330
3FF
100
AcDbEntity
  8
0
 62
0
100
AcDbVertex
100
AcDb2dVertex
 10
640
 20
-43
 70
0
  0
VERTEX
  5
410
330
3FF
100
AcDbEntity
  8
0
 62
0
100
AcDbVertex
100
AcDb2dVertex
 10
100
 20
-43
 70
0
  0
SEQEND
  5
400
100
AcDbEntity
  8
0
  0
POLYLINE
  5
411
330
1F
100
AcDbEntity
  8
0
 62
1
100
AcDb2dPolyline
 66
1
 70
1
 10
0
 20
0
 30
0
210
0
220
0
230
1
  0
VERTEX
  5
413
330
411
100
AcDbEntity
  8
0
 62
1
100
AcDbVertex
100
AcDb2dVertex
 10
1055.9998779296875
 20
-50
 70
0
  0
VERTEX
  5
414
330
411
100
AcDbEntity
  8
0
 62
1
100
AcDbVertex
100
AcDb2dVertex
 10
1058.2091064453125
 20
-49.999996185302734
 70
0
  0
VERTEX
  5
415
330
411
100
AcDbEntity
  8
0
 62
1
100
AcDbVertex
100
AcDb2dVertex
 10
1059.9998779296875
 20
-51.790851593017578
 70
0
  0
VERTEX
  5
416
330
411
100
AcDbEntity
  8
0
 62
1
100
AcDbVertex
100
AcDb2dVertex
 10
1059.9998779296875
 20
-53.999996185302734
 70
0
  0
VERTEX
  5
417
330
411
100
AcDbEntity
  8
0
 62
1
100
AcDbVertex
100
AcDb2dVertex
 10
1059.9998779296875
 20
-53.999996185302734
 70
0
  0
VERTEX
  5
418
330
411
100
AcDbEntity
  8
0
 62
1
100
AcDbVertex
100
AcDb2dVertex
 10
1059.9998779296875
 20
-54
 70
0
  0
VERTEX
  5
419
330
411
100
AcDbEntity
  8
0
 62
1
100
AcDbVertex
100
AcDb2dVertex
 10
1059.9998779296875
 20
-54
 70
0
  0
VERTEX
  5
41A
330
411
100
AcDbEntity
  8
0
 62
1
100
AcDbVertex
100
AcDb2dVertex
 10
1060
 20
-58
 70
0
  0
VERTEX
  5
41B
330
411
100
AcDbEntity
  8
0
 62
1
100
AcDbVertex
100
AcDb2dVertex
 10
1060
 20
-142
 70
0
  0
VERTEX
  5
41C
330
411
100
AcDbEntity
  8
0
 62
1
100
AcDbVertex
100
AcDb2dVertex
 10
1059.9998779296875
 20
-145.99998474121094
 70
0
  0
VERTEX
  5
41D
330
411
100
AcDbEntity
  8
0
 62
1
100
AcDbVertex
100
AcDb2dVertex
 10
1059.9998779296875
 20
-148.20913696289063
 70
0
  0
VERTEX
  5
41E
330
411
100
AcDbEntity
  8
0
 62
1
100
AcDbVertex
100
AcDb2dVertex
 10
1058.2091064453125
 20
-149.99998474121094
 70
0
  0
VERTEX
  5
41F
330
411
100
AcDbEntity
  8
0
 62
1
100
AcDbVertex
100
AcDb2dVertex
 10
1056
 20
-149.99998474121094
 70
0
  0
VERTEX
  5
420
330
411
100
AcDbEntity
  8
0
 62
1
100
AcDbVertex
100
AcDb2dVertex
 10
1052
 20
-150
 70
0
  0
VERTEX
  5
421
330
411
100
AcDbEntity
  8
0
 62
1
100
AcDbVertex
100
AcDb2dVertex
 10
58
 20
-150
 70
0
  0
VERTEX
  5
422
330
411
100
AcDbEntity
  8
0
 62
1
100
AcDbVertex
100
AcDb2dVertex
 10
54
 20
-149.99998474121094
 70
0
  0
VERTEX
  5
423
330
411
100
AcDbEntity
  8
0
 62
1
100
AcDbVertex
100
AcDb2dVertex
 10
51.790863037109375
 20
-150
 70
0
  0
VERTEX
  5
424
330
411
100
AcDbEntity
  8
0
 62
1
100
AcDbVertex
100
AcDb2dVertex
 10
50
 20
-148.20913696289063
 70
0
  0
VERTEX
  5
425
330
411
100
AcDbEntity
  8
0
 62
1
100
AcDbVertex
100
AcDb2dVertex
 10
50
 20
-146
 70
0
  0
VERTEX
  5
426
330
411
100
AcDbEntity
  8
0
 62
1
100
AcDbVertex
100
AcDb2dVertex
 10
50
 20
-142
 70
0
  0
VERTEX
  5
427
330
411
100
AcDbEntity
  8
0
 62
1
100
AcDbVertex
100
AcDb2dVertex
 10
50
 20
-58
 70
0
  0
VERTEX
  5
428
330
411
100
AcDbEntity
  8
0
 62
1
100
AcDbVertex
100
AcDb2dVertex
 10
49.999996185302734
 20
-54
 70
0
  0
VERTEX
  5
429
330
411
100
AcDbEntity
  8
0
 62
1
100
AcDbVertex
100
AcDb2dVertex
 10
49.999996185302734
 20
-51.790863037109375
 70
0
  0
VERTEX
  5
42A
330
411
100
AcDbEntity
  8
0
 62
1
100
AcDbVertex
100
AcDb2dVertex
 10
51.790855407714844
 20
-50
 70
0
  0
VERTEX
  5
42B
330
411
100
AcDbEntity
  8
0
 62
1
100
AcDbVertex
100
AcDb2dVertex
 10
53.999992370605469
 20
-49.999996185302734
 70
0
  0
SEQEND
  5
412
100
AcDbEntity
  8
0
  0
MTEXT
  5
42C
330
1F
100
AcDbEntity
  8
0
100
AcDbMText
 10
60.723953247070313
 20
-45
 30
0
 11
1
 21
0
 31
0
 40
7
 41
0
  1
Master
  7
Standard
 71
1
 72
5
210
0
220
0
230
1
  0
POLYLINE
  5
42D
330
1F
100
AcDbEntity
  8
0
 62
1
100
AcDb2dPolyline
 66
1
 70
1
 10
0
 20
0
 30
0
210
0
220
0
230
1
  0
VERTEX
  5
42F
330
42D
100
AcDbEntity
  8
0
 62
1
100
AcDbVertex
100
AcDb2dVertex
 10
157.99998474121094
 20
-50
 70
0
  0
VERTEX
  5
430
330
42D
100
AcDbEntity
  8
0
 62
1
100
AcDbVertex
100
AcDb2dVertex
 10
160.20912170410156
 20
-49.999996185302734
 70
0
  0
VERTEX
  5
431
330
42D
100
AcDbEntity
  8
0
 62
1
100
AcDbVertex
100
AcDb2dVertex
 10
161.99998474121094
 20
-51.790851593017578
 70
0
  0
VERTEX
  5
432
330
42D
100
AcDbEntity
  8
0
 62
1
100
AcDbVertex
100
AcDb2dVertex
 10
161.99998474121094
 20
-53.999996185302734
 70
0
  0
VERTEX
  5
433
330
42D
100
AcDbEntity
  8
0
 62
1
100
AcDbVertex
100
AcDb2dVertex
 10
161.99998474121094
 20
-53.999996185302734
 70
0
  0
VERTEX
  5
434
330
42D
100
AcDbEntity
  8
0
 62
1
100
AcDbVertex
100
AcDb2dVertex
 10
161.99998474121094
 20
-54
 70
0
  0
VERTEX
  5
435
330
42D
100
AcDbEntity
  8
0
 62
1
100
AcDbVertex
100
AcDb2dVertex
 10
161.99998474121094
 20
-54
 70
0
  0
VERTEX
  5
436
330
42D
100
AcDbEntity
  8
0
 62
1
100
AcDbVertex
100
AcDb2dVertex
 10
162
 20
-58
 70
0
  0
VERTEX
  5
437
330
42D
100
AcDbEntity
  8
0
 62
1
100
AcDbVertex
100
AcDb2dVertex
 10
162
 20
-66
 70
0
  0
VERTEX
  5
438
330
42D
100
AcDbEntity
  8
0
 62
1
100
AcDbVertex
100
AcDb2dVertex
 10
161.99998474121094
 20
-69.999992370605469
 70
0
  0
VERTEX
  5
439
330
42D
100
AcDbEntity
  8
0
 62
1
100
AcDbVertex
100
AcDb2dVertex
 10
161.99998474121094
 20
-72.209136962890625
 70
0
  0
VERTEX
  5
43A
330
42D
100
AcDbEntity
  8
0
 62
1
100
AcDbVertex
100
AcDb2dVertex
 10
160.20913696289063
 20
-73.999992370605469
 70
0
  0
VERTEX
  5
43B
330
42D
100
AcDbEntity
  8
0
 62
1
100
AcDbVertex
100
AcDb2dVertex
 10
158
 20
-73.999992370605469
 70
0
  0
VERTEX
  5
43C
330
42D
100
AcDbEntity
  8
0
 62
1
100
AcDbVertex
100
AcDb2dVertex
 10
154
 20
-74
 70
0
  0
VERTEX
  5
43D
330
42D
100
AcDbEntity
  8
0
 62
1
100
AcDbVertex
100
AcDb2dVertex
 10
98
 20
-74
 70
0
  0
VERTEX
  5
43E
330
42D
100
AcDbEntity
  8
0
 62
1
100
AcDbVertex
100
AcDb2dVertex
 10
94
 20
-73.999992370605469
 70
0
  0
VERTEX
  5
43F
330
42D
100
AcDbEntity
  8
0
 62
1
100
AcDbVertex
100
AcDb2dVertex
 10
91.790863037109375
 20
-74
 70
0
  0
VERTEX
  5
440
330
42D
100
AcDbEntity
  8
0
 62
1
100
AcDbVertex
100
AcDb2dVertex
 10
90
 20
-72.209136962890625
 70
0
  0
VERTEX
  5
441
330
42D
100
AcDbEntity
  8
0
 62
1
100
AcDbVertex
100
AcDb2dVertex
 10
90
 20
-70
 70
0
  0
VERTEX
  5
442
330
42D
100
AcDbEntity
  8
0
 62
1
100
AcDbVertex
100
AcDb2dVertex
 10
90
 20
-66
 70
0
  0
VERTEX
  5
443
330
42D
100
AcDbEntity
  8
0
 62
1
100
AcDbVertex
100
AcDb2dVertex
 10
90
 20
-58
 70
0
  0
VERTEX
  5
444
330
42D
100
AcDbEntity
  8
0
 62
1
100
AcDbVertex
100
AcDb2dVertex
 10
89.999992370605469
 20
-54
 70
0
  0
VERTEX
  5
445
330
42D
100
AcDbEntity
  8
0
 62
1
100
AcDbVertex
100
AcDb2dVertex
 10
89.999992370605469
 20
-51.790863037109375
 70
0
  0
VERTEX
  5
446
330
42D
100
AcDbEntity
  8
0
 62
1
100
AcDbVertex
100
AcDb2dVertex
 10
91.790855407714844
 20
-50
 70
0
  0
VERTEX
  5
447
330
42D
100
AcDbEntity
  8
0
 62
1
100
AcDbVertex
100
AcDb2dVertex
 10
93.999992370605469
 20
-49.999996185302734
 70
0
  0
SEQEND
  5
42E
100
AcDbEntity
  8
0
  0
POLYLINE
  5
448
330
1F
100
AcDbEntity
  8
0
 62
0
100
AcDb2dPolyline
 66
1
 70
1
 10
0
 20
0
 30
0
210
0
220
0
230
1
  0
VERTEX
  5
44A
330
448
100
AcDbEntity
  8
0
 62
0
100
AcDbVertex
100
AcDb2dVertex
 10
125
 20
-40
 70
0
  0
VERTEX
  5
44B
330
448
100
AcDbEntity
  8
0
 62
0
100
AcDbVertex
100
AcDb2dVertex
 10
135
 20
-40
 70
0
  0
VERTEX
  5
44C
330
448
100
AcDbEntity
  8
0
 62
0
100
AcDbVertex
100
AcDb2dVertex
 10
135
 20
-50
 70
0
  0
VERTEX
  5
44D
330
448
100
AcDbEntity
  8
0
 62
0
100
AcDbVertex
100
AcDb2dVertex
 10
125
 20
-50
 70
0
  0
SEQEND
  5
449
100
AcDbEntity
  8
0
  0
POLYLINE
  5
44E
330
1F
100
AcDbEntity
  8
0
 62
0
100
AcDb2dPolyline
 66
1
 70
1
 10
0
 20
0
 30
0
210
0
220
0
230
1
  0
VERTEX
  5
450
330
44E
100
AcDbEntity
  8
0
 62
0
100
AcDbVertex
100
AcDb2dVertex
 10
115
 20
-40
 70
0
  0
VERTEX
  5
451
330
44E
100
AcDbEntity
  8
0
 62
0
100
AcDbVertex
100
AcDb2dVertex
 10
125
 20
-40
 70
0
  0
VERTEX
  5
452
330
44E
100
AcDbEntity
  8
0
 62
0
100
AcDbVertex
100
AcDb2dVertex
 10
125
 20
-50
 70
0
  0
VERTEX
  5
453
330
44E
100
AcDbEntity
  8
0
 62
0
100
AcDbVertex
100
AcDb2dVertex
 10
115
 20
-50
 70
0
  0
SEQEND
  5
44F
100
AcDbEntity
  8
0
  0
POLYLINE
  5
454
330
1F
100
AcDbEntity
  8
0
 62
0
100
AcDb2dPolyline
 66
1
 70
1
 10
0
 20
0
 30
0
210
0
220
0
230
1
  0
VERTEX
  5
456
330
454
100
AcDbEntity
  8
0
 62
0
100
AcDbVertex
100
AcDb2dVertex
 10
105
 20
-40
 70
0
  0
VERTEX
  5
457
330
454
100
AcDbEntity
  8
0
 62
0
100
AcDbVertex
100
AcDb2dVertex
 10
115
 20
-40
 70
0
  0
VERTEX
  5
458
330
454
100
AcDbEntity
  8
0
 62
0
100
AcDbVertex
100
AcDb2dVertex
 10
115
 20
-50
 70
0
  0
VERTEX
  5
459
330
454
100
AcDbEntity
  8
0
 62
0
100
AcDbVertex
100
AcDb2dVertex
 10
105
 20
-50
 70
0
  0
SEQEND
  5
455
100
AcDbEntity
  8
0
  0
POLYLINE
  5
45A
330
1F
100
AcDbEntity
  8
0
 62
0
100
AcDb2dPolyline
 66
1
 70
1
 10
0
 20
0
 30
0
210
0
220
0
230
1
  0
VERTEX
  5
45C
330
45A
100
AcDbEntity
  8
0
 62
0
100
AcDbVertex
100
AcDb2dVertex
 10
95
 20
-40
 70
0
  0
VERTEX
  5
45D
330
45A
100
AcDbEntity
  8
0
 62
0
100
AcDbVertex
100
AcDb2dVertex
 10
105
 20
-40
 70
0
  0
VERTEX
  5
45E
330
45A
100
AcDbEntity
  8
0
 62
0
100
AcDbVertex
100
AcDb2dVertex
 10
105
 20
-50
 70
0
  0
VERTEX
  5
45F
330
45A
100
AcDbEntity
  8
0
 62
0
100
AcDbVertex
100
AcDb2dVertex
 10
95
 20
-50
 70
0
  0
SEQEND
  5
45B
100
AcDbEntity
  8
0
  0
MTEXT
  5
460
330
1F
100
AcDbEntity
  8
0
100
AcDbMText
 10
96.5
 20
-56
 30
0
 11
1
 21
0
 31
0
 40
5
 41
0
  1
PCRx Logic
  7
Standard
 71
1
 72
5
210
0
220
0
230
1
  0
TEXT
  5
461
330
1F
100
AcDbEntity
  8
0
100
AcDbText
 10
100
 20
-56.3662109375
 30
0
 40
4
  1

 50
90
  7
Standard
100
AcDbText
  0
TEXT
  5
462
330
1F
100
AcDbEntity
  8
0
100
AcDbText
 10
110
 20
-56.3662109375
 30
0
 40
4
  1

 50
90
  7
Standard
100
AcDbText
  0
TEXT
  5
463
330
1F
100
AcDbEntity
  8
0
100
AcDbText
 10
120
 20
-56.3662109375
 30
0
 40
4
  1

 50
90
  7
Standard
100
AcDbText
  0
TEXT
  5
464
330
1F
100
AcDbEntity
  8
0
100
AcDbText
 10
130
 20
-56.3662109375
 30
0
 40
4
  1

 50
90
  7
Standard
100
AcDbText
  0
POLYLINE
  5
465
330
1F
100
AcDbEntity
  8
0
 62
1
100
AcDb2dPolyline
 66
1
 70
1
 10
0
 20
0
 30
0
210
0
220
0
230
1
  0
VERTEX
  5
467
330
465
100
AcDbEntity
  8
0
 62
1
100
AcDbVertex
100
AcDb2dVertex
 10
247.99998474121094
 20
-50
 70
0
  0
VERTEX
  5
468
330
465
100
AcDbEntity
  8
0
 62
1
100
AcDbVertex
100
AcDb2dVertex
 10
250.20912170410156
 20
-49.999996185302734
 70
0
  0
VERTEX
  5
469
330
465
100
AcDbEntity
  8
0
 62
1
100
AcDbVertex
100
AcDb2dVertex
 10
251.99998474121094
 20
-51.790851593017578
 70
0
  0
VERTEX
  5
46A
330
465
100
AcDbEntity
  8
0
 62
1
100
AcDbVertex
100
AcDb2dVertex
 10
251.99998474121094
 20
-53.999996185302734
 70
0
  0
VERTEX
  5
46B
330
465
100
AcDbEntity
  8
0
 62
1
100
AcDbVertex
100
AcDb2dVertex
 10
251.99998474121094
 20
-53.999996185302734
 70
0
  0
VERTEX
  5
46C
330
465
100
AcDbEntity
  8
0
 62
1
100
AcDbVertex
100
AcDb2dVertex
 10
251.99998474121094
 20
-54
 70
0
  0
VERTEX
  5
46D
330
465
100
AcDbEntity
  8
0
 62
1
100
AcDbVertex
100
AcDb2dVertex
 10
251.99998474121094
 20
-54
 70
0
  0
VERTEX
  5
46E
330
465
100
AcDbEntity
  8
0
 62
1
100
AcDbVertex
100
AcDb2dVertex
 10
252
 20
-58
 70
0
  0
VERTEX
  5
46F
330
465
100
AcDbEntity
  8
0
 62
1
100
AcDbVertex
100
AcDb2dVertex
 10
252
 20
-66
 70
0
  0
VERTEX
  5
470
330
465
100
AcDbEntity
  8
0
 62
1
100
AcDbVertex
100
AcDb2dVertex
 10
251.99998474121094
 20
-69.999992370605469
 70
0
  0
VERTEX
  5
471
330
465
100
AcDbEntity
  8
0
 62
1
100
AcDbVertex
100
AcDb2dVertex
 10
251.99998474121094
 20
-72.209136962890625
 70
0
  0
VERTEX
  5
472
330
465
100
AcDbEntity
  8
0
 62
1
100
AcDbVertex
100
AcDb2dVertex
 10
250.20913696289063
 20
-73.999992370605469
 70
0
  0
VERTEX
  5
473
330
465
100
AcDbEntity
  8
0
 62
1
100
AcDbVertex
100
AcDb2dVertex
 10
248
 20
-73.999992370605469
 70
0
  0
VERTEX
  5
474
330
465
100
AcDbEntity
  8
0
 62
1
100
AcDbVertex
100
AcDb2dVertex
 10
244
 20
-74
 70
0
  0
VERTEX
  5
475
330
465
100
AcDbEntity
  8
0
 62
1
100
AcDbVertex
100
AcDb2dVertex
 10
188
 20
-74
 70
0
  0
VERTEX
  5
476
330
465
100
AcDbEntity
  8
0
 62
1
100
AcDbVertex
100
AcDb2dVertex
 10
184
 20
-73.999992370605469
 70
0
  0
VERTEX
  5
477
330
465
100
AcDbEntity
  8
0
 62
1
100
AcDbVertex
100
AcDb2dVertex
 10
181.79086303710938
 20
-74
 70
0
  0
VERTEX
  5
478
330
465
100
AcDbEntity
  8
0
 62
1
100
AcDbVertex
100
AcDb2dVertex
 10
180
 20
-72.209136962890625
 70
0
  0
VERTEX
  5
479
330
465
100
AcDbEntity
  8
0
 62
1
100
AcDbVertex
100
AcDb2dVertex
 10
180
 20
-70
 70
0
  0
VERTEX
  5
47A
330
465
100
AcDbEntity
  8
0
 62
1
100
AcDbVertex
100
AcDb2dVertex
 10
180
 20
-66
 70
0
  0
VERTEX
  5
47B
330
465
100
AcDbEntity
  8
0
 62
1
100
AcDbVertex
100
AcDb2dVertex
 10
180
 20
-58
 70
0
  0
VERTEX
  5
47C
330
465
100
AcDbEntity
  8
0
 62
1
100
AcDbVertex
100
AcDb2dVertex
 10
179.99998474121094
 20
-54
 70
0
  0
VERTEX
  5
47D
330
465
100
AcDbEntity
  8
0
 62
1
100
AcDbVertex
100
AcDb2dVertex
 10
179.99998474121094
 20
-51.790863037109375
 70
0
  0
VERTEX
  5
47E
330
465
100
AcDbEntity
  8
0
 62
1
100
AcDbVertex
100
AcDb2dVertex
 10
181.79084777832031
 20
-50
 70
0
  0
VERTEX
  5
47F
330
465
100
AcDbEntity
  8
0
 62
1
100
AcDbVertex
100
AcDb2dVertex
 10
183.99998474121094
 20
-49.999996185302734
 70
0
  0
SEQEND
  5
466
100
AcDbEntity
  8
0
  0
POLYLINE
  5
480
330
1F
100
AcDbEntity
  8
0
 62
0
100
AcDb2dPolyline
 66
1
 70
1
 10
0
 20
0
 30
0
210
0
220
0
230
1
  0
VERTEX
  5
482
330
480
100
AcDbEntity
  8
0
 62
0
100
AcDbVertex
100
AcDb2dVertex
 10
195
 20
-40
 70
0
  0
VERTEX
  5
483
330
480
100
AcDbEntity
  8
0
 62
0
100
AcDbVertex
100
AcDb2dVertex
 10
205
 20
-40
 70
0
  0
VERTEX
  5
484
330
480
100
AcDbEntity
  8
0
 62
0
100
AcDbVertex
100
AcDb2dVertex
 10
205
 20
-50
 70
0
  0
VERTEX
  5
485
330
480
100
AcDbEntity
  8
0
 62
0
100
AcDbVertex
100
AcDb2dVertex
 10
195
 20
-50
 70
0
  0
SEQEND
  5
481
100
AcDbEntity
  8
0
  0
POLYLINE
  5
486
330
1F
100
AcDbEntity
  8
0
 62
0
100
AcDb2dPolyline
 66
1
 70
1
 10
0
 20
0
 30
0
210
0
220
0
230
1
  0
VERTEX
  5
488
330
486
100
AcDbEntity
  8
0
 62
0
100
AcDbVertex
100
AcDb2dVertex
 10
185
 20
-40
 70
0
  0
VERTEX
  5
489
330
486
100
AcDbEntity
  8
0
 62
0
100
AcDbVertex
100
AcDb2dVertex
 10
195
 20
-40
 70
0
  0
VERTEX
  5
48A
330
486
100
AcDbEntity
  8
0
 62
0
100
AcDbVertex
100
AcDb2dVertex
 10
195
 20
-50
 70
0
  0
VERTEX
  5
48B
330
486
100
AcDbEntity
  8
0
 62
0
100
AcDbVertex
100
AcDb2dVertex
 10
185
 20
-50
 70
0
  0
SEQEND
  5
487
100
AcDbEntity
  8
0
  0
MTEXT
  5
48C
330
1F
100
AcDbEntity
  8
0
100
AcDbMText
 10
186.5
 20
-56
 30
0
 11
1
 21
0
 31
0
 40
5
 41
0
  1
PCRx Logic
  7
Standard
 71
1
 72
5
210
0
220
0
230
1
  0
TEXT
  5
48D
330
1F
100
AcDbEntity
  8
0
100
AcDbText
 10
190
 20
-56.3662109375
 30
0
 40
4
  1

 50
90
  7
Standard
100
AcDbText
  0
TEXT
  5
48E
330
1F
100
AcDbEntity
  8
0
100
AcDbText
 10
200
 20
-56.3662109375
 30
0
 40
4
  1

 50
90
  7
Standard
100
AcDbText
  0
POLYLINE
  5
48F
330
1F
100
AcDbEntity
  8
0
 62
1
100
AcDb2dPolyline
 66
1
 70
1
 10
0
 20
0
 30
0
210
0
220
0
230
1
  0
VERTEX
  5
491
330
48F
100
AcDbEntity
  8
0
 62
1
100
AcDbVertex
100
AcDb2dVertex
 10
375.99996948242188
 20
-50
 70
0
  0
VERTEX
  5
492
330
48F
100
AcDbEntity
  8
0
 62
1
100
AcDbVertex
100
AcDb2dVertex
 10
378.2091064453125
 20
-49.999996185302734
 70
0
  0
VERTEX
  5
493
330
48F
100
AcDbEntity
  8
0
 62
1
100
AcDbVertex
100
AcDb2dVertex
 10
379.99996948242188
 20
-51.790851593017578
 70
0
  0
VERTEX
  5
494
330
48F
100
AcDbEntity
  8
0
 62
1
100
AcDbVertex
100
AcDb2dVertex
 10
379.99996948242188
 20
-53.999996185302734
 70
0
  0
VERTEX
  5
495
330
48F
100
AcDbEntity
  8
0
 62
1
100
AcDbVertex
100
AcDb2dVertex
 10
379.99996948242188
 20
-53.999996185302734
 70
0
  0
VERTEX
  5
496
330
48F
100
AcDbEntity
  8
0
 62
1
100
AcDbVertex
100
AcDb2dVertex
 10
379.99996948242188
 20
-54
 70
0
  0
VERTEX
  5
497
330
48F
100
AcDbEntity
  8
0
 62
1
100
AcDbVertex
100
AcDb2dVertex
 10
379.99996948242188
 20
-54
 70
0
  0
VERTEX
  5
498
330
48F
100
AcDbEntity
  8
0
 62
1
100
AcDbVertex
100
AcDb2dVertex
 10
380
 20
-58
 70
0
  0
VERTEX
  5
499
330
48F
100
AcDbEntity
  8
0
 62
1
100
AcDbVertex
100
AcDb2dVertex
 10
380
 20
-66
 70
0
  0
VERTEX
  5
49A
330
48F
100
AcDbEntity
  8
0
 62
1
100
AcDbVertex
100
AcDb2dVertex
 10
379.99996948242188
 20
-69.999992370605469
 70
0
  0
VERTEX
  5
49B
330
48F
100
AcDbEntity
  8
0
 62
1
100
AcDbVertex
100
AcDb2dVertex
 10
379.99996948242188
 20
-72.209136962890625
 70
0
  0
VERTEX
  5
49C
330
48F
100
AcDbEntity
  8
0
 62
1
100
AcDbVertex
100
AcDb2dVertex
 10
378.20913696289063
 20
-73.999992370605469
 70
0
  0
VERTEX
  5
49D
330
48F
100
AcDbEntity
  8
0
 62
1
100
AcDbVertex
100
AcDb2dVertex
 10
376
 20
-73.999992370605469
 70
0
  0
VERTEX
  5
49E
330
48F
100
AcDbEntity
  8
0
 62
1
100
AcDbVertex
100
AcDb2dVertex
 10
372
 20
-74
 70
0
  0
VERTEX
  5
49F
330
48F
100
AcDbEntity
  8
0
 62
1
100
AcDbVertex
100
AcDb2dVertex
 10
278
 20
-74
 70
0
  0
VERTEX
  5
4A0
330
48F
100
AcDbEntity
  8
0
 62
1
100
AcDbVertex
100
AcDb2dVertex
 10
274
 20
-73.999992370605469
 70
0
  0
VERTEX
  5
4A1
330
48F
100
AcDbEntity
  8
0
 62
1
100
AcDbVertex
100
AcDb2dVertex
 10
271.79086303710938
 20
-74
 70
0
  0
VERTEX
  5
4A2
330
48F
100
AcDbEntity
  8
0
 62
1
100
AcDbVertex
100
AcDb2dVertex
 10
270
 20
-72.209136962890625
 70
0
  0
VERTEX
  5
4A3
330
48F
100
AcDbEntity
  8
0
 62
1
100
AcDbVertex
100
AcDb2dVertex
 10
270
 20
-70
 70
0
  0
VERTEX
  5
4A4
330
48F
100
AcDbEntity
  8
0
 62
1
100
AcDbVertex
100
AcDb2dVertex
 10
270
 20
-66
 70
0
  0
VERTEX
  5
4A5
330
48F
100
AcDbEntity
  8
0
 62
1
100
AcDbVertex
100
AcDb2dVertex
 10
270
 20
-58
 70
0
  0
VERTEX
  5
4A6
330
48F
100
AcDbEntity
  8
0
 62
1
100
AcDbVertex
100
AcDb2dVertex
 10
269.99996948242188
 20
-54
 70
0
  0
VERTEX
  5
4A7
330
48F
100
AcDbEntity
  8
0
 62
1
100
AcDbVertex
100
AcDb2dVertex
 10
269.99996948242188
 20
-51.790863037109375
 70
0
  0
VERTEX
  5
4A8
330
48F
100
AcDbEntity
  8
0
 62
1
100
AcDbVertex
100
AcDb2dVertex
 10
271.79083251953125
 20
-50
 70
0
  0
VERTEX
  5
4A9
330
48F
100
AcDbEntity
  8
0
 62
1
100
AcDbVertex
100
AcDb2dVertex
 10
273.99996948242188
 20
-49.999996185302734
 70
0
  0
SEQEND
  5
490
100
AcDbEntity
  8
0
  0
POLYLINE
  5
4AA
330
1F
100
AcDbEntity
  8
0
 62
0
100
AcDb2dPolyline
 66
1
 70
1
 10
0
 20
0
 30
0
210
0
220
0
230
1
  0
VERTEX
  5
4AC
330
4AA
100
AcDbEntity
  8
0
 62
0
100
AcDbVertex
100
AcDb2dVertex
 10
365
 20
-40
 70
0
  0
VERTEX
  5
4AD
330
4AA
100
AcDbEntity
  8
0
 62
0
100
AcDbVertex
100
AcDb2dVertex
 10
375
 20
-40
 70
0
  0
VERTEX
  5
4AE
330
4AA
100
AcDbEntity
  8
0
 62
0
100
AcDbVertex
100
AcDb2dVertex
 10
375
 20
-50
 70
0
  0
VERTEX
  5
4AF
330
4AA
100
AcDbEntity
  8
0
 62
0
100
AcDbVertex
100
AcDb2dVertex
 10
365
 20
-50
 70
0
  0
SEQEND
  5
4AB
100
AcDbEntity
  8
0
  0
POLYLINE
  5
4B0
330
1F
100
AcDbEntity
  8
0
 62
0
100
AcDb2dPolyline
 66
1
 70
1
 10
0
 20
0
 30
0
210
0
220
0
230
1
  0
VERTEX
  5
4B2
330
4B0
100
AcDbEntity
  8
0
 62
0
100
AcDbVertex
100
AcDb2dVertex
 10
355
 20
-40
 70
0
  0
VERTEX
  5
4B3
330
4B0
100
AcDbEntity
  8
0
 62
0
100
AcDbVertex
100
AcDb2dVertex
 10
365
 20
-40
 70
0
  0
VERTEX
  5
4B4
330
4B0
100
AcDbEntity
  8
0
 62
0
100
AcDbVertex
100
AcDb2dVertex
 10
365
 20
-50
 70
0
  0
VERTEX
  5
4B5
330
4B0
100
AcDbEntity
  8
0
 62
0
100
AcDbVertex
100
AcDb2dVertex
 10
355
 20
-50
 70
0
  0
SEQEND
  5
4B1
100
AcDbEntity
  8
0
  0
POLYLINE
  5
4B6
330
1F
100
AcDbEntity
  8
0
 62
0
100
AcDb2dPolyline
 66
1
 70
1
 10
0
 20
0
 30
0
210
0
220
0
230
1
  0
VERTEX
  5
4B8
330
4B6
100
AcDbEntity
  8
0
 62
0
100
AcDbVertex
100
AcDb2dVertex
 10
345
 20
-40
 70
0
  0
VERTEX
  5
4B9
330
4B6
100
AcDbEntity
  8
0
 62
0
100
AcDbVertex
100
AcDb2dVertex
 10
355
 20
-40
 70
0
  0
VERTEX
  5
4BA
330
4B6
100
AcDbEntity
  8
0
 62
0
100
AcDbVertex
100
AcDb2dVertex
 10
355
 20
-50
 70
0
  0
VERTEX
  5
4BB
330
4B6
100
AcDbEntity
  8
0
 62
0
100
AcDbVertex
100
AcDb2dVertex
 10
345
 20
-50
 70
0
  0
SEQEND
  5
4B7
100
AcDbEntity
  8
0
  0
POLYLINE
  5
4BC
330
1F
100
AcDbEntity
  8
0
 62
0
100
AcDb2dPolyline
 66
1
 70
1
 10
0
 20
0
 30
0
210
0
220
0
230
1
  0
VERTEX
  5
4BE
330
4BC
100
AcDbEntity
  8
0
 62
0
100
AcDbVertex
100
AcDb2dVertex
 10
335
 20
-40
 70
0
  0
VERTEX
  5
4BF
330
4BC
100
AcDbEntity
  8
0
 62
0
100
AcDbVertex
100
AcDb2dVertex
 10
345
 20
-40
 70
0
  0
VERTEX
  5
4C0
330
4BC
100
AcDbEntity
  8
0
 62
0
100
AcDbVertex
100
AcDb2dVertex
 10
345
 20
-50
 70
0
  0
VERTEX
  5
4C1
330
4BC
100
AcDbEntity
  8
0
 62
0
100
AcDbVertex
100
AcDb2dVertex
 10
335
 20
-50
 70
0
  0
SEQEND
  5
4BD
100
AcDbEntity
  8
0
  0
POLYLINE
  5
4C2
330
1F
100
AcDbEntity
  8
0
 62
0
100
AcDb2dPolyline
 66
1
 70
1
 10
0
 20
0
 30
0
210
0
220
0
230
1
  0
VERTEX
  5
4C4
330
4C2
100
AcDbEntity
  8
0
 62
0
100
AcDbVertex
100
AcDb2dVertex
 10
325
 20
-40
 70
0
  0
VERTEX
  5
4C5
330
4C2
100
AcDbEntity
  8
0
 62
0
100
AcDbVertex
100
AcDb2dVertex
 10
335
 20
-40
 70
0
  0
VERTEX
  5
4C6
330
4C2
100
AcDbEntity
  8
0
 62
0
100
AcDbVertex
100
AcDb2dVertex
 10
335
 20
-50
 70
0
  0
VERTEX
  5
4C7
330
4C2
100
AcDbEntity
  8
0
 62
0
100
AcDbVertex
100
AcDb2dVertex
 10
325
 20
-50
 70
0
  0
SEQEND
  5
4C3
100
AcDbEntity
  8
0
  0
POLYLINE
  5
4C8
330
1F
100
AcDbEntity
  8
0
 62
0
100
AcDb2dPolyline
 66
1
 70
1
 10
0
 20
0
 30
0
210
0
220
0
230
1
  0
VERTEX
  5
4CA
330
4C8
100
AcDbEntity
  8
0
 62
0
100
AcDbVertex
100
AcDb2dVertex
 10
315
 20
-40
 70
0
  0
VERTEX
  5
4CB
330
4C8
100
AcDbEntity
  8
0
 62
0
100
AcDbVertex
100
AcDb2dVertex
 10
325
 20
-40
 70
0
  0
VERTEX
  5
4CC
330
4C8
100
AcDbEntity
  8
0
 62
0
100
AcDbVertex
100
AcDb2dVertex
 10
325
 20
-50
 70
0
  0
VERTEX
  5
4CD
330
4C8
100
AcDbEntity
  8
0
 62
0
100
AcDbVertex
100
AcDb2dVertex
 10
315
 20
-50
 70
0
  0
SEQEND
  5
4C9
100
AcDbEntity
  8
0
  0
POLYLINE
  5
4CE
330
1F
100
AcDbEntity
  8
0
 62
0
100
AcDb2dPolyline
 66
1
 70
1
 10
0
 20
0
 30
0
210
0
220
0
230
1
  0
VERTEX
  5
4D0
330
4CE
100
AcDbEntity
  8
0
 62
0
100
AcDbVertex
100
AcDb2dVertex
 10
305
 20
-40
 70
0
  0
VERTEX
  5
4D1
330
4CE
100
AcDbEntity
  8
0
 62
0
100
AcDbVertex
100
AcDb2dVertex
 10
315
 20
-40
 70
0
  0
VERTEX
  5
4D2
330
4CE
100
AcDbEntity
  8
0
 62
0
100
AcDbVertex
100
AcDb2dVertex
 10
315
 20
-50
 70
0
  0
VERTEX
  5
4D3
330
4CE
100
AcDbEntity
  8
0
 62
0
100
AcDbVertex
100
AcDb2dVertex
 10
305
 20
-50
 70
0
  0
SEQEND
  5
4CF
100
AcDbEntity
  8
0
  0
POLYLINE
  5
4D4
330
1F
100
AcDbEntity
  8
0
 62
0
100
AcDb2dPolyline
 66
1
 70
1
 10
0
 20
0
 30
0
210
0
220
0
230
1
  0
VERTEX
  5
4D6
330
4D4
100
AcDbEntity
  8
0
 62
0
100
AcDbVertex
100
AcDb2dVertex
 10
295
 20
-40
 70
0
  0
VERTEX
  5
4D7
330
4D4
100
AcDbEntity
  8
0
 62
0
100
AcDbVertex
100
AcDb2dVertex
 10
305
 20
-40
 70
0
  0
VERTEX
  5
4D8
330
4D4
100
AcDbEntity
  8
0
 62
0
100
AcDbVertex
100
AcDb2dVertex
 10
305
 20
-50
 70
0
  0
VERTEX
  5
4D9
330
4D4
100
AcDbEntity
  8
0
 62
0
100
AcDbVertex
100
AcDb2dVertex
 10
295
 20
-50
 70
0
  0
SEQEND
  5
4D5
100
AcDbEntity
  8
0
  0
POLYLINE
  5
4DA
330
1F
100
AcDbEntity
  8
0
 62
0
100
AcDb2dPolyline
 66
1
 70
1
 10
0
 20
0
 30
0
210
0
220
0
230
1
  0
VERTEX
  5
4DC
330
4DA
100
AcDbEntity
  8
0
 62
0
100
AcDbVertex
100
AcDb2dVertex
 10
285
 20
-40
 70
0
  0
VERTEX
  5
4DD
330
4DA
100
AcDbEntity
  8
0
 62
0
100
AcDbVertex
100
AcDb2dVertex
 10
295
 20
-40
 70
0
  0
VERTEX
  5
4DE
330
4DA
100
AcDbEntity
  8
0
 62
0
100
AcDbVertex
100
AcDb2dVertex
 10
295
 20
-50
 70
0
  0
VERTEX
  5
4DF
330
4DA
100
AcDbEntity
  8
0
 62
0
100
AcDbVertex
100
AcDb2dVertex
 10
285
 20
-50
 70
0
  0
SEQEND
  5
4DB
100
AcDbEntity
  8
0
  0
POLYLINE
  5
4E0
330
1F
100
AcDbEntity
  8
0
 62
0
100
AcDb2dPolyline
 66
1
 70
1
 10
0
 20
0
 30
0
210
0
220
0
230
1
  0
VERTEX
  5
4E2
330
4E0
100
AcDbEntity
  8
0
 62
0
100
AcDbVertex
100
AcDb2dVertex
 10
275
 20
-40
 70
0
  0
VERTEX
  5
4E3
330
4E0
100
AcDbEntity
  8
0
 62
0
100
AcDbVertex
100
AcDb2dVertex
 10
285
 20
-40
 70
0
  0
VERTEX
  5
4E4
330
4E0
100
AcDbEntity
  8
0
 62
0
100
AcDbVertex
100
AcDb2dVertex
 10
285
 20
-50
 70
0
  0
VERTEX
  5
4E5
330
4E0
100
AcDbEntity
  8
0
 62
0
100
AcDbVertex
100
AcDb2dVertex
 10
275
 20
-50
 70
0
  0
SEQEND
  5
4E1
100
AcDbEntity
  8
0
  0
MTEXT
  5
4E6
330
1F
100
AcDbEntity
  8
0
100
AcDbMText
 10
295.5
 20
-56
 30
0
 11
1
 21
0
 31
0
 40
5
 41
0
  1
PCRx Logic
  7
Standard
 71
1
 72
5
210
0
220
0
230
1
  0
TEXT
  5
4E7
330
1F
100
AcDbEntity
  8
0
100
AcDbText
 10
280
 20
-56.3662109375
 30
0
 40
4
  1

 50
90
  7
Standard
100
AcDbText
  0
TEXT
  5
4E8
330
1F
100
AcDbEntity
  8
0
100
AcDbText
 10
290
 20
-56.3662109375
 30
0
 40
4
  1

 50
90
  7
Standard
100
AcDbText
  0
TEXT
  5
4E9
330
1F
100
AcDbEntity
  8
0
100
AcDbText
 10
300
 20
-56.3662109375
 30
0
 40
4
  1

 50
90
  7
Standard
100
AcDbText
  0
TEXT
  5
4EA
330
1F
100
AcDbEntity
  8
0
100
AcDbText
 10
310
 20
-56.3662109375
 30
0
 40
4
  1

 50
90
  7
Standard
100
AcDbText
  0
TEXT
  5
4EB
330
1F
100
AcDbEntity
  8
0
100
AcDbText
 10
320
 20
-56.3662109375
 30
0
 40
4
  1

 50
90
  7
Standard
100
AcDbText
  0
TEXT
  5
4EC
330
1F
100
AcDbEntity
  8
0
100
AcDbText
 10
330
 20
-56.3662109375
 30
0
 40
4
  1

 50
90
  7
Standard
100
AcDbText
  0
TEXT
  5
4ED
330
1F
100
AcDbEntity
  8
0
100
AcDbText
 10
340
 20
-56.3662109375
 30
0
 40
4
  1

 50
90
  7
Standard
100
AcDbText
  0
TEXT
  5
4EE
330
1F
100
AcDbEntity
  8
0
100
AcDbText
 10
350
 20
-56.3662109375
 30
0
 40
4
  1

 50
90
  7
Standard
100
AcDbText
  0
TEXT
  5
4EF
330
1F
100
AcDbEntity
  8
0
100
AcDbText
 10
360
 20
-56.3662109375
 30
0
 40
4
  1

 50
90
  7
Standard
100
AcDbText
  0
TEXT
  5
4F0
330
1F
100
AcDbEntity
  8
0
100
AcDbText
 10
370
 20
-56.3662109375
 30
0
 40
4
  1

 50
90
  7
Standard
100
AcDbText
  0
POLYLINE
  5
4F1
330
1F
100
AcDbEntity
  8
0
 62
1
100
AcDb2dPolyline
 66
1
 70
1
 10
0
 20
0
 30
0
210
0
220
0
230
1
  0
VERTEX
  5
4F3
330
4F1
100
AcDbEntity
  8
0
 62
1
100
AcDbVertex
100
AcDb2dVertex
 10
495.99996948242188
 20
-50
 70
0
  0
VERTEX
  5
4F4
330
4F1
100
AcDbEntity
  8
0
 62
1
100
AcDbVertex
100
AcDb2dVertex
 10
498.2091064453125
 20
-49.999996185302734
 70
0
  0
VERTEX
  5
4F5
330
4F1
100
AcDbEntity
  8
0
 62
1
100
AcDbVertex
100
AcDb2dVertex
 10
499.99996948242188
 20
-51.790851593017578
 70
0
  0
VERTEX
  5
4F6
330
4F1
100
AcDbEntity
  8
0
 62
1
100
AcDbVertex
100
AcDb2dVertex
 10
499.99996948242188
 20
-53.999996185302734
 70
0
  0
VERTEX
  5
4F7
330
4F1
100
AcDbEntity
  8
0
 62
1
100
AcDbVertex
100
AcDb2dVertex
 10
499.99996948242188
 20
-53.999996185302734
 70
0
  0
VERTEX
  5
4F8
330
4F1
100
AcDbEntity
  8
0
 62
1
100
AcDbVertex
100
AcDb2dVertex
 10
499.99996948242188
 20
-54
 70
0
  0
VERTEX
  5
4F9
330
4F1
100
AcDbEntity
  8
0
 62
1
100
AcDbVertex
100
AcDb2dVertex
 10
499.99996948242188
 20
-54
 70
0
  0
VERTEX
  5
4FA
330
4F1
100
AcDbEntity
  8
0
 62
1
100
AcDbVertex
100
AcDb2dVertex
 10
500
 20
-58
 70
0
  0
VERTEX
  5
4FB
330
4F1
100
AcDbEntity
  8
0
 62
1
100
AcDbVertex
100
AcDb2dVertex
 10
500
 20
-66
 70
0
  0
VERTEX
  5
4FC
330
4F1
100
AcDbEntity
  8
0
 62
1
100
AcDbVertex
100
AcDb2dVertex
 10
499.99996948242188
 20
-69.999992370605469
 70
0
  0
VERTEX
  5
4FD
330
4F1
100
AcDbEntity
  8
0
 62
1
100
AcDbVertex
100
AcDb2dVertex
 10
499.99996948242188
 20
-72.209136962890625
 70
0
  0
VERTEX
  5
4FE
330
4F1
100
AcDbEntity
  8
0
 62
1
100
AcDbVertex
100
AcDb2dVertex
 10
498.20913696289063
 20
-73.999992370605469
 70
0
  0
VERTEX
  5
4FF
330
4F1
100
AcDbEntity
  8
0
 62
1
100
AcDbVertex
100
AcDb2dVertex
 10
496
 20
-73.999992370605469
 70
0
  0
VERTEX
  5
500
330
4F1
100
AcDbEntity
  8
0
 62
1
100
AcDbVertex
100
AcDb2dVertex
 10
492
 20
-74
 70
0
  0
VERTEX
  5
501
330
4F1
100
AcDbEntity
  8
0
 62
1
100
AcDbVertex
100
AcDb2dVertex
 10
398
 20
-74
 70
0
  0
VERTEX
  5
502
330
4F1
100
AcDbEntity
  8
0
 62
1
100
AcDbVertex
100
AcDb2dVertex
 10
394
 20
-73.999992370605469
 70
0
  0
VERTEX
  5
503
330
4F1
100
AcDbEntity
  8
0
 62
1
100
AcDbVertex
100
AcDb2dVertex
 10
391.79086303710938
 20
-74
 70
0
  0
VERTEX
  5
504
330
4F1
100
AcDbEntity
  8
0
 62
1
100
AcDbVertex
100
AcDb2dVertex
 10
390
 20
-72.209136962890625
 70
0
  0
VERTEX
  5
505
330
4F1
100
AcDbEntity
  8
0
 62
1
100
AcDbVertex
100
AcDb2dVertex
 10
390
 20
-70
 70
0
  0
VERTEX
  5
506
330
4F1
100
AcDbEntity
  8
0
 62
1
100
AcDbVertex
100
AcDb2dVertex
 10
390
 20
-66
 70
0
  0
VERTEX
  5
507
330
4F1
100
AcDbEntity
  8
0
 62
1
100
AcDbVertex
100
AcDb2dVertex
 10
390
 20
-58
 70
0
  0
VERTEX
  5
508
330
4F1
100
AcDbEntity
  8
0
 62
1
100
AcDbVertex
100
AcDb2dVertex
 10
389.99996948242188
 20
-54
 70
0
  0
VERTEX
  5
509
330
4F1
100
AcDbEntity
  8
0
 62
1
100
AcDbVertex
100
AcDb2dVertex
 10
389.99996948242188
 20
-51.790863037109375
 70
0
  0
VERTEX
  5
50A
330
4F1
100
AcDbEntity
  8
0
 62
1
100
AcDbVertex
100
AcDb2dVertex
 10
391.79083251953125
 20
-50
 70
0
  0
VERTEX
  5
50B
330
4F1
100
AcDbEntity
  8
0
 62
1
100
AcDbVertex
100
AcDb2dVertex
 10
393.99996948242188
 20
-49.999996185302734
 70
0
  0
SEQEND
  5
4F2
100
AcDbEntity
  8
0
  0
POLYLINE
  5
50C
330
1F
100
AcDbEntity
  8
0
 62
0
100
AcDb2dPolyline
 66
1
 70
1
 10
0
 20
0
 30
0
210
0
220
0
230
1
  0
VERTEX
  5
50E
330
50C
100
AcDbEntity
  8
0
 62
0
100
AcDbVertex
100
AcDb2dVertex
 10
485
 20
-40
 70
0
  0
VERTEX
  5
50F
330
50C
100
AcDbEntity
  8
0
 62
0
100
AcDbVertex
100
AcDb2dVertex
 10
495
 20
-40
 70
0
  0
VERTEX
  5
510
330
50C
100
AcDbEntity
  8
0
 62
0
100
AcDbVertex
100
AcDb2dVertex
 10
495
 20
-50
 70
0
  0
VERTEX
  5
511
330
50C
100
AcDbEntity
  8
0
 62
0
100
AcDbVertex
100
AcDb2dVertex
 10
485
 20
-50
 70
0
  0
SEQEND
  5
50D
100
AcDbEntity
  8
0
  0
POLYLINE
  5
512
330
1F
100
AcDbEntity
  8
0
 62
0
100
AcDb2dPolyline
 66
1
 70
1
 10
0
 20
0
 30
0
210
0
220
0
230
1
  0
VERTEX
  5
514
330
512
100
AcDbEntity
  8
0
 62
0
100
AcDbVertex
100
AcDb2dVertex
 10
475
 20
-40
 70
0
  0
VERTEX
  5
515
330
512
100
AcDbEntity
  8
0
 62
0
100
AcDbVertex
100
AcDb2dVertex
 10
485
 20
-40
 70
0
  0
VERTEX
  5
516
330
512
100
AcDbEntity
  8
0
 62
0
100
AcDbVertex
100
AcDb2dVertex
 10
485
 20
-50
 70
0
  0
VERTEX
  5
517
330
512
100
AcDbEntity
  8
0
 62
0
100
AcDbVertex
100
AcDb2dVertex
 10
475
 20
-50
 70
0
  0
SEQEND
  5
513
100
AcDbEntity
  8
0
  0
POLYLINE
  5
518
330
1F
100
AcDbEntity
  8
0
 62
0
100
AcDb2dPolyline
 66
1
 70
1
 10
0
 20
0
 30
0
210
0
220
0
230
1
  0
VERTEX
  5
51A
330
518
100
AcDbEntity
  8
0
 62
0
100
AcDbVertex
100
AcDb2dVertex
 10
465
 20
-40
 70
0
  0
VERTEX
  5
51B
330
518
100
AcDbEntity
  8
0
 62
0
100
AcDbVertex
100
AcDb2dVertex
 10
475
 20
-40
 70
0
  0
VERTEX
  5
51C
330
518
100
AcDbEntity
  8
0
 62
0
100
AcDbVertex
100
AcDb2dVertex
 10
475
 20
-50
 70
0
  0
VERTEX
  5
51D
330
518
100
AcDbEntity
  8
0
 62
0
100
AcDbVertex
100
AcDb2dVertex
 10
465
 20
-50
 70
0
  0
SEQEND
  5
519
100
AcDbEntity
  8
0
  0
POLYLINE
  5
51E
330
1F
100
AcDbEntity
  8
0
 62
0
100
AcDb2dPolyline
 66
1
 70
1
 10
0
 20
0
 30
0
210
0
220
0
230
1
  0
VERTEX
  5
520
330
51E
100
AcDbEntity
  8
0
 62
0
100
AcDbVertex
100
AcDb2dVertex
 10
455
 20
-40
 70
0
  0
VERTEX
  5
521
330
51E
100
AcDbEntity
  8
0
 62
0
100
AcDbVertex
100
AcDb2dVertex
 10
465
 20
-40
 70
0
  0
VERTEX
  5
522
330
51E
100
AcDbEntity
  8
0
 62
0
100
AcDbVertex
100
AcDb2dVertex
 10
465
 20
-50
 70
0
  0
VERTEX
  5
523
330
51E
100
AcDbEntity
  8
0
 62
0
100
AcDbVertex
100
AcDb2dVertex
 10
455
 20
-50
 70
0
  0
SEQEND
  5
51F
100
AcDbEntity
  8
0
  0
POLYLINE
  5
524
330
1F
100
AcDbEntity
  8
0
 62
0
100
AcDb2dPolyline
 66
1
 70
1
 10
0
 20
0
 30
0
210
0
220
0
230
1
  0
VERTEX
  5
526
330
524
100
AcDbEntity
  8
0
 62
0
100
AcDbVertex
100
AcDb2dVertex
 10
445
 20
-40
 70
0
  0
VERTEX
  5
527
330
524
100
AcDbEntity
  8
0
 62
0
100
AcDbVertex
100
AcDb2dVertex
 10
455
 20
-40
 70
0
  0
VERTEX
  5
528
330
524
100
AcDbEntity
  8
0
 62
0
100
AcDbVertex
100
AcDb2dVertex
 10
455
 20
-50
 70
0
  0
VERTEX
  5
529
330
524
100
AcDbEntity
  8
0
 62
0
100
AcDbVertex
100
AcDb2dVertex
 10
445
 20
-50
 70
0
  0
SEQEND
  5
525
100
AcDbEntity
  8
0
  0
POLYLINE
  5
52A
330
1F
100
AcDbEntity
  8
0
 62
0
100
AcDb2dPolyline
 66
1
 70
1
 10
0
 20
0
 30
0
210
0
220
0
230
1
  0
VERTEX
  5
52C
330
52A
100
AcDbEntity
  8
0
 62
0
100
AcDbVertex
100
AcDb2dVertex
 10
435
 20
-40
 70
0
  0
VERTEX
  5
52D
330
52A
100
AcDbEntity
  8
0
 62
0
100
AcDbVertex
100
AcDb2dVertex
 10
445
 20
-40
 70
0
  0
VERTEX
  5
52E
330
52A
100
AcDbEntity
  8
0
 62
0
100
AcDbVertex
100
AcDb2dVertex
 10
445
 20
-50
 70
0
  0
VERTEX
  5
52F
330
52A
100
AcDbEntity
  8
0
 62
0
100
AcDbVertex
100
AcDb2dVertex
 10
435
 20
-50
 70
0
  0
SEQEND
  5
52B
100
AcDbEntity
  8
0
  0
POLYLINE
  5
530
330
1F
100
AcDbEntity
  8
0
 62
0
100
AcDb2dPolyline
 66
1
 70
1
 10
0
 20
0
 30
0
210
0
220
0
230
1
  0
VERTEX
  5
532
330
530
100
AcDbEntity
  8
0
 62
0
100
AcDbVertex
100
AcDb2dVertex
 10
425
 20
-40
 70
0
  0
VERTEX
  5
533
330
530
100
AcDbEntity
  8
0
 62
0
100
AcDbVertex
100
AcDb2dVertex
 10
435
 20
-40
 70
0
  0
VERTEX
  5
534
330
530
100
AcDbEntity
  8
0
 62
0
100
AcDbVertex
100
AcDb2dVertex
 10
435
 20
-50
 70
0
  0
VERTEX
  5
535
330
530
100
AcDbEntity
  8
0
 62
0
100
AcDbVertex
100
AcDb2dVertex
 10
425
 20
-50
 70
0
  0
SEQEND
  5
531
100
AcDbEntity
  8
0
  0
POLYLINE
  5
536
330
1F
100
AcDbEntity
  8
0
 62
0
100
AcDb2dPolyline
 66
1
 70
1
 10
0
 20
0
 30
0
210
0
220
0
230
1
  0
VERTEX
  5
538
330
536
100
AcDbEntity
  8
0
 62
0
100
AcDbVertex
100
AcDb2dVertex
 10
415
 20
-40
 70
0
  0
VERTEX
  5
539
330
536
100
AcDbEntity
  8
0
 62
0
100
AcDbVertex
100
AcDb2dVertex
 10
425
 20
-40
 70
0
  0
VERTEX
  5
53A
330
536
100
AcDbEntity
  8
0
 62
0
100
AcDbVertex
100
AcDb2dVertex
 10
425
 20
-50
 70
0
  0
VERTEX
  5
53B
330
536
100
AcDbEntity
  8
0
 62
0
100
AcDbVertex
100
AcDb2dVertex
 10
415
 20
-50
 70
0
  0
SEQEND
  5
537
100
AcDbEntity
  8
0
  0
POLYLINE
  5
53C
330
1F
100
AcDbEntity
  8
0
 62
0
100
AcDb2dPolyline
 66
1
 70
1
 10
0
 20
0
 30
0
210
0
220
0
230
1
  0
VERTEX
  5
53E
330
53C
100
AcDbEntity
  8
0
 62
0
100
AcDbVertex
100
AcDb2dVertex
 10
405
 20
-40
 70
0
  0
VERTEX
  5
53F
330
53C
100
AcDbEntity
  8
0
 62
0
100
AcDbVertex
100
AcDb2dVertex
 10
415
 20
-40
 70
0
  0
VERTEX
  5
540
330
53C
100
AcDbEntity
  8
0
 62
0
100
AcDbVertex
100
AcDb2dVertex
 10
415
 20
-50
 70
0
  0
VERTEX
  5
541
330
53C
100
AcDbEntity
  8
0
 62
0
100
AcDbVertex
100
AcDb2dVertex
 10
405
 20
-50
 70
0
  0
SEQEND
  5
53D
100
AcDbEntity
  8
0
  0
POLYLINE
  5
542
330
1F
100
AcDbEntity
  8
0
 62
0
100
AcDb2dPolyline
 66
1
 70
1
 10
0
 20
0
 30
0
210
0
220
0
230
1
  0
VERTEX
  5
544
330
542
100
AcDbEntity
  8
0
 62
0
100
AcDbVertex
100
AcDb2dVertex
 10
395
 20
-40
 70
0
  0
VERTEX
  5
545
330
542
100
AcDbEntity
  8
0
 62
0
100
AcDbVertex
100
AcDb2dVertex
 10
405
 20
-40
 70
0
  0
VERTEX
  5
546
330
542
100
AcDbEntity
  8
0
 62
0
100
AcDbVertex
100
AcDb2dVertex
 10
405
 20
-50
 70
0
  0
VERTEX
  5
547
330
542
100
AcDbEntity
  8
0
 62
0
100
AcDbVertex
100
AcDb2dVertex
 10
395
 20
-50
 70
0
  0
SEQEND
  5
543
100
AcDbEntity
  8
0
  0
MTEXT
  5
548
330
1F
100
AcDbEntity
  8
0
100
AcDbMText
 10
415.5
 20
-56
 30
0
 11
1
 21
0
 31
0
 40
5
 41
0
  1
PCRx Logic
  7
Standard
 71
1
 72
5
210
0
220
0
230
1
  0
TEXT
  5
549
330
1F
100
AcDbEntity
  8
0
100
AcDbText
 10
400
 20
-56.3662109375
 30
0
 40
4
  1

 50
90
  7
Standard
100
AcDbText
  0
TEXT
  5
54A
330
1F
100
AcDbEntity
  8
0
100
AcDbText
 10
410
 20
-56.3662109375
 30
0
 40
4
  1

 50
90
  7
Standard
100
AcDbText
  0
TEXT
  5
54B
330
1F
100
AcDbEntity
  8
0
100
AcDbText
 10
420
 20
-56.3662109375
 30
0
 40
4
  1

 50
90
  7
Standard
100
AcDbText
  0
TEXT
  5
54C
330
1F
100
AcDbEntity
  8
0
100
AcDbText
 10
430
 20
-56.3662109375
 30
0
 40
4
  1

 50
90
  7
Standard
100
AcDbText
  0
TEXT
  5
54D
330
1F
100
AcDbEntity
  8
0
100
AcDbText
 10
440
 20
-56.3662109375
 30
0
 40
4
  1

 50
90
  7
Standard
100
AcDbText
  0
TEXT
  5
54E
330
1F
100
AcDbEntity
  8
0
100
AcDbText
 10
450
 20
-56.3662109375
 30
0
 40
4
  1

 50
90
  7
Standard
100
AcDbText
  0
TEXT
  5
54F
330
1F
100
AcDbEntity
  8
0
100
AcDbText
 10
460
 20
-56.3662109375
 30
0
 40
4
  1

 50
90
  7
Standard
100
AcDbText
  0
TEXT
  5
550
330
1F
100
AcDbEntity
  8
0
100
AcDbText
 10
470
 20
-56.3662109375
 30
0
 40
4
  1

 50
90
  7
Standard
100
AcDbText
  0
TEXT
  5
551
330
1F
100
AcDbEntity
  8
0
100
AcDbText
 10
480
 20
-56.3662109375
 30
0
 40
4
  1

 50
90
  7
Standard
100
AcDbText
  0
TEXT
  5
552
330
1F
100
AcDbEntity
  8
0
100
AcDbText
 10
490
 20
-56.3662109375
 30
0
 40
4
  1

 50
90
  7
Standard
100
AcDbText
  0
POLYLINE
  5
553
330
1F
100
AcDbEntity
  8
0
 62
1
100
AcDb2dPolyline
 66
1
 70
1
 10
0
 20
0
 30
0
210
0
220
0
230
1
  0
VERTEX
  5
555
330
553
100
AcDbEntity
  8
0
 62
1
100
AcDbVertex
100
AcDb2dVertex
 10
605.99993896484375
 20
-50
 70
0
  0
VERTEX
  5
556
330
553
100
AcDbEntity
  8
0
 62
1
100
AcDbVertex
100
AcDb2dVertex
 10
608.2091064453125
 20
-49.999996185302734
 70
0
  0
VERTEX
  5
557
330
553
100
AcDbEntity
  8
0
 62
1
100
AcDbVertex
100
AcDb2dVertex
 10
609.99993896484375
 20
-51.790851593017578
 70
0
  0
VERTEX
  5
558
330
553
100
AcDbEntity
  8
0
 62
1
100
AcDbVertex
100
AcDb2dVertex
 10
609.99993896484375
 20
-53.999996185302734
 70
0
  0
VERTEX
  5
559
330
553
100
AcDbEntity
  8
0
 62
1
100
AcDbVertex
100
AcDb2dVertex
 10
609.99993896484375
 20
-53.999996185302734
 70
0
  0
VERTEX
  5
55A
330
553
100
AcDbEntity
  8
0
 62
1
100
AcDbVertex
100
AcDb2dVertex
 10
609.99993896484375
 20
-54
 70
0
  0
VERTEX
  5
55B
330
553
100
AcDbEntity
  8
0
 62
1
100
AcDbVertex
100
AcDb2dVertex
 10
609.99993896484375
 20
-54
 70
0
  0
VERTEX
  5
55C
330
553
100
AcDbEntity
  8
0
 62
1
100
AcDbVertex
100
AcDb2dVertex
 10
610
 20
-58
 70
0
  0
VERTEX
  5
55D
330
553
100
AcDbEntity
  8
0
 62
1
100
AcDbVertex
100
AcDb2dVertex
 10
610
 20
-66
 70
0
  0
VERTEX
  5
55E
330
553
100
AcDbEntity
  8
0
 62
1
100
AcDbVertex
100
AcDb2dVertex
 10
609.99993896484375
 20
-69.999992370605469
 70
0
  0
VERTEX
  5
55F
330
553
100
AcDbEntity
  8
0
 62
1
100
AcDbVertex
100
AcDb2dVertex
 10
609.99993896484375
 20
-72.209136962890625
 70
0
  0
VERTEX
  5
560
330
553
100
AcDbEntity
  8
0
 62
1
100
AcDbVertex
100
AcDb2dVertex
 10
608.2091064453125
 20
-73.999992370605469
 70
0
  0
VERTEX
  5
561
330
553
100
AcDbEntity
  8
0
 62
1
100
AcDbVertex
100
AcDb2dVertex
 10
606
 20
-73.999992370605469
 70
0
  0
VERTEX
  5
562
330
553
100
AcDbEntity
  8
0
 62
1
100
AcDbVertex
100
AcDb2dVertex
 10
602
 20
-74
 70
0
  0
VERTEX
  5
563
330
553
100
AcDbEntity
  8
0
 62
1
100
AcDbVertex
100
AcDb2dVertex
 10
518
 20
-74
 70
0
  0
VERTEX
  5
564
330
553
100
AcDbEntity
  8
0
 62
1
100
AcDbVertex
100
AcDb2dVertex
 10
514
 20
-73.999992370605469
 70
0
  0
VERTEX
  5
565
330
553
100
AcDbEntity
  8
0
 62
1
100
AcDbVertex
100
AcDb2dVertex
 10
511.79086303710938
 20
-74
 70
0
  0
VERTEX
  5
566
330
553
100
AcDbEntity
  8
0
 62
1
100
AcDbVertex
100
AcDb2dVertex
 10
510
 20
-72.209136962890625
 70
0
  0
VERTEX
  5
567
330
553
100
AcDbEntity
  8
0
 62
1
100
AcDbVertex
100
AcDb2dVertex
 10
510
 20
-70
 70
0
  0
VERTEX
  5
568
330
553
100
AcDbEntity
  8
0
 62
1
100
AcDbVertex
100
AcDb2dVertex
 10
510
 20
-66
 70
0
  0
VERTEX
  5
569
330
553
100
AcDbEntity
  8
0
 62
1
100
AcDbVertex
100
AcDb2dVertex
 10
510
 20
-58
 70
0
  0
VERTEX
  5
56A
330
553
100
AcDbEntity
  8
0
 62
1
100
AcDbVertex
100
AcDb2dVertex
 10
509.99996948242188
 20
-54
 70
0
  0
VERTEX
  5
56B
330
553
100
AcDbEntity
  8
0
 62
1
100
AcDbVertex
100
AcDb2dVertex
 10
509.99996948242188
 20
-51.790863037109375
 70
0
  0
VERTEX
  5
56C
330
553
100
AcDbEntity
  8
0
 62
1
100
AcDbVertex
100
AcDb2dVertex
 10
511.79083251953125
 20
-50
 70
0
  0
VERTEX
  5
56D
330
553
100
AcDbEntity
  8
0
 62
1
100
AcDbVertex
100
AcDb2dVertex
 10
513.99993896484375
 20
-49.999996185302734
 70
0
  0
SEQEND
  5
554
100
AcDbEntity
  8
0
  0
POLYLINE
  5
56E
330
1F
100
AcDbEntity
  8
0
 62
0
100
AcDb2dPolyline
 66
1
 70
1
 10
0
 20
0
 30
0
210
0
220
0
230
1
  0
VERTEX
  5
570
330
56E
100
AcDbEntity
  8
0
 62
0
100
AcDbVertex
100
AcDb2dVertex
 10
595
 20
-40
 70
0
  0
VERTEX
  5
571
330
56E
100
AcDbEntity
  8
0
 62
0
100
AcDbVertex
100
AcDb2dVertex
 10
605
 20
-40
 70
0
  0
VERTEX
  5
572
330
56E
100
AcDbEntity
  8
0
 62
0
100
AcDbVertex
100
AcDb2dVertex
 10
605
 20
-50
 70
0
  0
VERTEX
  5
573
330
56E
100
AcDbEntity
  8
0
 62
0
100
AcDbVertex
100
AcDb2dVertex
 10
595
 20
-50
 70
0
  0
SEQEND
  5
56F
100
AcDbEntity
  8
0
  0
POLYLINE
  5
574
330
1F
100
AcDbEntity
  8
0
 62
0
100
AcDb2dPolyline
 66
1
 70
1
 10
0
 20
0
 30
0
210
0
220
0
230
1
  0
VERTEX
  5
576
330
574
100
AcDbEntity
  8
0
 62
0
100
AcDbVertex
100
AcDb2dVertex
 10
585
 20
-40
 70
0
  0
VERTEX
  5
577
330
574
100
AcDbEntity
  8
0
 62
0
100
AcDbVertex
100
AcDb2dVertex
 10
595
 20
-40
 70
0
  0
VERTEX
  5
578
330
574
100
AcDbEntity
  8
0
 62
0
100
AcDbVertex
100
AcDb2dVertex
 10
595
 20
-50
 70
0
  0
VERTEX
  5
579
330
574
100
AcDbEntity
  8
0
 62
0
100
AcDbVertex
100
AcDb2dVertex
 10
585
 20
-50
 70
0
  0
SEQEND
  5
575
100
AcDbEntity
  8
0
  0
POLYLINE
  5
57A
330
1F
100
AcDbEntity
  8
0
 62
0
100
AcDb2dPolyline
 66
1
 70
1
 10
0
 20
0
 30
0
210
0
220
0
230
1
  0
VERTEX
  5
57C
330
57A
100
AcDbEntity
  8
0
 62
0
100
AcDbVertex
100
AcDb2dVertex
 10
575
 20
-40
 70
0
  0
VERTEX
  5
57D
330
57A
100
AcDbEntity
  8
0
 62
0
100
AcDbVertex
100
AcDb2dVertex
 10
585
 20
-40
 70
0
  0
VERTEX
  5
57E
330
57A
100
AcDbEntity
  8
0
 62
0
100
AcDbVertex
100
AcDb2dVertex
 10
585
 20
-50
 70
0
  0
VERTEX
  5
57F
330
57A
100
AcDbEntity
  8
0
 62
0
100
AcDbVertex
100
AcDb2dVertex
 10
575
 20
-50
 70
0
  0
SEQEND
  5
57B
100
AcDbEntity
  8
0
  0
POLYLINE
  5
580
330
1F
100
AcDbEntity
  8
0
 62
0
100
AcDb2dPolyline
 66
1
 70
1
 10
0
 20
0
 30
0
210
0
220
0
230
1
  0
VERTEX
  5
582
330
580
100
AcDbEntity
  8
0
 62
0
100
AcDbVertex
100
AcDb2dVertex
 10
565
 20
-40
 70
0
  0
VERTEX
  5
583
330
580
100
AcDbEntity
  8
0
 62
0
100
AcDbVertex
100
AcDb2dVertex
 10
575
 20
-40
 70
0
  0
VERTEX
  5
584
330
580
100
AcDbEntity
  8
0
 62
0
100
AcDbVertex
100
AcDb2dVertex
 10
575
 20
-50
 70
0
  0
VERTEX
  5
585
330
580
100
AcDbEntity
  8
0
 62
0
100
AcDbVertex
100
AcDb2dVertex
 10
565
 20
-50
 70
0
  0
SEQEND
  5
581
100
AcDbEntity
  8
0
  0
POLYLINE
  5
586
330
1F
100
AcDbEntity
  8
0
 62
0
100
AcDb2dPolyline
 66
1
 70
1
 10
0
 20
0
 30
0
210
0
220
0
230
1
  0
VERTEX
  5
588
330
586
100
AcDbEntity
  8
0
 62
0
100
AcDbVertex
100
AcDb2dVertex
 10
555
 20
-40
 70
0
  0
VERTEX
  5
589
330
586
100
AcDbEntity
  8
0
 62
0
100
AcDbVertex
100
AcDb2dVertex
 10
565
 20
-40
 70
0
  0
VERTEX
  5
58A
330
586
100
AcDbEntity
  8
0
 62
0
100
AcDbVertex
100
AcDb2dVertex
 10
565
 20
-50
 70
0
  0
VERTEX
  5
58B
330
586
100
AcDbEntity
  8
0
 62
0
100
AcDbVertex
100
AcDb2dVertex
 10
555
 20
-50
 70
0
  0
SEQEND
  5
587
100
AcDbEntity
  8
0
  0
POLYLINE
  5
58C
330
1F
100
AcDbEntity
  8
0
 62
0
100
AcDb2dPolyline
 66
1
 70
1
 10
0
 20
0
 30
0
210
0
220
0
230
1
  0
VERTEX
  5
58E
330
58C
100
AcDbEntity
  8
0
 62
0
100
AcDbVertex
100
AcDb2dVertex
 10
545
 20
-40
 70
0
  0
VERTEX
  5
58F
330
58C
100
AcDbEntity
  8
0
 62
0
100
AcDbVertex
100
AcDb2dVertex
 10
555
 20
-40
 70
0
  0
VERTEX
  5
590
330
58C
100
AcDbEntity
  8
0
 62
0
100
AcDbVertex
100
AcDb2dVertex
 10
555
 20
-50
 70
0
  0
VERTEX
  5
591
330
58C
100
AcDbEntity
  8
0
 62
0
100
AcDbVertex
100
AcDb2dVertex
 10
545
 20
-50
 70
0
  0
SEQEND
  5
58D
100
AcDbEntity
  8
0
  0
POLYLINE
  5
592
330
1F
100
AcDbEntity
  8
0
 62
0
100
AcDb2dPolyline
 66
1
 70
1
 10
0
 20
0
 30
0
210
0
220
0
230
1
  0
VERTEX
  5
594
330
592
100
AcDbEntity
  8
0
 62
0
100
AcDbVertex
100
AcDb2dVertex
 10
535
 20
-40
 70
0
  0
VERTEX
  5
595
330
592
100
AcDbEntity
  8
0
 62
0
100
AcDbVertex
100
AcDb2dVertex
 10
545
 20
-40
 70
0
  0
VERTEX
  5
596
330
592
100
AcDbEntity
  8
0
 62
0
100
AcDbVertex
100
AcDb2dVertex
 10
545
 20
-50
 70
0
  0
VERTEX
  5
597
330
592
100
AcDbEntity
  8
0
 62
0
100
AcDbVertex
100
AcDb2dVertex
 10
535
 20
-50
 70
0
  0
SEQEND
  5
593
100
AcDbEntity
  8
0
  0
POLYLINE
  5
598
330
1F
100
AcDbEntity
  8
0
 62
0
100
AcDb2dPolyline
 66
1
 70
1
 10
0
 20
0
 30
0
210
0
220
0
230
1
  0
VERTEX
  5
59A
330
598
100
AcDbEntity
  8
0
 62
0
100
AcDbVertex
100
AcDb2dVertex
 10
525
 20
-40
 70
0
  0
VERTEX
  5
59B
330
598
100
AcDbEntity
  8
0
 62
0
100
AcDbVertex
100
AcDb2dVertex
 10
535
 20
-40
 70
0
  0
VERTEX
  5
59C
330
598
100
AcDbEntity
  8
0
 62
0
100
AcDbVertex
100
AcDb2dVertex
 10
535
 20
-50
 70
0
  0
VERTEX
  5
59D
330
598
100
AcDbEntity
  8
0
 62
0
100
AcDbVertex
100
AcDb2dVertex
 10
525
 20
-50
 70
0
  0
SEQEND
  5
599
100
AcDbEntity
  8
0
  0
POLYLINE
  5
59E
330
1F
100
AcDbEntity
  8
0
 62
0
100
AcDb2dPolyline
 66
1
 70
1
 10
0
 20
0
 30
0
210
0
220
0
230
1
  0
VERTEX
  5
5A0
330
59E
100
AcDbEntity
  8
0
 62
0
100
AcDbVertex
100
AcDb2dVertex
 10
515
 20
-40
 70
0
  0
VERTEX
  5
5A1
330
59E
100
AcDbEntity
  8
0
 62
0
100
AcDbVertex
100
AcDb2dVertex
 10
525
 20
-40
 70
0
  0
VERTEX
  5
5A2
330
59E
100
AcDbEntity
  8
0
 62
0
100
AcDbVertex
100
AcDb2dVertex
 10
525
 20
-50
 70
0
  0
VERTEX
  5
5A3
330
59E
100
AcDbEntity
  8
0
 62
0
100
AcDbVertex
100
AcDb2dVertex
 10
515
 20
-50
 70
0
  0
SEQEND
  5
59F
100
AcDbEntity
  8
0
  0
MTEXT
  5
5A4
330
1F
100
AcDbEntity
  8
0
100
AcDbMText
 10
530.5
 20
-56
 30
0
 11
1
 21
0
 31
0
 40
5
 41
0
  1
PCRx Logic
  7
Standard
 71
1
 72
5
210
0
220
0
230
1
  0
TEXT
  5
5A5
330
1F
100
AcDbEntity
  8
0
100
AcDbText
 10
520
 20
-56.3662109375
 30
0
 40
4
  1

 50
90
  7
Standard
100
AcDbText
  0
TEXT
  5
5A6
330
1F
100
AcDbEntity
  8
0
100
AcDbText
 10
530
 20
-56.3662109375
 30
0
 40
4
  1

 50
90
  7
Standard
100
AcDbText
  0
TEXT
  5
5A7
330
1F
100
AcDbEntity
  8
0
100
AcDbText
 10
540
 20
-56.3662109375
 30
0
 40
4
  1

 50
90
  7
Standard
100
AcDbText
  0
TEXT
  5
5A8
330
1F
100
AcDbEntity
  8
0
100
AcDbText
 10
550
 20
-56.3662109375
 30
0
 40
4
  1

 50
90
  7
Standard
100
AcDbText
  0
TEXT
  5
5A9
330
1F
100
AcDbEntity
  8
0
100
AcDbText
 10
560
 20
-56.3662109375
 30
0
 40
4
  1

 50
90
  7
Standard
100
AcDbText
  0
TEXT
  5
5AA
330
1F
100
AcDbEntity
  8
0
100
AcDbText
 10
570
 20
-56.3662109375
 30
0
 40
4
  1

 50
90
  7
Standard
100
AcDbText
  0
TEXT
  5
5AB
330
1F
100
AcDbEntity
  8
0
100
AcDbText
 10
580
 20
-56.3662109375
 30
0
 40
4
  1

 50
90
  7
Standard
100
AcDbText
  0
TEXT
  5
5AC
330
1F
100
AcDbEntity
  8
0
100
AcDbText
 10
590
 20
-56.3662109375
 30
0
 40
4
  1

 50
90
  7
Standard
100
AcDbText
  0
TEXT
  5
5AD
330
1F
100
AcDbEntity
  8
0
100
AcDbText
 10
600
 20
-56.3662109375
 30
0
 40
4
  1

 50
90
  7
Standard
100
AcDbText
  0
POLYLINE
  5
5AE
330
1F
100
AcDbEntity
  8
0
 62
1
100
AcDb2dPolyline
 66
1
 70
1
 10
0
 20
0
 30
0
210
0
220
0
230
1
  0
VERTEX
  5
5B0
330
5AE
100
AcDbEntity
  8
0
 62
1
100
AcDbVertex
100
AcDb2dVertex
 10
715.99993896484375
 20
-50
 70
0
  0
VERTEX
  5
5B1
330
5AE
100
AcDbEntity
  8
0
 62
1
100
AcDbVertex
100
AcDb2dVertex
 10
718.2091064453125
 20
-49.999996185302734
 70
0
  0
VERTEX
  5
5B2
330
5AE
100
AcDbEntity
  8
0
 62
1
100
AcDbVertex
100
AcDb2dVertex
 10
719.99993896484375
 20
-51.790851593017578
 70
0
  0
VERTEX
  5
5B3
330
5AE
100
AcDbEntity
  8
0
 62
1
100
AcDbVertex
100
AcDb2dVertex
 10
719.99993896484375
 20
-53.999996185302734
 70
0
  0
VERTEX
  5
5B4
330
5AE
100
AcDbEntity
  8
0
 62
1
100
AcDbVertex
100
AcDb2dVertex
 10
719.99993896484375
 20
-53.999996185302734
 70
0
  0
VERTEX
  5
5B5
330
5AE
100
AcDbEntity
  8
0
 62
1
100
AcDbVertex
100
AcDb2dVertex
 10
719.99993896484375
 20
-54
 70
0
  0
VERTEX
  5
5B6
330
5AE
100
AcDbEntity
  8
0
 62
1
100
AcDbVertex
100
AcDb2dVertex
 10
719.99993896484375
 20
-54
 70
0
  0
VERTEX
  5
5B7
330
5AE
100
AcDbEntity
  8
0
 62
1
100
AcDbVertex
100
AcDb2dVertex
 10
720
 20
-58
 70
0
  0
VERTEX
  5
5B8
330
5AE
100
AcDbEntity
  8
0
 62
1
100
AcDbVertex
100
AcDb2dVertex
 10
720
 20
-66
 70
0
  0
VERTEX
  5
5B9
330
5AE
100
AcDbEntity
  8
0
 62
1
100
AcDbVertex
100
AcDb2dVertex
 10
719.99993896484375
 20
-69.999992370605469
 70
0
  0
VERTEX
  5
5BA
330
5AE
100
AcDbEntity
  8
0
 62
1
100
AcDbVertex
100
AcDb2dVertex
 10
719.99993896484375
 20
-72.209136962890625
 70
0
  0
VERTEX
  5
5BB
330
5AE
100
AcDbEntity
  8
0
 62
1
100
AcDbVertex
100
AcDb2dVertex
 10
718.2091064453125
 20
-73.999992370605469
 70
0
  0
VERTEX
  5
5BC
330
5AE
100
AcDbEntity
  8
0
 62
1
100
AcDbVertex
100
AcDb2dVertex
 10
716
 20
-73.999992370605469
 70
0
  0
VERTEX
  5
5BD
330
5AE
100
AcDbEntity
  8
0
 62
1
100
AcDbVertex
100
AcDb2dVertex
 10
712
 20
-74
 70
0
  0
VERTEX
  5
5BE
330
5AE
100
AcDbEntity
  8
0
 62
1
100
AcDbVertex
100
AcDb2dVertex
 10
628
 20
-74
 70
0
  0
VERTEX
  5
5BF
330
5AE
100
AcDbEntity
  8
0
 62
1
100
AcDbVertex
100
AcDb2dVertex
 10
624
 20
-73.999992370605469
 70
0
  0
VERTEX
  5
5C0
330
5AE
100
AcDbEntity
  8
0
 62
1
100
AcDbVertex
100
AcDb2dVertex
 10
621.79083251953125
 20
-74
 70
0
  0
VERTEX
  5
5C1
330
5AE
100
AcDbEntity
  8
0
 62
1
100
AcDbVertex
100
AcDb2dVertex
 10
620
 20
-72.209136962890625
 70
0
  0
VERTEX
  5
5C2
330
5AE
100
AcDbEntity
  8
0
 62
1
100
AcDbVertex
100
AcDb2dVertex
 10
620
 20
-70
 70
0
  0
VERTEX
  5
5C3
330
5AE
100
AcDbEntity
  8
0
 62
1
100
AcDbVertex
100
AcDb2dVertex
 10
620
 20
-66
 70
0
  0
VERTEX
  5
5C4
330
5AE
100
AcDbEntity
  8
0
 62
1
100
AcDbVertex
100
AcDb2dVertex
 10
620
 20
-58
 70
0
  0
VERTEX
  5
5C5
330
5AE
100
AcDbEntity
  8
0
 62
1
100
AcDbVertex
100
AcDb2dVertex
 10
619.99993896484375
 20
-54
 70
0
  0
VERTEX
  5
5C6
330
5AE
100
AcDbEntity
  8
0
 62
1
100
AcDbVertex
100
AcDb2dVertex
 10
619.99993896484375
 20
-51.790863037109375
 70
0
  0
VERTEX
  5
5C7
330
5AE
100
AcDbEntity
  8
0
 62
1
100
AcDbVertex
100
AcDb2dVertex
 10
621.79083251953125
 20
-50
 70
0
  0
VERTEX
  5
5C8
330
5AE
100
AcDbEntity
  8
0
 62
1
100
AcDbVertex
100
AcDb2dVertex
 10
623.99993896484375
 20
-49.999996185302734
 70
0
  0
SEQEND
  5
5AF
100
AcDbEntity
  8
0
  0
POLYLINE
  5
5C9
330
1F
100
AcDbEntity
  8
0
 62
0
100
AcDb2dPolyline
 66
1
 70
1
 10
0
 20
0
 30
0
210
0
220
0
230
1
  0
VERTEX
  5
5CB
330
5C9
100
AcDbEntity
  8
0
 62
0
100
AcDbVertex
100
AcDb2dVertex
 10
705
 20
-40
 70
0
  0
VERTEX
  5
5CC
330
5C9
100
AcDbEntity
  8
0
 62
0
100
AcDbVertex
100
AcDb2dVertex
 10
715
 20
-40
 70
0
  0
VERTEX
  5
5CD
330
5C9
100
AcDbEntity
  8
0
 62
0
100
AcDbVertex
100
AcDb2dVertex
 10
715
 20
-50
 70
0
  0
VERTEX
  5
5CE
330
5C9
100
AcDbEntity
  8
0
 62
0
100
AcDbVertex
100
AcDb2dVertex
 10
705
 20
-50
 70
0
  0
SEQEND
  5
5CA
100
AcDbEntity
  8
0
  0
POLYLINE
  5
5CF
330
1F
100
AcDbEntity
  8
0
 62
0
100
AcDb2dPolyline
 66
1
 70
1
 10
0
 20
0
 30
0
210
0
220
0
230
1
  0
VERTEX
  5
5D1
330
5CF
100
AcDbEntity
  8
0
 62
0
100
AcDbVertex
100
AcDb2dVertex
 10
695
 20
-40
 70
0
  0
VERTEX
  5
5D2
330
5CF
100
AcDbEntity
  8
0
 62
0
100
AcDbVertex
100
AcDb2dVertex
 10
705
 20
-40
 70
0
  0
VERTEX
  5
5D3
330
5CF
100
AcDbEntity
  8
0
 62
0
100
AcDbVertex
100
AcDb2dVertex
 10
705
 20
-50
 70
0
  0
VERTEX
  5
5D4
330
5CF
100
AcDbEntity
  8
0
 62
0
100
AcDbVertex
100
AcDb2dVertex
 10
695
 20
-50
 70
0
  0
SEQEND
  5
5D0
100
AcDbEntity
  8
0
  0
POLYLINE
  5
5D5
330
1F
100
AcDbEntity
  8
0
 62
0
100
AcDb2dPolyline
 66
1
 70
1
 10
0
 20
0
 30
0
210
0
220
0
230
1
  0
VERTEX
  5
5D7
330
5D5
100
AcDbEntity
  8
0
 62
0
100
AcDbVertex
100
AcDb2dVertex
 10
685
 20
-40
 70
0
  0
VERTEX
  5
5D8
330
5D5
100
AcDbEntity
  8
0
 62
0
100
AcDbVertex
100
AcDb2dVertex
 10
695
 20
-40
 70
0
  0
VERTEX
  5
5D9
330
5D5
100
AcDbEntity
  8
0
 62
0
100
AcDbVertex
100
AcDb2dVertex
 10
695
 20
-50
 70
0
  0
VERTEX
  5
5DA
330
5D5
100
AcDbEntity
  8
0
 62
0
100
AcDbVertex
100
AcDb2dVertex
 10
685
 20
-50
 70
0
  0
SEQEND
  5
5D6
100
AcDbEntity
  8
0
  0
POLYLINE
  5
5DB
330
1F
100
AcDbEntity
  8
0
 62
0
100
AcDb2dPolyline
 66
1
 70
1
 10
0
 20
0
 30
0
210
0
220
0
230
1
  0
VERTEX
  5
5DD
330
5DB
100
AcDbEntity
  8
0
 62
0
100
AcDbVertex
100
AcDb2dVertex
 10
675
 20
-40
 70
0
  0
VERTEX
  5
5DE
330
5DB
100
AcDbEntity
  8
0
 62
0
100
AcDbVertex
100
AcDb2dVertex
 10
685
 20
-40
 70
0
  0
VERTEX
  5
5DF
330
5DB
100
AcDbEntity
  8
0
 62
0
100
AcDbVertex
100
AcDb2dVertex
 10
685
 20
-50
 70
0
  0
VERTEX
  5
5E0
330
5DB
100
AcDbEntity
  8
0
 62
0
100
AcDbVertex
100
AcDb2dVertex
 10
675
 20
-50
 70
0
  0
SEQEND
  5
5DC
100
AcDbEntity
  8
0
  0
POLYLINE
  5
5E1
330
1F
100
AcDbEntity
  8
0
 62
0
100
AcDb2dPolyline
 66
1
 70
1
 10
0
 20
0
 30
0
210
0
220
0
230
1
  0
VERTEX
  5
5E3
330
5E1
100
AcDbEntity
  8
0
 62
0
100
AcDbVertex
100
AcDb2dVertex
 10
665
 20
-40
 70
0
  0
VERTEX
  5
5E4
330
5E1
100
AcDbEntity
  8
0
 62
0
100
AcDbVertex
100
AcDb2dVertex
 10
675
 20
-40
 70
0
  0
VERTEX
  5
5E5
330
5E1
100
AcDbEntity
  8
0
 62
0
100
AcDbVertex
100
AcDb2dVertex
 10
675
 20
-50
 70
0
  0
VERTEX
  5
5E6
330
5E1
100
AcDbEntity
  8
0
 62
0
100
AcDbVertex
100
AcDb2dVertex
 10
665
 20
-50
 70
0
  0
SEQEND
  5
5E2
100
AcDbEntity
  8
0
  0
POLYLINE
  5
5E7
330
1F
100
AcDbEntity
  8
0
 62
0
100
AcDb2dPolyline
 66
1
 70
1
 10
0
 20
0
 30
0
210
0
220
0
230
1
  0
VERTEX
  5
5E9
330
5E7
100
AcDbEntity
  8
0
 62
0
100
AcDbVertex
100
AcDb2dVertex
 10
655
 20
-40
 70
0
  0
VERTEX
  5
5EA
330
5E7
100
AcDbEntity
  8
0
 62
0
100
AcDbVertex
100
AcDb2dVertex
 10
665
 20
-40
 70
0
  0
VERTEX
  5
5EB
330
5E7
100
AcDbEntity
  8
0
 62
0
100
AcDbVertex
100
AcDb2dVertex
 10
665
 20
-50
 70
0
  0
VERTEX
  5
5EC
330
5E7
100
AcDbEntity
  8
0
 62
0
100
AcDbVertex
100
AcDb2dVertex
 10
655
 20
-50
 70
0
  0
SEQEND
  5
5E8
100
AcDbEntity
  8
0
  0
POLYLINE
  5
5ED
330
1F
100
AcDbEntity
  8
0
 62
0
100
AcDb2dPolyline
 66
1
 70
1
 10
0
 20
0
 30
0
210
0
220
0
230
1
  0
VERTEX
  5
5EF
330
5ED
100
AcDbEntity
  8
0
 62
0
100
AcDbVertex
100
AcDb2dVertex
 10
645
 20
-40
 70
0
  0
VERTEX
  5
5F0
330
5ED
100
AcDbEntity
  8
0
 62
0
100
AcDbVertex
100
AcDb2dVertex
 10
655
 20
-40
 70
0
  0
VERTEX
  5
5F1
330
5ED
100
AcDbEntity
  8
0
 62
0
100
AcDbVertex
100
AcDb2dVertex
 10
655
 20
-50
 70
0
  0
VERTEX
  5
5F2
330
5ED
100
AcDbEntity
  8
0
 62
0
100
AcDbVertex
100
AcDb2dVertex
 10
645
 20
-50
 70
0
  0
SEQEND
  5
5EE
100
AcDbEntity
  8
0
  0
POLYLINE
  5
5F3
330
1F
100
AcDbEntity
  8
0
 62
0
100
AcDb2dPolyline
 66
1
 70
1
 10
0
 20
0
 30
0
210
0
220
0
230
1
  0
VERTEX
  5
5F5
330
5F3
100
AcDbEntity
  8
0
 62
0
100
AcDbVertex
100
AcDb2dVertex
 10
635
 20
-40
 70
0
  0
VERTEX
  5
5F6
330
5F3
100
AcDbEntity
  8
0
 62
0
100
AcDbVertex
100
AcDb2dVertex
 10
645
 20
-40
 70
0
  0
VERTEX
  5
5F7
330
5F3
100
AcDbEntity
  8
0
 62
0
100
AcDbVertex
100
AcDb2dVertex
 10
645
 20
-50
 70
0
  0
VERTEX
  5
5F8
330
5F3
100
AcDbEntity
  8
0
 62
0
100
AcDbVertex
100
AcDb2dVertex
 10
635
 20
-50
 70
0
  0
SEQEND
  5
5F4
100
AcDbEntity
  8
0
  0
POLYLINE
  5
5F9
330
1F
100
AcDbEntity
  8
0
 62
0
100
AcDb2dPolyline
 66
1
 70
1
 10
0
 20
0
 30
0
210
0
220
0
230
1
  0
VERTEX
  5
5FB
330
5F9
100
AcDbEntity
  8
0
 62
0
100
AcDbVertex
100
AcDb2dVertex
 10
625
 20
-40
 70
0
  0
VERTEX
  5
5FC
330
5F9
100
AcDbEntity
  8
0
 62
0
100
AcDbVertex
100
AcDb2dVertex
 10
635
 20
-40
 70
0
  0
VERTEX
  5
5FD
330
5F9
100
AcDbEntity
  8
0
 62
0
100
AcDbVertex
100
AcDb2dVertex
 10
635
 20
-50
 70
0
  0
VERTEX
  5
5FE
330
5F9
100
AcDbEntity
  8
0
 62
0
100
AcDbVertex
100
AcDb2dVertex
 10
625
 20
-50
 70
0
  0
SEQEND
  5
5FA
100
AcDbEntity
  8
0
  0
MTEXT
  5
5FF
330
1F
100
AcDbEntity
  8
0
100
AcDbMText
 10
640.5
 20
-56
 30
0
 11
1
 21
0
 31
0
 40
5
 41
0
  1
PCRx Logic
  7
Standard
 71
1
 72
5
210
0
220
0
230
1
  0
TEXT
  5
600
330
1F
100
AcDbEntity
  8
0
100
AcDbText
 10
630
 20
-56.3662109375
 30
0
 40
4
  1

 50
90
  7
Standard
100
AcDbText
  0
TEXT
  5
601
330
1F
100
AcDbEntity
  8
0
100
AcDbText
 10
640
 20
-56.3662109375
 30
0
 40
4
  1

 50
90
  7
Standard
100
AcDbText
  0
TEXT
  5
602
330
1F
100
AcDbEntity
  8
0
100
AcDbText
 10
650
 20
-56.3662109375
 30
0
 40
4
  1

 50
90
  7
Standard
100
AcDbText
  0
TEXT
  5
603
330
1F
100
AcDbEntity
  8
0
100
AcDbText
 10
660
 20
-56.3662109375
 30
0
 40
4
  1

 50
90
  7
Standard
100
AcDbText
  0
TEXT
  5
604
330
1F
100
AcDbEntity
  8
0
100
AcDbText
 10
670
 20
-56.3662109375
 30
0
 40
4
  1

 50
90
  7
Standard
100
AcDbText
  0
TEXT
  5
605
330
1F
100
AcDbEntity
  8
0
100
AcDbText
 10
680
 20
-56.3662109375
 30
0
 40
4
  1

 50
90
  7
Standard
100
AcDbText
  0
TEXT
  5
606
330
1F
100
AcDbEntity
  8
0
100
AcDbText
 10
690
 20
-56.3662109375
 30
0
 40
4
  1

 50
90
  7
Standard
100
AcDbText
  0
TEXT
  5
607
330
1F
100
AcDbEntity
  8
0
100
AcDbText
 10
700
 20
-56.3662109375
 30
0
 40
4
  1

 50
90
  7
Standard
100
AcDbText
  0
TEXT
  5
608
330
1F
100
AcDbEntity
  8
0
100
AcDbText
 10
710
 20
-56.3662109375
 30
0
 40
4
  1

 50
90
  7
Standard
100
AcDbText
  0
POLYLINE
  5
609
330
1F
100
AcDbEntity
  8
0
 62
1
100
AcDb2dPolyline
 66
1
 70
1
 10
0
 20
0
 30
0
210
0
220
0
230
1
  0
VERTEX
  5
60B
330
609
100
AcDbEntity
  8
0
 62
1
100
AcDbVertex
100
AcDb2dVertex
 10
825.99993896484375
 20
-50
 70
0
  0
VERTEX
  5
60C
330
609
100
AcDbEntity
  8
0
 62
1
100
AcDbVertex
100
AcDb2dVertex
 10
828.2091064453125
 20
-49.999996185302734
 70
0
  0
VERTEX
  5
60D
330
609
100
AcDbEntity
  8
0
 62
1
100
AcDbVertex
100
AcDb2dVertex
 10
829.99993896484375
 20
-51.790851593017578
 70
0
  0
VERTEX
  5
60E
330
609
100
AcDbEntity
  8
0
 62
1
100
AcDbVertex
100
AcDb2dVertex
 10
829.99993896484375
 20
-53.999996185302734
 70
0
  0
VERTEX
  5
60F
330
609
100
AcDbEntity
  8
0
 62
1
100
AcDbVertex
100
AcDb2dVertex
 10
829.99993896484375
 20
-53.999996185302734
 70
0
  0
VERTEX
  5
610
330
609
100
AcDbEntity
  8
0
 62
1
100
AcDbVertex
100
AcDb2dVertex
 10
829.99993896484375
 20
-54
 70
0
  0
VERTEX
  5
611
330
609
100
AcDbEntity
  8
0
 62
1
100
AcDbVertex
100
AcDb2dVertex
 10
829.99993896484375
 20
-54
 70
0
  0
VERTEX
  5
612
330
609
100
AcDbEntity
  8
0
 62
1
100
AcDbVertex
100
AcDb2dVertex
 10
830
 20
-58
 70
0
  0
VERTEX
  5
613
330
609
100
AcDbEntity
  8
0
 62
1
100
AcDbVertex
100
AcDb2dVertex
 10
830
 20
-66
 70
0
  0
VERTEX
  5
614
330
609
100
AcDbEntity
  8
0
 62
1
100
AcDbVertex
100
AcDb2dVertex
 10
829.99993896484375
 20
-69.999992370605469
 70
0
  0
VERTEX
  5
615
330
609
100
AcDbEntity
  8
0
 62
1
100
AcDbVertex
100
AcDb2dVertex
 10
829.99993896484375
 20
-72.209136962890625
 70
0
  0
VERTEX
  5
616
330
609
100
AcDbEntity
  8
0
 62
1
100
AcDbVertex
100
AcDb2dVertex
 10
828.2091064453125
 20
-73.999992370605469
 70
0
  0
VERTEX
  5
617
330
609
100
AcDbEntity
  8
0
 62
1
100
AcDbVertex
100
AcDb2dVertex
 10
826
 20
-73.999992370605469
 70
0
  0
VERTEX
  5
618
330
609
100
AcDbEntity
  8
0
 62
1
100
AcDbVertex
100
AcDb2dVertex
 10
822
 20
-74
 70
0
  0
VERTEX
  5
619
330
609
100
AcDbEntity
  8
0
 62
1
100
AcDbVertex
100
AcDb2dVertex
 10
738
 20
-74
 70
0
  0
VERTEX
  5
61A
330
609
100
AcDbEntity
  8
0
 62
1
100
AcDbVertex
100
AcDb2dVertex
 10
734
 20
-73.999992370605469
 70
0
  0
VERTEX
  5
61B
330
609
100
AcDbEntity
  8
0
 62
1
100
AcDbVertex
100
AcDb2dVertex
 10
731.79083251953125
 20
-74
 70
0
  0
VERTEX
  5
61C
330
609
100
AcDbEntity
  8
0
 62
1
100
AcDbVertex
100
AcDb2dVertex
 10
730
 20
-72.209136962890625
 70
0
  0
VERTEX
  5
61D
330
609
100
AcDbEntity
  8
0
 62
1
100
AcDbVertex
100
AcDb2dVertex
 10
730
 20
-70
 70
0
  0
VERTEX
  5
61E
330
609
100
AcDbEntity
  8
0
 62
1
100
AcDbVertex
100
AcDb2dVertex
 10
730
 20
-66
 70
0
  0
VERTEX
  5
61F
330
609
100
AcDbEntity
  8
0
 62
1
100
AcDbVertex
100
AcDb2dVertex
 10
730
 20
-58
 70
0
  0
VERTEX
  5
620
330
609
100
AcDbEntity
  8
0
 62
1
100
AcDbVertex
100
AcDb2dVertex
 10
729.99993896484375
 20
-54
 70
0
  0
VERTEX
  5
621
330
609
100
AcDbEntity
  8
0
 62
1
100
AcDbVertex
100
AcDb2dVertex
 10
729.99993896484375
 20
-51.790863037109375
 70
0
  0
VERTEX
  5
622
330
609
100
AcDbEntity
  8
0
 62
1
100
AcDbVertex
100
AcDb2dVertex
 10
731.79083251953125
 20
-50
 70
0
  0
VERTEX
  5
623
330
609
100
AcDbEntity
  8
0
 62
1
100
AcDbVertex
100
AcDb2dVertex
 10
733.99993896484375
 20
-49.999996185302734
 70
0
  0
SEQEND
  5
60A
100
AcDbEntity
  8
0
  0
POLYLINE
  5
624
330
1F
100
AcDbEntity
  8
0
 62
0
100
AcDb2dPolyline
 66
1
 70
1
 10
0
 20
0
 30
0
210
0
220
0
230
1
  0
VERTEX
  5
626
330
624
100
AcDbEntity
  8
0
 62
0
100
AcDbVertex
100
AcDb2dVertex
 10
815
 20
-40
 70
0
  0
VERTEX
  5
627
330
624
100
AcDbEntity
  8
0
 62
0
100
AcDbVertex
100
AcDb2dVertex
 10
825
 20
-40
 70
0
  0
VERTEX
  5
628
330
624
100
AcDbEntity
  8
0
 62
0
100
AcDbVertex
100
AcDb2dVertex
 10
825
 20
-50
 70
0
  0
VERTEX
  5
629
330
624
100
AcDbEntity
  8
0
 62
0
100
AcDbVertex
100
AcDb2dVertex
 10
815
 20
-50
 70
0
  0
SEQEND
  5
625
100
AcDbEntity
  8
0
  0
POLYLINE
  5
62A
330
1F
100
AcDbEntity
  8
0
 62
0
100
AcDb2dPolyline
 66
1
 70
1
 10
0
 20
0
 30
0
210
0
220
0
230
1
  0
VERTEX
  5
62C
330
62A
100
AcDbEntity
  8
0
 62
0
100
AcDbVertex
100
AcDb2dVertex
 10
805
 20
-40
 70
0
  0
VERTEX
  5
62D
330
62A
100
AcDbEntity
  8
0
 62
0
100
AcDbVertex
100
AcDb2dVertex
 10
815
 20
-40
 70
0
  0
VERTEX
  5
62E
330
62A
100
AcDbEntity
  8
0
 62
0
100
AcDbVertex
100
AcDb2dVertex
 10
815
 20
-50
 70
0
  0
VERTEX
  5
62F
330
62A
100
AcDbEntity
  8
0
 62
0
100
AcDbVertex
100
AcDb2dVertex
 10
805
 20
-50
 70
0
  0
SEQEND
  5
62B
100
AcDbEntity
  8
0
  0
POLYLINE
  5
630
330
1F
100
AcDbEntity
  8
0
 62
0
100
AcDb2dPolyline
 66
1
 70
1
 10
0
 20
0
 30
0
210
0
220
0
230
1
  0
VERTEX
  5
632
330
630
100
AcDbEntity
  8
0
 62
0
100
AcDbVertex
100
AcDb2dVertex
 10
795
 20
-40
 70
0
  0
VERTEX
  5
633
330
630
100
AcDbEntity
  8
0
 62
0
100
AcDbVertex
100
AcDb2dVertex
 10
805
 20
-40
 70
0
  0
VERTEX
  5
634
330
630
100
AcDbEntity
  8
0
 62
0
100
AcDbVertex
100
AcDb2dVertex
 10
805
 20
-50
 70
0
  0
VERTEX
  5
635
330
630
100
AcDbEntity
  8
0
 62
0
100
AcDbVertex
100
AcDb2dVertex
 10
795
 20
-50
 70
0
  0
SEQEND
  5
631
100
AcDbEntity
  8
0
  0
POLYLINE
  5
636
330
1F
100
AcDbEntity
  8
0
 62
0
100
AcDb2dPolyline
 66
1
 70
1
 10
0
 20
0
 30
0
210
0
220
0
230
1
  0
VERTEX
  5
638
330
636
100
AcDbEntity
  8
0
 62
0
100
AcDbVertex
100
AcDb2dVertex
 10
785
 20
-40
 70
0
  0
VERTEX
  5
639
330
636
100
AcDbEntity
  8
0
 62
0
100
AcDbVertex
100
AcDb2dVertex
 10
795
 20
-40
 70
0
  0
VERTEX
  5
63A
330
636
100
AcDbEntity
  8
0
 62
0
100
AcDbVertex
100
AcDb2dVertex
 10
795
 20
-50
 70
0
  0
VERTEX
  5
63B
330
636
100
AcDbEntity
  8
0
 62
0
100
AcDbVertex
100
AcDb2dVertex
 10
785
 20
-50
 70
0
  0
SEQEND
  5
637
100
AcDbEntity
  8
0
  0
POLYLINE
  5
63C
330
1F
100
AcDbEntity
  8
0
 62
0
100
AcDb2dPolyline
 66
1
 70
1
 10
0
 20
0
 30
0
210
0
220
0
230
1
  0
VERTEX
  5
63E
330
63C
100
AcDbEntity
  8
0
 62
0
100
AcDbVertex
100
AcDb2dVertex
 10
775
 20
-40
 70
0
  0
VERTEX
  5
63F
330
63C
100
AcDbEntity
  8
0
 62
0
100
AcDbVertex
100
AcDb2dVertex
 10
785
 20
-40
 70
0
  0
VERTEX
  5
640
330
63C
100
AcDbEntity
  8
0
 62
0
100
AcDbVertex
100
AcDb2dVertex
 10
785
 20
-50
 70
0
  0
VERTEX
  5
641
330
63C
100
AcDbEntity
  8
0
 62
0
100
AcDbVertex
100
AcDb2dVertex
 10
775
 20
-50
 70
0
  0
SEQEND
  5
63D
100
AcDbEntity
  8
0
  0
POLYLINE
  5
642
330
1F
100
AcDbEntity
  8
0
 62
0
100
AcDb2dPolyline
 66
1
 70
1
 10
0
 20
0
 30
0
210
0
220
0
230
1
  0
VERTEX
  5
644
330
642
100
AcDbEntity
  8
0
 62
0
100
AcDbVertex
100
AcDb2dVertex
 10
765
 20
-40
 70
0
  0
VERTEX
  5
645
330
642
100
AcDbEntity
  8
0
 62
0
100
AcDbVertex
100
AcDb2dVertex
 10
775
 20
-40
 70
0
  0
VERTEX
  5
646
330
642
100
AcDbEntity
  8
0
 62
0
100
AcDbVertex
100
AcDb2dVertex
 10
775
 20
-50
 70
0
  0
VERTEX
  5
647
330
642
100
AcDbEntity
  8
0
 62
0
100
AcDbVertex
100
AcDb2dVertex
 10
765
 20
-50
 70
0
  0
SEQEND
  5
643
100
AcDbEntity
  8
0
  0
POLYLINE
  5
648
330
1F
100
AcDbEntity
  8
0
 62
0
100
AcDb2dPolyline
 66
1
 70
1
 10
0
 20
0
 30
0
210
0
220
0
230
1
  0
VERTEX
  5
64A
330
648
100
AcDbEntity
  8
0
 62
0
100
AcDbVertex
100
AcDb2dVertex
 10
755
 20
-40
 70
0
  0
VERTEX
  5
64B
330
648
100
AcDbEntity
  8
0
 62
0
100
AcDbVertex
100
AcDb2dVertex
 10
765
 20
-40
 70
0
  0
VERTEX
  5
64C
330
648
100
AcDbEntity
  8
0
 62
0
100
AcDbVertex
100
AcDb2dVertex
 10
765
 20
-50
 70
0
  0
VERTEX
  5
64D
330
648
100
AcDbEntity
  8
0
 62
0
100
AcDbVertex
100
AcDb2dVertex
 10
755
 20
-50
 70
0
  0
SEQEND
  5
649
100
AcDbEntity
  8
0
  0
POLYLINE
  5
64E
330
1F
100
AcDbEntity
  8
0
 62
0
100
AcDb2dPolyline
 66
1
 70
1
 10
0
 20
0
 30
0
210
0
220
0
230
1
  0
VERTEX
  5
650
330
64E
100
AcDbEntity
  8
0
 62
0
100
AcDbVertex
100
AcDb2dVertex
 10
745
 20
-40
 70
0
  0
VERTEX
  5
651
330
64E
100
AcDbEntity
  8
0
 62
0
100
AcDbVertex
100
AcDb2dVertex
 10
755
 20
-40
 70
0
  0
VERTEX
  5
652
330
64E
100
AcDbEntity
  8
0
 62
0
100
AcDbVertex
100
AcDb2dVertex
 10
755
 20
-50
 70
0
  0
VERTEX
  5
653
330
64E
100
AcDbEntity
  8
0
 62
0
100
AcDbVertex
100
AcDb2dVertex
 10
745
 20
-50
 70
0
  0
SEQEND
  5
64F
100
AcDbEntity
  8
0
  0
POLYLINE
  5
654
330
1F
100
AcDbEntity
  8
0
 62
0
100
AcDb2dPolyline
 66
1
 70
1
 10
0
 20
0
 30
0
210
0
220
0
230
1
  0
VERTEX
  5
656
330
654
100
AcDbEntity
  8
0
 62
0
100
AcDbVertex
100
AcDb2dVertex
 10
735
 20
-40
 70
0
  0
VERTEX
  5
657
330
654
100
AcDbEntity
  8
0
 62
0
100
AcDbVertex
100
AcDb2dVertex
 10
745
 20
-40
 70
0
  0
VERTEX
  5
658
330
654
100
AcDbEntity
  8
0
 62
0
100
AcDbVertex
100
AcDb2dVertex
 10
745
 20
-50
 70
0
  0
VERTEX
  5
659
330
654
100
AcDbEntity
  8
0
 62
0
100
AcDbVertex
100
AcDb2dVertex
 10
735
 20
-50
 70
0
  0
SEQEND
  5
655
100
AcDbEntity
  8
0
  0
MTEXT
  5
65A
330
1F
100
AcDbEntity
  8
0
100
AcDbMText
 10
750.5
 20
-56
 30
0
 11
1
 21
0
 31
0
 40
5
 41
0
  1
PCRx Logic
  7
Standard
 71
1
 72
5
210
0
220
0
230
1
  0
TEXT
  5
65B
330
1F
100
AcDbEntity
  8
0
100
AcDbText
 10
740
 20
-56.3662109375
 30
0
 40
4
  1

 50
90
  7
Standard
100
AcDbText
  0
TEXT
  5
65C
330
1F
100
AcDbEntity
  8
0
100
AcDbText
 10
750
 20
-56.3662109375
 30
0
 40
4
  1

 50
90
  7
Standard
100
AcDbText
  0
TEXT
  5
65D
330
1F
100
AcDbEntity
  8
0
100
AcDbText
 10
760
 20
-56.3662109375
 30
0
 40
4
  1

 50
90
  7
Standard
100
AcDbText
  0
TEXT
  5
65E
330
1F
100
AcDbEntity
  8
0
100
AcDbText
 10
770
 20
-56.3662109375
 30
0
 40
4
  1

 50
90
  7
Standard
100
AcDbText
  0
TEXT
  5
65F
330
1F
100
AcDbEntity
  8
0
100
AcDbText
 10
780
 20
-56.3662109375
 30
0
 40
4
  1

 50
90
  7
Standard
100
AcDbText
  0
TEXT
  5
660
330
1F
100
AcDbEntity
  8
0
100
AcDbText
 10
790
 20
-56.3662109375
 30
0
 40
4
  1

 50
90
  7
Standard
100
AcDbText
  0
TEXT
  5
661
330
1F
100
AcDbEntity
  8
0
100
AcDbText
 10
800
 20
-56.3662109375
 30
0
 40
4
  1

 50
90
  7
Standard
100
AcDbText
  0
TEXT
  5
662
330
1F
100
AcDbEntity
  8
0
100
AcDbText
 10
810
 20
-56.3662109375
 30
0
 40
4
  1

 50
90
  7
Standard
100
AcDbText
  0
TEXT
  5
663
330
1F
100
AcDbEntity
  8
0
100
AcDbText
 10
820
 20
-56.3662109375
 30
0
 40
4
  1

 50
90
  7
Standard
100
AcDbText
  0
POLYLINE
  5
664
330
1F
100
AcDbEntity
  8
0
 62
1
100
AcDb2dPolyline
 66
1
 70
1
 10
0
 20
0
 30
0
210
0
220
0
230
1
  0
VERTEX
  5
666
330
664
100
AcDbEntity
  8
0
 62
1
100
AcDbVertex
100
AcDb2dVertex
 10
935.99993896484375
 20
-50
 70
0
  0
VERTEX
  5
667
330
664
100
AcDbEntity
  8
0
 62
1
100
AcDbVertex
100
AcDb2dVertex
 10
938.2091064453125
 20
-49.999996185302734
 70
0
  0
VERTEX
  5
668
330
664
100
AcDbEntity
  8
0
 62
1
100
AcDbVertex
100
AcDb2dVertex
 10
939.99993896484375
 20
-51.790851593017578
 70
0
  0
VERTEX
  5
669
330
664
100
AcDbEntity
  8
0
 62
1
100
AcDbVertex
100
AcDb2dVertex
 10
939.99993896484375
 20
-53.999996185302734
 70
0
  0
VERTEX
  5
66A
330
664
100
AcDbEntity
  8
0
 62
1
100
AcDbVertex
100
AcDb2dVertex
 10
939.99993896484375
 20
-53.999996185302734
 70
0
  0
VERTEX
  5
66B
330
664
100
AcDbEntity
  8
0
 62
1
100
AcDbVertex
100
AcDb2dVertex
 10
939.99993896484375
 20
-54
 70
0
  0
VERTEX
  5
66C
330
664
100
AcDbEntity
  8
0
 62
1
100
AcDbVertex
100
AcDb2dVertex
 10
939.99993896484375
 20
-54
 70
0
  0
VERTEX
  5
66D
330
664
100
AcDbEntity
  8
0
 62
1
100
AcDbVertex
100
AcDb2dVertex
 10
940
 20
-58
 70
0
  0
VERTEX
  5
66E
330
664
100
AcDbEntity
  8
0
 62
1
100
AcDbVertex
100
AcDb2dVertex
 10
940
 20
-66
 70
0
  0
VERTEX
  5
66F
330
664
100
AcDbEntity
  8
0
 62
1
100
AcDbVertex
100
AcDb2dVertex
 10
939.99993896484375
 20
-69.999992370605469
 70
0
  0
VERTEX
  5
670
330
664
100
AcDbEntity
  8
0
 62
1
100
AcDbVertex
100
AcDb2dVertex
 10
939.99993896484375
 20
-72.209136962890625
 70
0
  0
VERTEX
  5
671
330
664
100
AcDbEntity
  8
0
 62
1
100
AcDbVertex
100
AcDb2dVertex
 10
938.2091064453125
 20
-73.999992370605469
 70
0
  0
VERTEX
  5
672
330
664
100
AcDbEntity
  8
0
 62
1
100
AcDbVertex
100
AcDb2dVertex
 10
936
 20
-73.999992370605469
 70
0
  0
VERTEX
  5
673
330
664
100
AcDbEntity
  8
0
 62
1
100
AcDbVertex
100
AcDb2dVertex
 10
932
 20
-74
 70
0
  0
VERTEX
  5
674
330
664
100
AcDbEntity
  8
0
 62
1
100
AcDbVertex
100
AcDb2dVertex
 10
848
 20
-74
 70
0
  0
VERTEX
  5
675
330
664
100
AcDbEntity
  8
0
 62
1
100
AcDbVertex
100
AcDb2dVertex
 10
844
 20
-73.999992370605469
 70
0
  0
VERTEX
  5
676
330
664
100
AcDbEntity
  8
0
 62
1
100
AcDbVertex
100
AcDb2dVertex
 10
841.79083251953125
 20
-74
 70
0
  0
VERTEX
  5
677
330
664
100
AcDbEntity
  8
0
 62
1
100
AcDbVertex
100
AcDb2dVertex
 10
840
 20
-72.209136962890625
 70
0
  0
VERTEX
  5
678
330
664
100
AcDbEntity
  8
0
 62
1
100
AcDbVertex
100
AcDb2dVertex
 10
840
 20
-70
 70
0
  0
VERTEX
  5
679
330
664
100
AcDbEntity
  8
0
 62
1
100
AcDbVertex
100
AcDb2dVertex
 10
840
 20
-66
 70
0
  0
VERTEX
  5
67A
330
664
100
AcDbEntity
  8
0
 62
1
100
AcDbVertex
100
AcDb2dVertex
 10
840
 20
-58
 70
0
  0
VERTEX
  5
67B
330
664
100
AcDbEntity
  8
0
 62
1
100
AcDbVertex
100
AcDb2dVertex
 10
839.99993896484375
 20
-54
 70
0
  0
VERTEX
  5
67C
330
664
100
AcDbEntity
  8
0
 62
1
100
AcDbVertex
100
AcDb2dVertex
 10
839.99993896484375
 20
-51.790863037109375
 70
0
  0
VERTEX
  5
67D
330
664
100
AcDbEntity
  8
0
 62
1
100
AcDbVertex
100
AcDb2dVertex
 10
841.79083251953125
 20
-50
 70
0
  0
VERTEX
  5
67E
330
664
100
AcDbEntity
  8
0
 62
1
100
AcDbVertex
100
AcDb2dVertex
 10
843.99993896484375
 20
-49.999996185302734
 70
0
  0
SEQEND
  5
665
100
AcDbEntity
  8
0
  0
POLYLINE
  5
67F
330
1F
100
AcDbEntity
  8
0
 62
0
100
AcDb2dPolyline
 66
1
 70
1
 10
0
 20
0
 30
0
210
0
220
0
230
1
  0
VERTEX
  5
681
330
67F
100
AcDbEntity
  8
0
 62
0
100
AcDbVertex
100
AcDb2dVertex
 10
925
 20
-40
 70
0
  0
VERTEX
  5
682
330
67F
100
AcDbEntity
  8
0
 62
0
100
AcDbVertex
100
AcDb2dVertex
 10
935
 20
-40
 70
0
  0
VERTEX
  5
683
330
67F
100
AcDbEntity
  8
0
 62
0
100
AcDbVertex
100
AcDb2dVertex
 10
935
 20
-50
 70
0
  0
VERTEX
  5
684
330
67F
100
AcDbEntity
  8
0
 62
0
100
AcDbVertex
100
AcDb2dVertex
 10
925
 20
-50
 70
0
  0
SEQEND
  5
680
100
AcDbEntity
  8
0
  0
POLYLINE
  5
685
330
1F
100
AcDbEntity
  8
0
 62
0
100
AcDb2dPolyline
 66
1
 70
1
 10
0
 20
0
 30
0
210
0
220
0
230
1
  0
VERTEX
  5
687
330
685
100
AcDbEntity
  8
0
 62
0
100
AcDbVertex
100
AcDb2dVertex
 10
915
 20
-40
 70
0
  0
VERTEX
  5
688
330
685
100
AcDbEntity
  8
0
 62
0
100
AcDbVertex
100
AcDb2dVertex
 10
925
 20
-40
 70
0
  0
VERTEX
  5
689
330
685
100
AcDbEntity
  8
0
 62
0
100
AcDbVertex
100
AcDb2dVertex
 10
925
 20
-50
 70
0
  0
VERTEX
  5
68A
330
685
100
AcDbEntity
  8
0
 62
0
100
AcDbVertex
100
AcDb2dVertex
 10
915
 20
-50
 70
0
  0
SEQEND
  5
686
100
AcDbEntity
  8
0
  0
POLYLINE
  5
68B
330
1F
100
AcDbEntity
  8
0
 62
0
100
AcDb2dPolyline
 66
1
 70
1
 10
0
 20
0
 30
0
210
0
220
0
230
1
  0
VERTEX
  5
68D
330
68B
100
AcDbEntity
  8
0
 62
0
100
AcDbVertex
100
AcDb2dVertex
 10
905
 20
-40
 70
0
  0
VERTEX
  5
68E
330
68B
100
AcDbEntity
  8
0
 62
0
100
AcDbVertex
100
AcDb2dVertex
 10
915
 20
-40
 70
0
  0
VERTEX
  5
68F
330
68B
100
AcDbEntity
  8
0
 62
0
100
AcDbVertex
100
AcDb2dVertex
 10
915
 20
-50
 70
0
  0
VERTEX
  5
690
330
68B
100
AcDbEntity
  8
0
 62
0
100
AcDbVertex
100
AcDb2dVertex
 10
905
 20
-50
 70
0
  0
SEQEND
  5
68C
100
AcDbEntity
  8
0
  0
POLYLINE
  5
691
330
1F
100
AcDbEntity
  8
0
 62
0
100
AcDb2dPolyline
 66
1
 70
1
 10
0
 20
0
 30
0
210
0
220
0
230
1
  0
VERTEX
  5
693
330
691
100
AcDbEntity
  8
0
 62
0
100
AcDbVertex
100
AcDb2dVertex
 10
895
 20
-40
 70
0
  0
VERTEX
  5
694
330
691
100
AcDbEntity
  8
0
 62
0
100
AcDbVertex
100
AcDb2dVertex
 10
905
 20
-40
 70
0
  0
VERTEX
  5
695
330
691
100
AcDbEntity
  8
0
 62
0
100
AcDbVertex
100
AcDb2dVertex
 10
905
 20
-50
 70
0
  0
VERTEX
  5
696
330
691
100
AcDbEntity
  8
0
 62
0
100
AcDbVertex
100
AcDb2dVertex
 10
895
 20
-50
 70
0
  0
SEQEND
  5
692
100
AcDbEntity
  8
0
  0
POLYLINE
  5
697
330
1F
100
AcDbEntity
  8
0
 62
0
100
AcDb2dPolyline
 66
1
 70
1
 10
0
 20
0
 30
0
210
0
220
0
230
1
  0
VERTEX
  5
699
330
697
100
AcDbEntity
  8
0
 62
0
100
AcDbVertex
100
AcDb2dVertex
 10
885
 20
-40
 70
0
  0
VERTEX
  5
69A
330
697
100
AcDbEntity
  8
0
 62
0
100
AcDbVertex
100
AcDb2dVertex
 10
895
 20
-40
 70
0
  0
VERTEX
  5
69B
330
697
100
AcDbEntity
  8
0
 62
0
100
AcDbVertex
100
AcDb2dVertex
 10
895
 20
-50
 70
0
  0
VERTEX
  5
69C
330
697
100
AcDbEntity
  8
0
 62
0
100
AcDbVertex
100
AcDb2dVertex
 10
885
 20
-50
 70
0
  0
SEQEND
  5
698
100
AcDbEntity
  8
0
  0
POLYLINE
  5
69D
330
1F
100
AcDbEntity
  8
0
 62
0
100
AcDb2dPolyline
 66
1
 70
1
 10
0
 20
0
 30
0
210
0
220
0
230
1
  0
VERTEX
  5
69F
330
69D
100
AcDbEntity
  8
0
 62
0
100
AcDbVertex
100
AcDb2dVertex
 10
875
 20
-40
 70
0
  0
VERTEX
  5
6A0
330
69D
100
AcDbEntity
  8
0
 62
0
100
AcDbVertex
100
AcDb2dVertex
 10
885
 20
-40
 70
0
  0
VERTEX
  5
6A1
330
69D
100
AcDbEntity
  8
0
 62
0
100
AcDbVertex
100
AcDb2dVertex
 10
885
 20
-50
 70
0
  0
VERTEX
  5
6A2
330
69D
100
AcDbEntity
  8
0
 62
0
100
AcDbVertex
100
AcDb2dVertex
 10
875
 20
-50
 70
0
  0
SEQEND
  5
69E
100
AcDbEntity
  8
0
  0
POLYLINE
  5
6A3
330
1F
100
AcDbEntity
  8
0
 62
0
100
AcDb2dPolyline
 66
1
 70
1
 10
0
 20
0
 30
0
210
0
220
0
230
1
  0
VERTEX
  5
6A5
330
6A3
100
AcDbEntity
  8
0
 62
0
100
AcDbVertex
100
AcDb2dVertex
 10
865
 20
-40
 70
0
  0
VERTEX
  5
6A6
330
6A3
100
AcDbEntity
  8
0
 62
0
100
AcDbVertex
100
AcDb2dVertex
 10
875
 20
-40
 70
0
  0
VERTEX
  5
6A7
330
6A3
100
AcDbEntity
  8
0
 62
0
100
AcDbVertex
100
AcDb2dVertex
 10
875
 20
-50
 70
0
  0
VERTEX
  5
6A8
330
6A3
100
AcDbEntity
  8
0
 62
0
100
AcDbVertex
100
AcDb2dVertex
 10
865
 20
-50
 70
0
  0
SEQEND
  5
6A4
100
AcDbEntity
  8
0
  0
POLYLINE
  5
6A9
330
1F
100
AcDbEntity
  8
0
 62
0
100
AcDb2dPolyline
 66
1
 70
1
 10
0
 20
0
 30
0
210
0
220
0
230
1
  0
VERTEX
  5
6AB
330
6A9
100
AcDbEntity
  8
0
 62
0
100
AcDbVertex
100
AcDb2dVertex
 10
855
 20
-40
 70
0
  0
VERTEX
  5
6AC
330
6A9
100
AcDbEntity
  8
0
 62
0
100
AcDbVertex
100
AcDb2dVertex
 10
865
 20
-40
 70
0
  0
VERTEX
  5
6AD
330
6A9
100
AcDbEntity
  8
0
 62
0
100
AcDbVertex
100
AcDb2dVertex
 10
865
 20
-50
 70
0
  0
VERTEX
  5
6AE
330
6A9
100
AcDbEntity
  8
0
 62
0
100
AcDbVertex
100
AcDb2dVertex
 10
855
 20
-50
 70
0
  0
SEQEND
  5
6AA
100
AcDbEntity
  8
0
  0
POLYLINE
  5
6AF
330
1F
100
AcDbEntity
  8
0
 62
0
100
AcDb2dPolyline
 66
1
 70
1
 10
0
 20
0
 30
0
210
0
220
0
230
1
  0
VERTEX
  5
6B1
330
6AF
100
AcDbEntity
  8
0
 62
0
100
AcDbVertex
100
AcDb2dVertex
 10
845
 20
-40
 70
0
  0
VERTEX
  5
6B2
330
6AF
100
AcDbEntity
  8
0
 62
0
100
AcDbVertex
100
AcDb2dVertex
 10
855
 20
-40
 70
0
  0
VERTEX
  5
6B3
330
6AF
100
AcDbEntity
  8
0
 62
0
100
AcDbVertex
100
AcDb2dVertex
 10
855
 20
-50
 70
0
  0
VERTEX
  5
6B4
330
6AF
100
AcDbEntity
  8
0
 62
0
100
AcDbVertex
100
AcDb2dVertex
 10
845
 20
-50
 70
0
  0
SEQEND
  5
6B0
100
AcDbEntity
  8
0
  0
MTEXT
  5
6B5
330
1F
100
AcDbEntity
  8
0
100
AcDbMText
 10
860.5
 20
-56
 30
0
 11
1
 21
0
 31
0
 40
5
 41
0
  1
PCRx Logic
  7
Standard
 71
1
 72
5
210
0
220
0
230
1
  0
TEXT
  5
6B6
330
1F
100
AcDbEntity
  8
0
100
AcDbText
 10
850
 20
-56.3662109375
 30
0
 40
4
  1

 50
90
  7
Standard
100
AcDbText
  0
TEXT
  5
6B7
330
1F
100
AcDbEntity
  8
0
100
AcDbText
 10
860
 20
-56.3662109375
 30
0
 40
4
  1

 50
90
  7
Standard
100
AcDbText
  0
TEXT
  5
6B8
330
1F
100
AcDbEntity
  8
0
100
AcDbText
 10
870
 20
-56.3662109375
 30
0
 40
4
  1

 50
90
  7
Standard
100
AcDbText
  0
TEXT
  5
6B9
330
1F
100
AcDbEntity
  8
0
100
AcDbText
 10
880
 20
-56.3662109375
 30
0
 40
4
  1

 50
90
  7
Standard
100
AcDbText
  0
TEXT
  5
6BA
330
1F
100
AcDbEntity
  8
0
100
AcDbText
 10
890
 20
-56.3662109375
 30
0
 40
4
  1

 50
90
  7
Standard
100
AcDbText
  0
TEXT
  5
6BB
330
1F
100
AcDbEntity
  8
0
100
AcDbText
 10
900
 20
-56.3662109375
 30
0
 40
4
  1

 50
90
  7
Standard
100
AcDbText
  0
TEXT
  5
6BC
330
1F
100
AcDbEntity
  8
0
100
AcDbText
 10
910
 20
-56.3662109375
 30
0
 40
4
  1

 50
90
  7
Standard
100
AcDbText
  0
TEXT
  5
6BD
330
1F
100
AcDbEntity
  8
0
100
AcDbText
 10
920
 20
-56.3662109375
 30
0
 40
4
  1

 50
90
  7
Standard
100
AcDbText
  0
TEXT
  5
6BE
330
1F
100
AcDbEntity
  8
0
100
AcDbText
 10
930
 20
-56.3662109375
 30
0
 40
4
  1

 50
90
  7
Standard
100
AcDbText
  0
POLYLINE
  5
6BF
330
1F
100
AcDbEntity
  8
0
 62
1
100
AcDb2dPolyline
 66
1
 70
1
 10
0
 20
0
 30
0
210
0
220
0
230
1
  0
VERTEX
  5
6C1
330
6BF
100
AcDbEntity
  8
0
 62
1
100
AcDbVertex
100
AcDb2dVertex
 10
1045.9998779296875
 20
-50
 70
0
  0
VERTEX
  5
6C2
330
6BF
100
AcDbEntity
  8
0
 62
1
100
AcDbVertex
100
AcDb2dVertex
 10
1048.2091064453125
 20
-49.999996185302734
 70
0
  0
VERTEX
  5
6C3
330
6BF
100
AcDbEntity
  8
0
 62
1
100
AcDbVertex
100
AcDb2dVertex
 10
1049.9998779296875
 20
-51.790851593017578
 70
0
  0
VERTEX
  5
6C4
330
6BF
100
AcDbEntity
  8
0
 62
1
100
AcDbVertex
100
AcDb2dVertex
 10
1049.9998779296875
 20
-53.999996185302734
 70
0
  0
VERTEX
  5
6C5
330
6BF
100
AcDbEntity
  8
0
 62
1
100
AcDbVertex
100
AcDb2dVertex
 10
1049.9998779296875
 20
-53.999996185302734
 70
0
  0
VERTEX
  5
6C6
330
6BF
100
AcDbEntity
  8
0
 62
1
100
AcDbVertex
100
AcDb2dVertex
 10
1049.9998779296875
 20
-54
 70
0
  0
VERTEX
  5
6C7
330
6BF
100
AcDbEntity
  8
0
 62
1
100
AcDbVertex
100
AcDb2dVertex
 10
1049.9998779296875
 20
-54
 70
0
  0
VERTEX
  5
6C8
330
6BF
100
AcDbEntity
  8
0
 62
1
100
AcDbVertex
100
AcDb2dVertex
 10
1050
 20
-58
 70
0
  0
VERTEX
  5
6C9
330
6BF
100
AcDbEntity
  8
0
 62
1
100
AcDbVertex
100
AcDb2dVertex
 10
1050
 20
-66
 70
0
  0
VERTEX
  5
6CA
330
6BF
100
AcDbEntity
  8
0
 62
1
100
AcDbVertex
100
AcDb2dVertex
 10
1049.9998779296875
 20
-69.999992370605469
 70
0
  0
VERTEX
  5
6CB
330
6BF
100
AcDbEntity
  8
0
 62
1
100
AcDbVertex
100
AcDb2dVertex
 10
1049.9998779296875
 20
-72.209136962890625
 70
0
  0
VERTEX
  5
6CC
330
6BF
100
AcDbEntity
  8
0
 62
1
100
AcDbVertex
100
AcDb2dVertex
 10
1048.2091064453125
 20
-73.999992370605469
 70
0
  0
VERTEX
  5
6CD
330
6BF
100
AcDbEntity
  8
0
 62
1
100
AcDbVertex
100
AcDb2dVertex
 10
1046
 20
-73.999992370605469
 70
0
  0
VERTEX
  5
6CE
330
6BF
100
AcDbEntity
  8
0
 62
1
100
AcDbVertex
100
AcDb2dVertex
 10
1042
 20
-74
 70
0
  0
VERTEX
  5
6CF
330
6BF
100
AcDbEntity
  8
0
 62
1
100
AcDbVertex
100
AcDb2dVertex
 10
958
 20
-74
 70
0
  0
VERTEX
  5
6D0
330
6BF
100
AcDbEntity
  8
0
 62
1
100
AcDbVertex
100
AcDb2dVertex
 10
954
 20
-73.999992370605469
 70
0
  0
VERTEX
  5
6D1
330
6BF
100
AcDbEntity
  8
0
 62
1
100
AcDbVertex
100
AcDb2dVertex
 10
951.79083251953125
 20
-74
 70
0
  0
VERTEX
  5
6D2
330
6BF
100
AcDbEntity
  8
0
 62
1
100
AcDbVertex
100
AcDb2dVertex
 10
950
 20
-72.209136962890625
 70
0
  0
VERTEX
  5
6D3
330
6BF
100
AcDbEntity
  8
0
 62
1
100
AcDbVertex
100
AcDb2dVertex
 10
950
 20
-70
 70
0
  0
VERTEX
  5
6D4
330
6BF
100
AcDbEntity
  8
0
 62
1
100
AcDbVertex
100
AcDb2dVertex
 10
950
 20
-66
 70
0
  0
VERTEX
  5
6D5
330
6BF
100
AcDbEntity
  8
0
 62
1
100
AcDbVertex
100
AcDb2dVertex
 10
950
 20
-58
 70
0
  0
VERTEX
  5
6D6
330
6BF
100
AcDbEntity
  8
0
 62
1
100
AcDbVertex
100
AcDb2dVertex
 10
949.99993896484375
 20
-54
 70
0
  0
VERTEX
  5
6D7
330
6BF
100
AcDbEntity
  8
0
 62
1
100
AcDbVertex
100
AcDb2dVertex
 10
949.99993896484375
 20
-51.790863037109375
 70
0
  0
VERTEX
  5
6D8
330
6BF
100
AcDbEntity
  8
0
 62
1
100
AcDbVertex
100
AcDb2dVertex
 10
951.79083251953125
 20
-50
 70
0
  0
VERTEX
  5
6D9
330
6BF
100
AcDbEntity
  8
0
 62
1
100
AcDbVertex
100
AcDb2dVertex
 10
953.99993896484375
 20
-49.999996185302734
 70
0
  0
SEQEND
  5
6C0
100
AcDbEntity
  8
0
  0
POLYLINE
  5
6DA
330
1F
100
AcDbEntity
  8
0
 62
0
100
AcDb2dPolyline
 66
1
 70
1
 10
0
 20
0
 30
0
210
0
220
0
230
1
  0
VERTEX
  5
6DC
330
6DA
100
AcDbEntity
  8
0
 62
0
100
AcDbVertex
100
AcDb2dVertex
 10
1035
 20
-40
 70
0
  0
VERTEX
  5
6DD
330
6DA
100
AcDbEntity
  8
0
 62
0
100
AcDbVertex
100
AcDb2dVertex
 10
1045
 20
-40
 70
0
  0
VERTEX
  5
6DE
330
6DA
100
AcDbEntity
  8
0
 62
0
100
AcDbVertex
100
AcDb2dVertex
 10
1045
 20
-50
 70
0
  0
VERTEX
  5
6DF
330
6DA
100
AcDbEntity
  8
0
 62
0
100
AcDbVertex
100
AcDb2dVertex
 10
1035
 20
-50
 70
0
  0
SEQEND
  5
6DB
100
AcDbEntity
  8
0
  0
POLYLINE
  5
6E0
330
1F
100
AcDbEntity
  8
0
 62
0
100
AcDb2dPolyline
 66
1
 70
1
 10
0
 20
0
 30
0
210
0
220
0
230
1
  0
VERTEX
  5
6E2
330
6E0
100
AcDbEntity
  8
0
 62
0
100
AcDbVertex
100
AcDb2dVertex
 10
1025
 20
-40
 70
0
  0
VERTEX
  5
6E3
330
6E0
100
AcDbEntity
  8
0
 62
0
100
AcDbVertex
100
AcDb2dVertex
 10
1035
 20
-40
 70
0
  0
VERTEX
  5
6E4
330
6E0
100
AcDbEntity
  8
0
 62
0
100
AcDbVertex
100
AcDb2dVertex
 10
1035
 20
-50
 70
0
  0
VERTEX
  5
6E5
330
6E0
100
AcDbEntity
  8
0
 62
0
100
AcDbVertex
100
AcDb2dVertex
 10
1025
 20
-50
 70
0
  0
SEQEND
  5
6E1
100
AcDbEntity
  8
0
  0
POLYLINE
  5
6E6
330
1F
100
AcDbEntity
  8
0
 62
0
100
AcDb2dPolyline
 66
1
 70
1
 10
0
 20
0
 30
0
210
0
220
0
230
1
  0
VERTEX
  5
6E8
330
6E6
100
AcDbEntity
  8
0
 62
0
100
AcDbVertex
100
AcDb2dVertex
 10
1015
 20
-40
 70
0
  0
VERTEX
  5
6E9
330
6E6
100
AcDbEntity
  8
0
 62
0
100
AcDbVertex
100
AcDb2dVertex
 10
1025
 20
-40
 70
0
  0
VERTEX
  5
6EA
330
6E6
100
AcDbEntity
  8
0
 62
0
100
AcDbVertex
100
AcDb2dVertex
 10
1025
 20
-50
 70
0
  0
VERTEX
  5
6EB
330
6E6
100
AcDbEntity
  8
0
 62
0
100
AcDbVertex
100
AcDb2dVertex
 10
1015
 20
-50
 70
0
  0
SEQEND
  5
6E7
100
AcDbEntity
  8
0
  0
POLYLINE
  5
6EC
330
1F
100
AcDbEntity
  8
0
 62
0
100
AcDb2dPolyline
 66
1
 70
1
 10
0
 20
0
 30
0
210
0
220
0
230
1
  0
VERTEX
  5
6EE
330
6EC
100
AcDbEntity
  8
0
 62
0
100
AcDbVertex
100
AcDb2dVertex
 10
1005
 20
-40
 70
0
  0
VERTEX
  5
6EF
330
6EC
100
AcDbEntity
  8
0
 62
0
100
AcDbVertex
100
AcDb2dVertex
 10
1015
 20
-40
 70
0
  0
VERTEX
  5
6F0
330
6EC
100
AcDbEntity
  8
0
 62
0
100
AcDbVertex
100
AcDb2dVertex
 10
1015
 20
-50
 70
0
  0
VERTEX
  5
6F1
330
6EC
100
AcDbEntity
  8
0
 62
0
100
AcDbVertex
100
AcDb2dVertex
 10
1005
 20
-50
 70
0
  0
SEQEND
  5
6ED
100
AcDbEntity
  8
0
  0
POLYLINE
  5
6F2
330
1F
100
AcDbEntity
  8
0
 62
0
100
AcDb2dPolyline
 66
1
 70
1
 10
0
 20
0
 30
0
210
0
220
0
230
1
  0
VERTEX
  5
6F4
330
6F2
100
AcDbEntity
  8
0
 62
0
100
AcDbVertex
100
AcDb2dVertex
 10
995
 20
-40
 70
0
  0
VERTEX
  5
6F5
330
6F2
100
AcDbEntity
  8
0
 62
0
100
AcDbVertex
100
AcDb2dVertex
 10
1005
 20
-40
 70
0
  0
VERTEX
  5
6F6
330
6F2
100
AcDbEntity
  8
0
 62
0
100
AcDbVertex
100
AcDb2dVertex
 10
1005
 20
-50
 70
0
  0
VERTEX
  5
6F7
330
6F2
100
AcDbEntity
  8
0
 62
0
100
AcDbVertex
100
AcDb2dVertex
 10
995
 20
-50
 70
0
  0
SEQEND
  5
6F3
100
AcDbEntity
  8
0
  0
POLYLINE
  5
6F8
330
1F
100
AcDbEntity
  8
0
 62
0
100
AcDb2dPolyline
 66
1
 70
1
 10
0
 20
0
 30
0
210
0
220
0
230
1
  0
VERTEX
  5
6FA
330
6F8
100
AcDbEntity
  8
0
 62
0
100
AcDbVertex
100
AcDb2dVertex
 10
985
 20
-40
 70
0
  0
VERTEX
  5
6FB
330
6F8
100
AcDbEntity
  8
0
 62
0
100
AcDbVertex
100
AcDb2dVertex
 10
995
 20
-40
 70
0
  0
VERTEX
  5
6FC
330
6F8
100
AcDbEntity
  8
0
 62
0
100
AcDbVertex
100
AcDb2dVertex
 10
995
 20
-50
 70
0
  0
VERTEX
  5
6FD
330
6F8
100
AcDbEntity
  8
0
 62
0
100
AcDbVertex
100
AcDb2dVertex
 10
985
 20
-50
 70
0
  0
SEQEND
  5
6F9
100
AcDbEntity
  8
0
  0
POLYLINE
  5
6FE
330
1F
100
AcDbEntity
  8
0
 62
0
100
AcDb2dPolyline
 66
1
 70
1
 10
0
 20
0
 30
0
210
0
220
0
230
1
  0
VERTEX
  5
700
330
6FE
100
AcDbEntity
  8
0
 62
0
100
AcDbVertex
100
AcDb2dVertex
 10
975
 20
-40
 70
0
  0
VERTEX
  5
701
330
6FE
100
AcDbEntity
  8
0
 62
0
100
AcDbVertex
100
AcDb2dVertex
 10
985
 20
-40
 70
0
  0
VERTEX
  5
702
330
6FE
100
AcDbEntity
  8
0
 62
0
100
AcDbVertex
100
AcDb2dVertex
 10
985
 20
-50
 70
0
  0
VERTEX
  5
703
330
6FE
100
AcDbEntity
  8
0
 62
0
100
AcDbVertex
100
AcDb2dVertex
 10
975
 20
-50
 70
0
  0
SEQEND
  5
6FF
100
AcDbEntity
  8
0
  0
POLYLINE
  5
704
330
1F
100
AcDbEntity
  8
0
 62
0
100
AcDb2dPolyline
 66
1
 70
1
 10
0
 20
0
 30
0
210
0
220
0
230
1
  0
VERTEX
  5
706
330
704
100
AcDbEntity
  8
0
 62
0
100
AcDbVertex
100
AcDb2dVertex
 10
965
 20
-40
 70
0
  0
VERTEX
  5
707
330
704
100
AcDbEntity
  8
0
 62
0
100
AcDbVertex
100
AcDb2dVertex
 10
975
 20
-40
 70
0
  0
VERTEX
  5
708
330
704
100
AcDbEntity
  8
0
 62
0
100
AcDbVertex
100
AcDb2dVertex
 10
975
 20
-50
 70
0
  0
VERTEX
  5
709
330
704
100
AcDbEntity
  8
0
 62
0
100
AcDbVertex
100
AcDb2dVertex
 10
965
 20
-50
 70
0
  0
SEQEND
  5
705
100
AcDbEntity
  8
0
  0
POLYLINE
  5
70A
330
1F
100
AcDbEntity
  8
0
 62
0
100
AcDb2dPolyline
 66
1
 70
1
 10
0
 20
0
 30
0
210
0
220
0
230
1
  0
VERTEX
  5
70C
330
70A
100
AcDbEntity
  8
0
 62
0
100
AcDbVertex
100
AcDb2dVertex
 10
955
 20
-40
 70
0
  0
VERTEX
  5
70D
330
70A
100
AcDbEntity
  8
0
 62
0
100
AcDbVertex
100
AcDb2dVertex
 10
965
 20
-40
 70
0
  0
VERTEX
  5
70E
330
70A
100
AcDbEntity
  8
0
 62
0
100
AcDbVertex
100
AcDb2dVertex
 10
965
 20
-50
 70
0
  0
VERTEX
  5
70F
330
70A
100
AcDbEntity
  8
0
 62
0
100
AcDbVertex
100
AcDb2dVertex
 10
955
 20
-50
 70
0
  0
SEQEND
  5
70B
100
AcDbEntity
  8
0
  0
MTEXT
  5
710
330
1F
100
AcDbEntity
  8
0
100
AcDbMText
 10
970.5
 20
-56
 30
0
 11
1
 21
0
 31
0
 40
5
 41
0
  1
PCRx Logic
  7
Standard
 71
1
 72
5
210
0
220
0
230
1
  0
TEXT
  5
711
330
1F
100
AcDbEntity
  8
0
100
AcDbText
 10
960
 20
-56.3662109375
 30
0
 40
4
  1

 50
90
  7
Standard
100
AcDbText
  0
TEXT
  5
712
330
1F
100
AcDbEntity
  8
0
100
AcDbText
 10
970
 20
-56.3662109375
 30
0
 40
4
  1

 50
90
  7
Standard
100
AcDbText
  0
TEXT
  5
713
330
1F
100
AcDbEntity
  8
0
100
AcDbText
 10
980
 20
-56.3662109375
 30
0
 40
4
  1

 50
90
  7
Standard
100
AcDbText
  0
TEXT
  5
714
330
1F
100
AcDbEntity
  8
0
100
AcDbText
 10
990
 20
-56.3662109375
 30
0
 40
4
  1

 50
90
  7
Standard
100
AcDbText
  0
TEXT
  5
715
330
1F
100
AcDbEntity
  8
0
100
AcDbText
 10
1000
 20
-56.3662109375
 30
0
 40
4
  1

 50
90
  7
Standard
100
AcDbText
  0
TEXT
  5
716
330
1F
100
AcDbEntity
  8
0
100
AcDbText
 10
1010
 20
-56.3662109375
 30
0
 40
4
  1

 50
90
  7
Standard
100
AcDbText
  0
TEXT
  5
717
330
1F
100
AcDbEntity
  8
0
100
AcDbText
 10
1020
 20
-56.3662109375
 30
0
 40
4
  1

 50
90
  7
Standard
100
AcDbText
  0
TEXT
  5
718
330
1F
100
AcDbEntity
  8
0
100
AcDbText
 10
1030
 20
-56.3662109375
 30
0
 40
4
  1

 50
90
  7
Standard
100
AcDbText
  0
TEXT
  5
719
330
1F
100
AcDbEntity
  8
0
100
AcDbText
 10
1040
 20
-56.3662109375
 30
0
 40
4
  1

 50
90
  7
Standard
100
AcDbText
  0
POLYLINE
  5
71A
330
1F
100
AcDbEntity
  8
0
 62
1
100
AcDb2dPolyline
 66
1
 70
1
 10
0
 20
0
 30
0
210
0
220
0
230
1
  0
VERTEX
  5
71C
330
71A
100
AcDbEntity
  8
0
 62
1
100
AcDbVertex
100
AcDb2dVertex
 10
1055.9998779296875
 20
-80
 70
0
  0
VERTEX
  5
71D
330
71A
100
AcDbEntity
  8
0
 62
1
100
AcDbVertex
100
AcDb2dVertex
 10
1058.2091064453125
 20
-79.999992370605469
 70
0
  0
VERTEX
  5
71E
330
71A
100
AcDbEntity
  8
0
 62
1
100
AcDbVertex
100
AcDb2dVertex
 10
1059.9998779296875
 20
-81.790847778320313
 70
0
  0
VERTEX
  5
71F
330
71A
100
AcDbEntity
  8
0
 62
1
100
AcDbVertex
100
AcDb2dVertex
 10
1059.9998779296875
 20
-83.999992370605469
 70
0
  0
VERTEX
  5
720
330
71A
100
AcDbEntity
  8
0
 62
1
100
AcDbVertex
100
AcDb2dVertex
 10
1059.9998779296875
 20
-83.999992370605469
 70
0
  0
VERTEX
  5
721
330
71A
100
AcDbEntity
  8
0
 62
1
100
AcDbVertex
100
AcDb2dVertex
 10
1059.9998779296875
 20
-84
 70
0
  0
VERTEX
  5
722
330
71A
100
AcDbEntity
  8
0
 62
1
100
AcDbVertex
100
AcDb2dVertex
 10
1059.9998779296875
 20
-84
 70
0
  0
VERTEX
  5
723
330
71A
100
AcDbEntity
  8
0
 62
1
100
AcDbVertex
100
AcDb2dVertex
 10
1060
 20
-88
 70
0
  0
VERTEX
  5
724
330
71A
100
AcDbEntity
  8
0
 62
1
100
AcDbVertex
100
AcDb2dVertex
 10
1060
 20
-132
 70
0
  0
VERTEX
  5
725
330
71A
100
AcDbEntity
  8
0
 62
1
100
AcDbVertex
100
AcDb2dVertex
 10
1059.9998779296875
 20
-135.99998474121094
 70
0
  0
VERTEX
  5
726
330
71A
100
AcDbEntity
  8
0
 62
1
100
AcDbVertex
100
AcDb2dVertex
 10
1059.9998779296875
 20
-138.20913696289063
 70
0
  0
VERTEX
  5
727
330
71A
100
AcDbEntity
  8
0
 62
1
100
AcDbVertex
100
AcDb2dVertex
 10
1058.2091064453125
 20
-139.99998474121094
 70
0
  0
VERTEX
  5
728
330
71A
100
AcDbEntity
  8
0
 62
1
100
AcDbVertex
100
AcDb2dVertex
 10
1056
 20
-139.99998474121094
 70
0
  0
VERTEX
  5
729
330
71A
100
AcDbEntity
  8
0
 62
1
100
AcDbVertex
100
AcDb2dVertex
 10
1052
 20
-140
 70
0
  0
VERTEX
  5
72A
330
71A
100
AcDbEntity
  8
0
 62
1
100
AcDbVertex
100
AcDb2dVertex
 10
995
 20
-140
 70
0
  0
VERTEX
  5
72B
330
71A
100
AcDbEntity
  8
0
 62
1
100
AcDbVertex
100
AcDb2dVertex
 10
991
 20
-139.99998474121094
 70
0
  0
VERTEX
  5
72C
330
71A
100
AcDbEntity
  8
0
 62
1
100
AcDbVertex
100
AcDb2dVertex
 10
988.79083251953125
 20
-140
 70
0
  0
VERTEX
  5
72D
330
71A
100
AcDbEntity
  8
0
 62
1
100
AcDbVertex
100
AcDb2dVertex
 10
987
 20
-138.20913696289063
 70
0
  0
VERTEX
  5
72E
330
71A
100
AcDbEntity
  8
0
 62
1
100
AcDbVertex
100
AcDb2dVertex
 10
987
 20
-136
 70
0
  0
VERTEX
  5
72F
330
71A
100
AcDbEntity
  8
0
 62
1
100
AcDbVertex
100
AcDb2dVertex
 10
987
 20
-132
 70
0
  0
VERTEX
  5
730
330
71A
100
AcDbEntity
  8
0
 62
1
100
AcDbVertex
100
AcDb2dVertex
 10
987
 20
-88
 70
0
  0
VERTEX
  5
731
330
71A
100
AcDbEntity
  8
0
 62
1
100
AcDbVertex
100
AcDb2dVertex
 10
986.99993896484375
 20
-84
 70
0
  0
VERTEX
  5
732
330
71A
100
AcDbEntity
  8
0
 62
1
100
AcDbVertex
100
AcDb2dVertex
 10
986.99993896484375
 20
-81.790863037109375
 70
0
  0
VERTEX
  5
733
330
71A
100
AcDbEntity
  8
0
 62
1
100
AcDbVertex
100
AcDb2dVertex
 10
988.79083251953125
 20
-80
 70
0
  0
VERTEX
  5
734
330
71A
100
AcDbEntity
  8
0
 62
1
100
AcDbVertex
100
AcDb2dVertex
 10
990.99993896484375
 20
-79.999992370605469
 70
0
  0
SEQEND
  5
71B
100
AcDbEntity
  8
0
  0
POLYLINE
  5
735
330
1F
100
AcDbEntity
  8
0
 62
0
100
AcDb2dPolyline
 66
1
 70
1
 10
0
 20
0
 30
0
210
0
220
0
230
1
  0
VERTEX
  5
737
330
735
100
AcDbEntity
  8
0
 62
0
100
AcDbVertex
100
AcDb2dVertex
 10
1061
 20
-125
 70
0
  0
VERTEX
  5
738
330
735
100
AcDbEntity
  8
0
 62
0
100
AcDbVertex
100
AcDb2dVertex
 10
1071
 20
-125
 70
0
  0
VERTEX
  5
739
330
735
100
AcDbEntity
  8
0
 62
0
100
AcDbVertex
100
AcDb2dVertex
 10
1071
 20
-135
 70
0
  0
VERTEX
  5
73A
330
735
100
AcDbEntity
  8
0
 62
0
100
AcDbVertex
100
AcDb2dVertex
 10
1061
 20
-135
 70
0
  0
SEQEND
  5
736
100
AcDbEntity
  8
0
  0
POLYLINE
  5
73B
330
1F
100
AcDbEntity
  8
0
 62
0
100
AcDb2dPolyline
 66
1
 70
1
 10
0
 20
0
 30
0
210
0
220
0
230
1
  0
VERTEX
  5
73D
330
73B
100
AcDbEntity
  8
0
 62
0
100
AcDbVertex
100
AcDb2dVertex
 10
1061
 20
-115
 70
0
  0
VERTEX
  5
73E
330
73B
100
AcDbEntity
  8
0
 62
0
100
AcDbVertex
100
AcDb2dVertex
 10
1071
 20
-115
 70
0
  0
VERTEX
  5
73F
330
73B
100
AcDbEntity
  8
0
 62
0
100
AcDbVertex
100
AcDb2dVertex
 10
1071
 20
-125
 70
0
  0
VERTEX
  5
740
330
73B
100
AcDbEntity
  8
0
 62
0
100
AcDbVertex
100
AcDb2dVertex
 10
1061
 20
-125
 70
0
  0
SEQEND
  5
73C
100
AcDbEntity
  8
0
  0
POLYLINE
  5
741
330
1F
100
AcDbEntity
  8
0
 62
0
100
AcDb2dPolyline
 66
1
 70
1
 10
0
 20
0
 30
0
210
0
220
0
230
1
  0
VERTEX
  5
743
330
741
100
AcDbEntity
  8
0
 62
0
100
AcDbVertex
100
AcDb2dVertex
 10
1061
 20
-105
 70
0
  0
VERTEX
  5
744
330
741
100
AcDbEntity
  8
0
 62
0
100
AcDbVertex
100
AcDb2dVertex
 10
1071
 20
-105
 70
0
  0
VERTEX
  5
745
330
741
100
AcDbEntity
  8
0
 62
0
100
AcDbVertex
100
AcDb2dVertex
 10
1071
 20
-115
 70
0
  0
VERTEX
  5
746
330
741
100
AcDbEntity
  8
0
 62
0
100
AcDbVertex
100
AcDb2dVertex
 10
1061
 20
-115
 70
0
  0
SEQEND
  5
742
100
AcDbEntity
  8
0
  0
POLYLINE
  5
747
330
1F
100
AcDbEntity
  8
0
 62
0
100
AcDb2dPolyline
 66
1
 70
1
 10
0
 20
0
 30
0
210
0
220
0
230
1
  0
VERTEX
  5
749
330
747
100
AcDbEntity
  8
0
 62
0
100
AcDbVertex
100
AcDb2dVertex
 10
1061
 20
-95
 70
0
  0
VERTEX
  5
74A
330
747
100
AcDbEntity
  8
0
 62
0
100
AcDbVertex
100
AcDb2dVertex
 10
1071
 20
-95
 70
0
  0
VERTEX
  5
74B
330
747
100
AcDbEntity
  8
0
 62
0
100
AcDbVertex
100
AcDb2dVertex
 10
1071
 20
-105
 70
0
  0
VERTEX
  5
74C
330
747
100
AcDbEntity
  8
0
 62
0
100
AcDbVertex
100
AcDb2dVertex
 10
1061
 20
-105
 70
0
  0
SEQEND
  5
748
100
AcDbEntity
  8
0
  0
POLYLINE
  5
74D
330
1F
100
AcDbEntity
  8
0
 62
0
100
AcDb2dPolyline
 66
1
 70
1
 10
0
 20
0
 30
0
210
0
220
0
230
1
  0
VERTEX
  5
74F
330
74D
100
AcDbEntity
  8
0
 62
0
100
AcDbVertex
100
AcDb2dVertex
 10
1061
 20
-85
 70
0
  0
VERTEX
  5
750
330
74D
100
AcDbEntity
  8
0
 62
0
100
AcDbVertex
100
AcDb2dVertex
 10
1071
 20
-85
 70
0
  0
VERTEX
  5
751
330
74D
100
AcDbEntity
  8
0
 62
0
100
AcDbVertex
100
AcDb2dVertex
 10
1071
 20
-95
 70
0
  0
VERTEX
  5
752
330
74D
100
AcDbEntity
  8
0
 62
0
100
AcDbVertex
100
AcDb2dVertex
 10
1061
 20
-95
 70
0
  0
SEQEND
  5
74E
100
AcDbEntity
  8
0
  0
MTEXT
  5
753
330
1F
100
AcDbEntity
  8
0
100
AcDbMText
 10
993.5
 20
-104
 30
0
 11
1
 21
0
 31
0
 40
5
 41
0
  1
PCTx Mains
  7
Standard
 71
1
 72
5
210
0
220
0
230
1
  0
TEXT
  5
754
330
1F
100
AcDbEntity
  8
0
100
AcDbText
 10
1055.5
 20
-90.3662109375
 30
0
 40
4
  1

  7
Standard
100
AcDbText
  0
TEXT
  5
755
330
1F
100
AcDbEntity
  8
0
100
AcDbText
 10
1055.5
 20
-100.3662109375
 30
0
 40
4
  1

  7
Standard
100
AcDbText
  0
TEXT
  5
756
330
1F
100
AcDbEntity
  8
0
100
AcDbText
 10
1055.5
 20
-110.3662109375
 30
0
 40
4
  1

  7
Standard
100
AcDbText
  0
TEXT
  5
757
330
1F
100
AcDbEntity
  8
0
100
AcDbText
 10
1055.5
 20
-120.3662109375
 30
0
 40
4
  1

  7
Standard
100
AcDbText
  0
TEXT
  5
758
330
1F
100
AcDbEntity
  8
0
100
AcDbText
 10
1055.5
 20
-130.3662109375
 30
0
 40
4
  1

  7
Standard
100
AcDbText
  0
POLYLINE
  5
759
330
1F
100
AcDbEntity
  8
0
 62
1
100
AcDb2dPolyline
 66
1
 70
1
 10
0
 20
0
 30
0
210
0
220
0
230
1
  0
VERTEX
  5
75B
330
759
100
AcDbEntity
  8
0
 62
1
100
AcDbVertex
100
AcDb2dVertex
 10
1265.9998779296875
 20
-150
 70
0
  0
VERTEX
  5
75C
330
759
100
AcDbEntity
  8
0
 62
1
100
AcDbVertex
100
AcDb2dVertex
 10
1268.2091064453125
 20
-149.99998474121094
 70
0
  0
VERTEX
  5
75D
330
759
100
AcDbEntity
  8
0
 62
1
100
AcDbVertex
100
AcDb2dVertex
 10
1269.9998779296875
 20
-151.79084777832031
 70
0
  0
VERTEX
  5
75E
330
759
100
AcDbEntity
  8
0
 62
1
100
AcDbVertex
100
AcDb2dVertex
 10
1269.9998779296875
 20
-153.99998474121094
 70
0
  0
VERTEX
  5
75F
330
759
100
AcDbEntity
  8
0
 62
1
100
AcDbVertex
100
AcDb2dVertex
 10
1269.9998779296875
 20
-153.99998474121094
 70
0
  0
VERTEX
  5
760
330
759
100
AcDbEntity
  8
0
 62
1
100
AcDbVertex
100
AcDb2dVertex
 10
1269.9998779296875
 20
-154
 70
0
  0
VERTEX
  5
761
330
759
100
AcDbEntity
  8
0
 62
1
100
AcDbVertex
100
AcDb2dVertex
 10
1269.9998779296875
 20
-154
 70
0
  0
VERTEX
  5
762
330
759
100
AcDbEntity
  8
0
 62
1
100
AcDbVertex
100
AcDb2dVertex
 10
1270
 20
-158
 70
0
  0
VERTEX
  5
763
330
759
100
AcDbEntity
  8
0
 62
1
100
AcDbVertex
100
AcDb2dVertex
 10
1270
 20
-292
 70
0
  0
VERTEX
  5
764
330
759
100
AcDbEntity
  8
0
 62
1
100
AcDbVertex
100
AcDb2dVertex
 10
1269.9998779296875
 20
-295.99996948242188
 70
0
  0
VERTEX
  5
765
330
759
100
AcDbEntity
  8
0
 62
1
100
AcDbVertex
100
AcDb2dVertex
 10
1269.9998779296875
 20
-298.20913696289063
 70
0
  0
VERTEX
  5
766
330
759
100
AcDbEntity
  8
0
 62
1
100
AcDbVertex
100
AcDb2dVertex
 10
1268.2091064453125
 20
-299.99996948242188
 70
0
  0
VERTEX
  5
767
330
759
100
AcDbEntity
  8
0
 62
1
100
AcDbVertex
100
AcDb2dVertex
 10
1266
 20
-299.99996948242188
 70
0
  0
VERTEX
  5
768
330
759
100
AcDbEntity
  8
0
 62
1
100
AcDbVertex
100
AcDb2dVertex
 10
1262
 20
-300
 70
0
  0
VERTEX
  5
769
330
759
100
AcDbEntity
  8
0
 62
1
100
AcDbVertex
100
AcDb2dVertex
 10
1068
 20
-300
 70
0
  0
VERTEX
  5
76A
330
759
100
AcDbEntity
  8
0
 62
1
100
AcDbVertex
100
AcDb2dVertex
 10
1064
 20
-299.99996948242188
 70
0
  0
VERTEX
  5
76B
330
759
100
AcDbEntity
  8
0
 62
1
100
AcDbVertex
100
AcDb2dVertex
 10
1061.790771484375
 20
-300
 70
0
  0
VERTEX
  5
76C
330
759
100
AcDbEntity
  8
0
 62
1
100
AcDbVertex
100
AcDb2dVertex
 10
1060
 20
-298.20913696289063
 70
0
  0
VERTEX
  5
76D
330
759
100
AcDbEntity
  8
0
 62
1
100
AcDbVertex
100
AcDb2dVertex
 10
1060
 20
-296
 70
0
  0
VERTEX
  5
76E
330
759
100
AcDbEntity
  8
0
 62
1
100
AcDbVertex
100
AcDb2dVertex
 10
1060
 20
-292
 70
0
  0
VERTEX
  5
76F
330
759
100
AcDbEntity
  8
0
 62
1
100
AcDbVertex
100
AcDb2dVertex
 10
1060
 20
-158
 70
0
  0
VERTEX
  5
770
330
759
100
AcDbEntity
  8
0
 62
1
100
AcDbVertex
100
AcDb2dVertex
 10
1059.9998779296875
 20
-154
 70
0
  0
VERTEX
  5
771
330
759
100
AcDbEntity
  8
0
 62
1
100
AcDbVertex
100
AcDb2dVertex
 10
1059.9998779296875
 20
-151.79086303710938
 70
0
  0
VERTEX
  5
772
330
759
100
AcDbEntity
  8
0
 62
1
100
AcDbVertex
100
AcDb2dVertex
 10
1061.790771484375
 20
-150
 70
0
  0
VERTEX
  5
773
330
759
100
AcDbEntity
  8
0
 62
1
100
AcDbVertex
100
AcDb2dVertex
 10
1063.9998779296875
 20
-149.99998474121094
 70
0
  0
SEQEND
  5
75A
100
AcDbEntity
  8
0
  0
MTEXT
  5
774
330
1F
100
AcDbEntity
  8
0
100
AcDbMText
 10
1045.7239990234375
 20
-145
 30
0
 11
1
 21
0
 31
0
 40
7
 41
0
  1
Patstors Office
  7
Standard
 71
1
 72
5
210
0
220
0
230
1
  0
POLYLINE
  5
775
330
1F
100
AcDbEntity
  8
0
 62
1
100
AcDb2dPolyline
 66
1
 70
1
 10
0
 20
0
 30
0
210
0
220
0
230
1
  0
VERTEX
  5
777
330
775
100
AcDbEntity
  8
0
 62
1
100
AcDbVertex
100
AcDb2dVertex
 10
1128.9998779296875
 20
-180
 70
0
  0
VERTEX
  5
778
330
775
100
AcDbEntity
  8
0
 62
1
100
AcDbVertex
100
AcDb2dVertex
 10
1131.2091064453125
 20
-179.99998474121094
 70
0
  0
VERTEX
  5
779
330
775
100
AcDbEntity
  8
0
 62
1
100
AcDbVertex
100
AcDb2dVertex
 10
1132.9998779296875
 20
-181.79084777832031
 70
0
  0
VERTEX
  5
77A
330
775
100
AcDbEntity
  8
0
 62
1
100
AcDbVertex
100
AcDb2dVertex
 10
1132.9998779296875
 20
-183.99998474121094
 70
0
  0
VERTEX
  5
77B
330
775
100
AcDbEntity
  8
0
 62
1
100
AcDbVertex
100
AcDb2dVertex
 10
1132.9998779296875
 20
-183.99998474121094
 70
0
  0
VERTEX
  5
77C
330
775
100
AcDbEntity
  8
0
 62
1
100
AcDbVertex
100
AcDb2dVertex
 10
1132.9998779296875
 20
-184
 70
0
  0
VERTEX
  5
77D
330
775
100
AcDbEntity
  8
0
 62
1
100
AcDbVertex
100
AcDb2dVertex
 10
1132.9998779296875
 20
-184
 70
0
  0
VERTEX
  5
77E
330
775
100
AcDbEntity
  8
0
 62
1
100
AcDbVertex
100
AcDb2dVertex
 10
1133
 20
-188
 70
0
  0
VERTEX
  5
77F
330
775
100
AcDbEntity
  8
0
 62
1
100
AcDbVertex
100
AcDb2dVertex
 10
1133
 20
-282
 70
0
  0
VERTEX
  5
780
330
775
100
AcDbEntity
  8
0
 62
1
100
AcDbVertex
100
AcDb2dVertex
 10
1132.9998779296875
 20
-285.99996948242188
 70
0
  0
VERTEX
  5
781
330
775
100
AcDbEntity
  8
0
 62
1
100
AcDbVertex
100
AcDb2dVertex
 10
1132.9998779296875
 20
-288.20913696289063
 70
0
  0
VERTEX
  5
782
330
775
100
AcDbEntity
  8
0
 62
1
100
AcDbVertex
100
AcDb2dVertex
 10
1131.2091064453125
 20
-289.99996948242188
 70
0
  0
VERTEX
  5
783
330
775
100
AcDbEntity
  8
0
 62
1
100
AcDbVertex
100
AcDb2dVertex
 10
1129
 20
-289.99996948242188
 70
0
  0
VERTEX
  5
784
330
775
100
AcDbEntity
  8
0
 62
1
100
AcDbVertex
100
AcDb2dVertex
 10
1125
 20
-290
 70
0
  0
VERTEX
  5
785
330
775
100
AcDbEntity
  8
0
 62
1
100
AcDbVertex
100
AcDb2dVertex
 10
1068
 20
-290
 70
0
  0
VERTEX
  5
786
330
775
100
AcDbEntity
  8
0
 62
1
100
AcDbVertex
100
AcDb2dVertex
 10
1064
 20
-289.99996948242188
 70
0
  0
VERTEX
  5
787
330
775
100
AcDbEntity
  8
0
 62
1
100
AcDbVertex
100
AcDb2dVertex
 10
1061.790771484375
 20
-290
 70
0
  0
VERTEX
  5
788
330
775
100
AcDbEntity
  8
0
 62
1
100
AcDbVertex
100
AcDb2dVertex
 10
1060
 20
-288.20913696289063
 70
0
  0
VERTEX
  5
789
330
775
100
AcDbEntity
  8
0
 62
1
100
AcDbVertex
100
AcDb2dVertex
 10
1060
 20
-286
 70
0
  0
VERTEX
  5
78A
330
775
100
AcDbEntity
  8
0
 62
1
100
AcDbVertex
100
AcDb2dVertex
 10
1060
 20
-282
 70
0
  0
VERTEX
  5
78B
330
775
100
AcDbEntity
  8
0
 62
1
100
AcDbVertex
100
AcDb2dVertex
 10
1060
 20
-188
 70
0
  0
VERTEX
  5
78C
330
775
100
AcDbEntity
  8
0
 62
1
100
AcDbVertex
100
AcDb2dVertex
 10
1059.9998779296875
 20
-184
 70
0
  0
VERTEX
  5
78D
330
775
100
AcDbEntity
  8
0
 62
1
100
AcDbVertex
100
AcDb2dVertex
 10
1059.9998779296875
 20
-181.79086303710938
 70
0
  0
VERTEX
  5
78E
330
775
100
AcDbEntity
  8
0
 62
1
100
AcDbVertex
100
AcDb2dVertex
 10
1061.790771484375
 20
-180
 70
0
  0
VERTEX
  5
78F
330
775
100
AcDbEntity
  8
0
 62
1
100
AcDbVertex
100
AcDb2dVertex
 10
1063.9998779296875
 20
-179.99998474121094
 70
0
  0
SEQEND
  5
776
100
AcDbEntity
  8
0
  0
POLYLINE
  5
790
330
1F
100
AcDbEntity
  8
0
 62
0
100
AcDb2dPolyline
 66
1
 70
1
 10
0
 20
0
 30
0
210
0
220
0
230
1
  0
VERTEX
  5
792
330
790
100
AcDbEntity
  8
0
 62
0
100
AcDbVertex
100
AcDb2dVertex
 10
1050
 20
-275
 70
0
  0
VERTEX
  5
793
330
790
100
AcDbEntity
  8
0
 62
0
100
AcDbVertex
100
AcDb2dVertex
 10
1060
 20
-275
 70
0
  0
VERTEX
  5
794
330
790
100
AcDbEntity
  8
0
 62
0
100
AcDbVertex
100
AcDb2dVertex
 10
1060
 20
-285
 70
0
  0
VERTEX
  5
795
330
790
100
AcDbEntity
  8
0
 62
0
100
AcDbVertex
100
AcDb2dVertex
 10
1050
 20
-285
 70
0
  0
SEQEND
  5
791
100
AcDbEntity
  8
0
  0
POLYLINE
  5
796
330
1F
100
AcDbEntity
  8
0
 62
0
100
AcDb2dPolyline
 66
1
 70
1
 10
0
 20
0
 30
0
210
0
220
0
230
1
  0
VERTEX
  5
798
330
796
100
AcDbEntity
  8
0
 62
0
100
AcDbVertex
100
AcDb2dVertex
 10
1050
 20
-265
 70
0
  0
VERTEX
  5
799
330
796
100
AcDbEntity
  8
0
 62
0
100
AcDbVertex
100
AcDb2dVertex
 10
1060
 20
-265
 70
0
  0
VERTEX
  5
79A
330
796
100
AcDbEntity
  8
0
 62
0
100
AcDbVertex
100
AcDb2dVertex
 10
1060
 20
-275
 70
0
  0
VERTEX
  5
79B
330
796
100
AcDbEntity
  8
0
 62
0
100
AcDbVertex
100
AcDb2dVertex
 10
1050
 20
-275
 70
0
  0
SEQEND
  5
797
100
AcDbEntity
  8
0
  0
POLYLINE
  5
79C
330
1F
100
AcDbEntity
  8
0
 62
0
100
AcDb2dPolyline
 66
1
 70
1
 10
0
 20
0
 30
0
210
0
220
0
230
1
  0
VERTEX
  5
79E
330
79C
100
AcDbEntity
  8
0
 62
0
100
AcDbVertex
100
AcDb2dVertex
 10
1050
 20
-255
 70
0
  0
VERTEX
  5
79F
330
79C
100
AcDbEntity
  8
0
 62
0
100
AcDbVertex
100
AcDb2dVertex
 10
1060
 20
-255
 70
0
  0
VERTEX
  5
7A0
330
79C
100
AcDbEntity
  8
0
 62
0
100
AcDbVertex
100
AcDb2dVertex
 10
1060
 20
-265
 70
0
  0
VERTEX
  5
7A1
330
79C
100
AcDbEntity
  8
0
 62
0
100
AcDbVertex
100
AcDb2dVertex
 10
1050
 20
-265
 70
0
  0
SEQEND
  5
79D
100
AcDbEntity
  8
0
  0
POLYLINE
  5
7A2
330
1F
100
AcDbEntity
  8
0
 62
0
100
AcDb2dPolyline
 66
1
 70
1
 10
0
 20
0
 30
0
210
0
220
0
230
1
  0
VERTEX
  5
7A4
330
7A2
100
AcDbEntity
  8
0
 62
0
100
AcDbVertex
100
AcDb2dVertex
 10
1050
 20
-245
 70
0
  0
VERTEX
  5
7A5
330
7A2
100
AcDbEntity
  8
0
 62
0
100
AcDbVertex
100
AcDb2dVertex
 10
1060
 20
-245
 70
0
  0
VERTEX
  5
7A6
330
7A2
100
AcDbEntity
  8
0
 62
0
100
AcDbVertex
100
AcDb2dVertex
 10
1060
 20
-255
 70
0
  0
VERTEX
  5
7A7
330
7A2
100
AcDbEntity
  8
0
 62
0
100
AcDbVertex
100
AcDb2dVertex
 10
1050
 20
-255
 70
0
  0
SEQEND
  5
7A3
100
AcDbEntity
  8
0
  0
POLYLINE
  5
7A8
330
1F
100
AcDbEntity
  8
0
 62
0
100
AcDb2dPolyline
 66
1
 70
1
 10
0
 20
0
 30
0
210
0
220
0
230
1
  0
VERTEX
  5
7AA
330
7A8
100
AcDbEntity
  8
0
 62
0
100
AcDbVertex
100
AcDb2dVertex
 10
1050
 20
-235
 70
0
  0
VERTEX
  5
7AB
330
7A8
100
AcDbEntity
  8
0
 62
0
100
AcDbVertex
100
AcDb2dVertex
 10
1060
 20
-235
 70
0
  0
VERTEX
  5
7AC
330
7A8
100
AcDbEntity
  8
0
 62
0
100
AcDbVertex
100
AcDb2dVertex
 10
1060
 20
-245
 70
0
  0
VERTEX
  5
7AD
330
7A8
100
AcDbEntity
  8
0
 62
0
100
AcDbVertex
100
AcDb2dVertex
 10
1050
 20
-245
 70
0
  0
SEQEND
  5
7A9
100
AcDbEntity
  8
0
  0
POLYLINE
  5
7AE
330
1F
100
AcDbEntity
  8
0
 62
0
100
AcDb2dPolyline
 66
1
 70
1
 10
0
 20
0
 30
0
210
0
220
0
230
1
  0
VERTEX
  5
7B0
330
7AE
100
AcDbEntity
  8
0
 62
0
100
AcDbVertex
100
AcDb2dVertex
 10
1050
 20
-225
 70
0
  0
VERTEX
  5
7B1
330
7AE
100
AcDbEntity
  8
0
 62
0
100
AcDbVertex
100
AcDb2dVertex
 10
1060
 20
-225
 70
0
  0
VERTEX
  5
7B2
330
7AE
100
AcDbEntity
  8
0
 62
0
100
AcDbVertex
100
AcDb2dVertex
 10
1060
 20
-235
 70
0
  0
VERTEX
  5
7B3
330
7AE
100
AcDbEntity
  8
0
 62
0
100
AcDbVertex
100
AcDb2dVertex
 10
1050
 20
-235
 70
0
  0
SEQEND
  5
7AF
100
AcDbEntity
  8
0
  0
POLYLINE
  5
7B4
330
1F
100
AcDbEntity
  8
0
 62
0
100
AcDb2dPolyline
 66
1
 70
1
 10
0
 20
0
 30
0
210
0
220
0
230
1
  0
VERTEX
  5
7B6
330
7B4
100
AcDbEntity
  8
0
 62
0
100
AcDbVertex
100
AcDb2dVertex
 10
1050
 20
-215
 70
0
  0
VERTEX
  5
7B7
330
7B4
100
AcDbEntity
  8
0
 62
0
100
AcDbVertex
100
AcDb2dVertex
 10
1060
 20
-215
 70
0
  0
VERTEX
  5
7B8
330
7B4
100
AcDbEntity
  8
0
 62
0
100
AcDbVertex
100
AcDb2dVertex
 10
1060
 20
-225
 70
0
  0
VERTEX
  5
7B9
330
7B4
100
AcDbEntity
  8
0
 62
0
100
AcDbVertex
100
AcDb2dVertex
 10
1050
 20
-225
 70
0
  0
SEQEND
  5
7B5
100
AcDbEntity
  8
0
  0
POLYLINE
  5
7BA
330
1F
100
AcDbEntity
  8
0
 62
0
100
AcDb2dPolyline
 66
1
 70
1
 10
0
 20
0
 30
0
210
0
220
0
230
1
  0
VERTEX
  5
7BC
330
7BA
100
AcDbEntity
  8
0
 62
0
100
AcDbVertex
100
AcDb2dVertex
 10
1050
 20
-205
 70
0
  0
VERTEX
  5
7BD
330
7BA
100
AcDbEntity
  8
0
 62
0
100
AcDbVertex
100
AcDb2dVertex
 10
1060
 20
-205
 70
0
  0
VERTEX
  5
7BE
330
7BA
100
AcDbEntity
  8
0
 62
0
100
AcDbVertex
100
AcDb2dVertex
 10
1060
 20
-215
 70
0
  0
VERTEX
  5
7BF
330
7BA
100
AcDbEntity
  8
0
 62
0
100
AcDbVertex
100
AcDb2dVertex
 10
1050
 20
-215
 70
0
  0
SEQEND
  5
7BB
100
AcDbEntity
  8
0
  0
POLYLINE
  5
7C0
330
1F
100
AcDbEntity
  8
0
 62
0
100
AcDb2dPolyline
 66
1
 70
1
 10
0
 20
0
 30
0
210
0
220
0
230
1
  0
VERTEX
  5
7C2
330
7C0
100
AcDbEntity
  8
0
 62
0
100
AcDbVertex
100
AcDb2dVertex
 10
1050
 20
-195
 70
0
  0
VERTEX
  5
7C3
330
7C0
100
AcDbEntity
  8
0
 62
0
100
AcDbVertex
100
AcDb2dVertex
 10
1060
 20
-195
 70
0
  0
VERTEX
  5
7C4
330
7C0
100
AcDbEntity
  8
0
 62
0
100
AcDbVertex
100
AcDb2dVertex
 10
1060
 20
-205
 70
0
  0
VERTEX
  5
7C5
330
7C0
100
AcDbEntity
  8
0
 62
0
100
AcDbVertex
100
AcDb2dVertex
 10
1050
 20
-205
 70
0
  0
SEQEND
  5
7C1
100
AcDbEntity
  8
0
  0
POLYLINE
  5
7C6
330
1F
100
AcDbEntity
  8
0
 62
0
100
AcDb2dPolyline
 66
1
 70
1
 10
0
 20
0
 30
0
210
0
220
0
230
1
  0
VERTEX
  5
7C8
330
7C6
100
AcDbEntity
  8
0
 62
0
100
AcDbVertex
100
AcDb2dVertex
 10
1050
 20
-185
 70
0
  0
VERTEX
  5
7C9
330
7C6
100
AcDbEntity
  8
0
 62
0
100
AcDbVertex
100
AcDb2dVertex
 10
1060
 20
-185
 70
0
  0
VERTEX
  5
7CA
330
7C6
100
AcDbEntity
  8
0
 62
0
100
AcDbVertex
100
AcDb2dVertex
 10
1060
 20
-195
 70
0
  0
VERTEX
  5
7CB
330
7C6
100
AcDbEntity
  8
0
 62
0
100
AcDbVertex
100
AcDb2dVertex
 10
1050
 20
-195
 70
0
  0
SEQEND
  5
7C7
100
AcDbEntity
  8
0
  0
MTEXT
  5
7CC
330
1F
100
AcDbEntity
  8
0
100
AcDbMText
 10
1067
 20
-229
 30
0
 11
1
 21
0
 31
0
 40
5
 41
0
  1
PCRx Audio
  7
Standard
 71
1
 72
5
210
0
220
0
230
1
  0
TEXT
  5
7CD
330
1F
100
AcDbEntity
  8
0
100
AcDbText
 10
1066.5
 20
-190.3662109375
 30
0
 40
4
  1

  7
Standard
100
AcDbText
  0
TEXT
  5
7CE
330
1F
100
AcDbEntity
  8
0
100
AcDbText
 10
1066.5
 20
-200.3662109375
 30
0
 40
4
  1

  7
Standard
100
AcDbText
  0
TEXT
  5
7CF
330
1F
100
AcDbEntity
  8
0
100
AcDbText
 10
1066.5
 20
-210.3662109375
 30
0
 40
4
  1

  7
Standard
100
AcDbText
  0
TEXT
  5
7D0
330
1F
100
AcDbEntity
  8
0
100
AcDbText
 10
1066.5
 20
-220.3662109375
 30
0
 40
4
  1

  7
Standard
100
AcDbText
  0
TEXT
  5
7D1
330
1F
100
AcDbEntity
  8
0
100
AcDbText
 10
1066.5
 20
-230.3662109375
 30
0
 40
4
  1

  7
Standard
100
AcDbText
  0
TEXT
  5
7D2
330
1F
100
AcDbEntity
  8
0
100
AcDbText
 10
1066.5
 20
-240.3662109375
 30
0
 40
4
  1

  7
Standard
100
AcDbText
  0
TEXT
  5
7D3
330
1F
100
AcDbEntity
  8
0
100
AcDbText
 10
1066.5
 20
-250.3662109375
 30
0
 40
4
  1

  7
Standard
100
AcDbText
  0
TEXT
  5
7D4
330
1F
100
AcDbEntity
  8
0
100
AcDbText
 10
1066.5
 20
-260.3662109375
 30
0
 40
4
  1

  7
Standard
100
AcDbText
  0
TEXT
  5
7D5
330
1F
100
AcDbEntity
  8
0
100
AcDbText
 10
1066.5
 20
-270.3662109375
 30
0
 40
4
  1

  7
Standard
100
AcDbText
  0
TEXT
  5
7D6
330
1F
100
AcDbEntity
  8
0
100
AcDbText
 10
1066.5
 20
-280.3662109375
 30
0
 40
4
  1

  7
Standard
100
AcDbText
  0
POLYLINE
  5
7D7
330
1F
100
AcDbEntity
  8
0
 62
1
100
AcDb2dPolyline
 66
1
 70
1
 10
0
 20
0
 30
0
210
0
220
0
230
1
  0
VERTEX
  5
7D9
330
7D7
100
AcDbEntity
  8
0
 62
1
100
AcDbVertex
100
AcDb2dVertex
 10
1255.9998779296875
 20
-262
 70
0
  0
VERTEX
  5
7DA
330
7D7
100
AcDbEntity
  8
0
 62
1
100
AcDbVertex
100
AcDb2dVertex
 10
1258.2091064453125
 20
-261.99996948242188
 70
0
  0
VERTEX
  5
7DB
330
7D7
100
AcDbEntity
  8
0
 62
1
100
AcDbVertex
100
AcDb2dVertex
 10
1259.9998779296875
 20
-263.79083251953125
 70
0
  0
VERTEX
  5
7DC
330
7D7
100
AcDbEntity
  8
0
 62
1
100
AcDbVertex
100
AcDb2dVertex
 10
1259.9998779296875
 20
-265.99996948242188
 70
0
  0
VERTEX
  5
7DD
330
7D7
100
AcDbEntity
  8
0
 62
1
100
AcDbVertex
100
AcDb2dVertex
 10
1259.9998779296875
 20
-265.99996948242188
 70
0
  0
VERTEX
  5
7DE
330
7D7
100
AcDbEntity
  8
0
 62
1
100
AcDbVertex
100
AcDb2dVertex
 10
1259.9998779296875
 20
-266
 70
0
  0
VERTEX
  5
7DF
330
7D7
100
AcDbEntity
  8
0
 62
1
100
AcDbVertex
100
AcDb2dVertex
 10
1259.9998779296875
 20
-266
 70
0
  0
VERTEX
  5
7E0
330
7D7
100
AcDbEntity
  8
0
 62
1
100
AcDbVertex
100
AcDb2dVertex
 10
1260
 20
-270
 70
0
  0
VERTEX
  5
7E1
330
7D7
100
AcDbEntity
  8
0
 62
1
100
AcDbVertex
100
AcDb2dVertex
 10
1260
 20
-292
 70
0
  0
VERTEX
  5
7E2
330
7D7
100
AcDbEntity
  8
0
 62
1
100
AcDbVertex
100
AcDb2dVertex
 10
1259.9998779296875
 20
-295.99996948242188
 70
0
  0
VERTEX
  5
7E3
330
7D7
100
AcDbEntity
  8
0
 62
1
100
AcDbVertex
100
AcDb2dVertex
 10
1259.9998779296875
 20
-298.20913696289063
 70
0
  0
VERTEX
  5
7E4
330
7D7
100
AcDbEntity
  8
0
 62
1
100
AcDbVertex
100
AcDb2dVertex
 10
1258.2091064453125
 20
-299.99996948242188
 70
0
  0
VERTEX
  5
7E5
330
7D7
100
AcDbEntity
  8
0
 62
1
100
AcDbVertex
100
AcDb2dVertex
 10
1256
 20
-299.99996948242188
 70
0
  0
VERTEX
  5
7E6
330
7D7
100
AcDbEntity
  8
0
 62
1
100
AcDbVertex
100
AcDb2dVertex
 10
1252
 20
-300
 70
0
  0
VERTEX
  5
7E7
330
7D7
100
AcDbEntity
  8
0
 62
1
100
AcDbVertex
100
AcDb2dVertex
 10
1158
 20
-300
 70
0
  0
VERTEX
  5
7E8
330
7D7
100
AcDbEntity
  8
0
 62
1
100
AcDbVertex
100
AcDb2dVertex
 10
1154
 20
-299.99996948242188
 70
0
  0
VERTEX
  5
7E9
330
7D7
100
AcDbEntity
  8
0
 62
1
100
AcDbVertex
100
AcDb2dVertex
 10
1151.790771484375
 20
-300
 70
0
  0
VERTEX
  5
7EA
330
7D7
100
AcDbEntity
  8
0
 62
1
100
AcDbVertex
100
AcDb2dVertex
 10
1150
 20
-298.20913696289063
 70
0
  0
VERTEX
  5
7EB
330
7D7
100
AcDbEntity
  8
0
 62
1
100
AcDbVertex
100
AcDb2dVertex
 10
1150
 20
-296
 70
0
  0
VERTEX
  5
7EC
330
7D7
100
AcDbEntity
  8
0
 62
1
100
AcDbVertex
100
AcDb2dVertex
 10
1150
 20
-292
 70
0
  0
VERTEX
  5
7ED
330
7D7
100
AcDbEntity
  8
0
 62
1
100
AcDbVertex
100
AcDb2dVertex
 10
1150
 20
-270
 70
0
  0
VERTEX
  5
7EE
330
7D7
100
AcDbEntity
  8
0
 62
1
100
AcDbVertex
100
AcDb2dVertex
 10
1149.9998779296875
 20
-266
 70
0
  0
VERTEX
  5
7EF
330
7D7
100
AcDbEntity
  8
0
 62
1
100
AcDbVertex
100
AcDb2dVertex
 10
1149.9998779296875
 20
-263.79086303710938
 70
0
  0
VERTEX
  5
7F0
330
7D7
100
AcDbEntity
  8
0
 62
1
100
AcDbVertex
100
AcDb2dVertex
 10
1151.790771484375
 20
-262
 70
0
  0
VERTEX
  5
7F1
330
7D7
100
AcDbEntity
  8
0
 62
1
100
AcDbVertex
100
AcDb2dVertex
 10
1153.9998779296875
 20
-261.99996948242188
 70
0
  0
SEQEND
  5
7D8
100
AcDbEntity
  8
0
  0
POLYLINE
  5
7F2
330
1F
100
AcDbEntity
  8
0
 62
0
100
AcDb2dPolyline
 66
1
 70
1
 10
0
 20
0
 30
0
210
0
220
0
230
1
  0
VERTEX
  5
7F4
330
7F2
100
AcDbEntity
  8
0
 62
0
100
AcDbVertex
100
AcDb2dVertex
 10
1245
 20
-301
 70
0
  0
VERTEX
  5
7F5
330
7F2
100
AcDbEntity
  8
0
 62
0
100
AcDbVertex
100
AcDb2dVertex
 10
1255
 20
-301
 70
0
  0
VERTEX
  5
7F6
330
7F2
100
AcDbEntity
  8
0
 62
0
100
AcDbVertex
100
AcDb2dVertex
 10
1255
 20
-311
 70
0
  0
VERTEX
  5
7F7
330
7F2
100
AcDbEntity
  8
0
 62
0
100
AcDbVertex
100
AcDb2dVertex
 10
1245
 20
-311
 70
0
  0
SEQEND
  5
7F3
100
AcDbEntity
  8
0
  0
POLYLINE
  5
7F8
330
1F
100
AcDbEntity
  8
0
 62
0
100
AcDb2dPolyline
 66
1
 70
1
 10
0
 20
0
 30
0
210
0
220
0
230
1
  0
VERTEX
  5
7FA
330
7F8
100
AcDbEntity
  8
0
 62
0
100
AcDbVertex
100
AcDb2dVertex
 10
1235
 20
-301
 70
0
  0
VERTEX
  5
7FB
330
7F8
100
AcDbEntity
  8
0
 62
0
100
AcDbVertex
100
AcDb2dVertex
 10
1245
 20
-301
 70
0
  0
VERTEX
  5
7FC
330
7F8
100
AcDbEntity
  8
0
 62
0
100
AcDbVertex
100
AcDb2dVertex
 10
1245
 20
-311
 70
0
  0
VERTEX
  5
7FD
330
7F8
100
AcDbEntity
  8
0
 62
0
100
AcDbVertex
100
AcDb2dVertex
 10
1235
 20
-311
 70
0
  0
SEQEND
  5
7F9
100
AcDbEntity
  8
0
  0
POLYLINE
  5
7FE
330
1F
100
AcDbEntity
  8
0
 62
0
100
AcDb2dPolyline
 66
1
 70
1
 10
0
 20
0
 30
0
210
0
220
0
230
1
  0
VERTEX
  5
800
330
7FE
100
AcDbEntity
  8
0
 62
0
100
AcDbVertex
100
AcDb2dVertex
 10
1225
 20
-301
 70
0
  0
VERTEX
  5
801
330
7FE
100
AcDbEntity
  8
0
 62
0
100
AcDbVertex
100
AcDb2dVertex
 10
1235
 20
-301
 70
0
  0
VERTEX
  5
802
330
7FE
100
AcDbEntity
  8
0
 62
0
100
AcDbVertex
100
AcDb2dVertex
 10
1235
 20
-311
 70
0
  0
VERTEX
  5
803
330
7FE
100
AcDbEntity
  8
0
 62
0
100
AcDbVertex
100
AcDb2dVertex
 10
1225
 20
-311
 70
0
  0
SEQEND
  5
7FF
100
AcDbEntity
  8
0
  0
POLYLINE
  5
804
330
1F
100
AcDbEntity
  8
0
 62
0
100
AcDb2dPolyline
 66
1
 70
1
 10
0
 20
0
 30
0
210
0
220
0
230
1
  0
VERTEX
  5
806
330
804
100
AcDbEntity
  8
0
 62
0
100
AcDbVertex
100
AcDb2dVertex
 10
1215
 20
-301
 70
0
  0
VERTEX
  5
807
330
804
100
AcDbEntity
  8
0
 62
0
100
AcDbVertex
100
AcDb2dVertex
 10
1225
 20
-301
 70
0
  0
VERTEX
  5
808
330
804
100
AcDbEntity
  8
0
 62
0
100
AcDbVertex
100
AcDb2dVertex
 10
1225
 20
-311
 70
0
  0
VERTEX
  5
809
330
804
100
AcDbEntity
  8
0
 62
0
100
AcDbVertex
100
AcDb2dVertex
 10
1215
 20
-311
 70
0
  0
SEQEND
  5
805
100
AcDbEntity
  8
0
  0
POLYLINE
  5
80A
330
1F
100
AcDbEntity
  8
0
 62
0
100
AcDb2dPolyline
 66
1
 70
1
 10
0
 20
0
 30
0
210
0
220
0
230
1
  0
VERTEX
  5
80C
330
80A
100
AcDbEntity
  8
0
 62
0
100
AcDbVertex
100
AcDb2dVertex
 10
1205
 20
-301
 70
0
  0
VERTEX
  5
80D
330
80A
100
AcDbEntity
  8
0
 62
0
100
AcDbVertex
100
AcDb2dVertex
 10
1215
 20
-301
 70
0
  0
VERTEX
  5
80E
330
80A
100
AcDbEntity
  8
0
 62
0
100
AcDbVertex
100
AcDb2dVertex
 10
1215
 20
-311
 70
0
  0
VERTEX
  5
80F
330
80A
100
AcDbEntity
  8
0
 62
0
100
AcDbVertex
100
AcDb2dVertex
 10
1205
 20
-311
 70
0
  0
SEQEND
  5
80B
100
AcDbEntity
  8
0
  0
POLYLINE
  5
810
330
1F
100
AcDbEntity
  8
0
 62
0
100
AcDb2dPolyline
 66
1
 70
1
 10
0
 20
0
 30
0
210
0
220
0
230
1
  0
VERTEX
  5
812
330
810
100
AcDbEntity
  8
0
 62
0
100
AcDbVertex
100
AcDb2dVertex
 10
1195
 20
-301
 70
0
  0
VERTEX
  5
813
330
810
100
AcDbEntity
  8
0
 62
0
100
AcDbVertex
100
AcDb2dVertex
 10
1205
 20
-301
 70
0
  0
VERTEX
  5
814
330
810
100
AcDbEntity
  8
0
 62
0
100
AcDbVertex
100
AcDb2dVertex
 10
1205
 20
-311
 70
0
  0
VERTEX
  5
815
330
810
100
AcDbEntity
  8
0
 62
0
100
AcDbVertex
100
AcDb2dVertex
 10
1195
 20
-311
 70
0
  0
SEQEND
  5
811
100
AcDbEntity
  8
0
  0
POLYLINE
  5
816
330
1F
100
AcDbEntity
  8
0
 62
0
100
AcDb2dPolyline
 66
1
 70
1
 10
0
 20
0
 30
0
210
0
220
0
230
1
  0
VERTEX
  5
818
330
816
100
AcDbEntity
  8
0
 62
0
100
AcDbVertex
100
AcDb2dVertex
 10
1185
 20
-301
 70
0
  0
VERTEX
  5
819
330
816
100
AcDbEntity
  8
0
 62
0
100
AcDbVertex
100
AcDb2dVertex
 10
1195
 20
-301
 70
0
  0
VERTEX
  5
81A
330
816
100
AcDbEntity
  8
0
 62
0
100
AcDbVertex
100
AcDb2dVertex
 10
1195
 20
-311
 70
0
  0
VERTEX
  5
81B
330
816
100
AcDbEntity
  8
0
 62
0
100
AcDbVertex
100
AcDb2dVertex
 10
1185
 20
-311
 70
0
  0
SEQEND
  5
817
100
AcDbEntity
  8
0
  0
POLYLINE
  5
81C
330
1F
100
AcDbEntity
  8
0
 62
0
100
AcDb2dPolyline
 66
1
 70
1
 10
0
 20
0
 30
0
210
0
220
0
230
1
  0
VERTEX
  5
81E
330
81C
100
AcDbEntity
  8
0
 62
0
100
AcDbVertex
100
AcDb2dVertex
 10
1175
 20
-301
 70
0
  0
VERTEX
  5
81F
330
81C
100
AcDbEntity
  8
0
 62
0
100
AcDbVertex
100
AcDb2dVertex
 10
1185
 20
-301
 70
0
  0
VERTEX
  5
820
330
81C
100
AcDbEntity
  8
0
 62
0
100
AcDbVertex
100
AcDb2dVertex
 10
1185
 20
-311
 70
0
  0
VERTEX
  5
821
330
81C
100
AcDbEntity
  8
0
 62
0
100
AcDbVertex
100
AcDb2dVertex
 10
1175
 20
-311
 70
0
  0
SEQEND
  5
81D
100
AcDbEntity
  8
0
  0
POLYLINE
  5
822
330
1F
100
AcDbEntity
  8
0
 62
0
100
AcDb2dPolyline
 66
1
 70
1
 10
0
 20
0
 30
0
210
0
220
0
230
1
  0
VERTEX
  5
824
330
822
100
AcDbEntity
  8
0
 62
0
100
AcDbVertex
100
AcDb2dVertex
 10
1165
 20
-301
 70
0
  0
VERTEX
  5
825
330
822
100
AcDbEntity
  8
0
 62
0
100
AcDbVertex
100
AcDb2dVertex
 10
1175
 20
-301
 70
0
  0
VERTEX
  5
826
330
822
100
AcDbEntity
  8
0
 62
0
100
AcDbVertex
100
AcDb2dVertex
 10
1175
 20
-311
 70
0
  0
VERTEX
  5
827
330
822
100
AcDbEntity
  8
0
 62
0
100
AcDbVertex
100
AcDb2dVertex
 10
1165
 20
-311
 70
0
  0
SEQEND
  5
823
100
AcDbEntity
  8
0
  0
POLYLINE
  5
828
330
1F
100
AcDbEntity
  8
0
 62
0
100
AcDb2dPolyline
 66
1
 70
1
 10
0
 20
0
 30
0
210
0
220
0
230
1
  0
VERTEX
  5
82A
330
828
100
AcDbEntity
  8
0
 62
0
100
AcDbVertex
100
AcDb2dVertex
 10
1155
 20
-301
 70
0
  0
VERTEX
  5
82B
330
828
100
AcDbEntity
  8
0
 62
0
100
AcDbVertex
100
AcDb2dVertex
 10
1165
 20
-301
 70
0
  0
VERTEX
  5
82C
330
828
100
AcDbEntity
  8
0
 62
0
100
AcDbVertex
100
AcDb2dVertex
 10
1165
 20
-311
 70
0
  0
VERTEX
  5
82D
330
828
100
AcDbEntity
  8
0
 62
0
100
AcDbVertex
100
AcDb2dVertex
 10
1155
 20
-311
 70
0
  0
SEQEND
  5
829
100
AcDbEntity
  8
0
  0
MTEXT
  5
82E
330
1F
100
AcDbEntity
  8
0
100
AcDbMText
 10
1176
 20
-269
 30
0
 11
1
 21
0
 31
0
 40
5
 41
0
  1
PCTx Logic\POffice
  7
Standard
 71
1
 72
5
210
0
220
0
230
1
  0
TEXT
  5
82F
330
1F
100
AcDbEntity
  8
0
100
AcDbText
 10
1160
 20
-294.6337890625
 30
0
 40
4
  1

 50
90
  7
Standard
100
AcDbText
  0
TEXT
  5
830
330
1F
100
AcDbEntity
  8
0
100
AcDbText
 10
1170
 20
-294.6337890625
 30
0
 40
4
  1

 50
90
  7
Standard
100
AcDbText
  0
TEXT
  5
831
330
1F
100
AcDbEntity
  8
0
100
AcDbText
 10
1180
 20
-294.6337890625
 30
0
 40
4
  1

 50
90
  7
Standard
100
AcDbText
  0
TEXT
  5
832
330
1F
100
AcDbEntity
  8
0
100
AcDbText
 10
1190
 20
-294.6337890625
 30
0
 40
4
  1

 50
90
  7
Standard
100
AcDbText
  0
TEXT
  5
833
330
1F
100
AcDbEntity
  8
0
100
AcDbText
 10
1200
 20
-294.6337890625
 30
0
 40
4
  1

 50
90
  7
Standard
100
AcDbText
  0
TEXT
  5
834
330
1F
100
AcDbEntity
  8
0
100
AcDbText
 10
1210
 20
-294.6337890625
 30
0
 40
4
  1

 50
90
  7
Standard
100
AcDbText
  0
TEXT
  5
835
330
1F
100
AcDbEntity
  8
0
100
AcDbText
 10
1220
 20
-294.6337890625
 30
0
 40
4
  1

 50
90
  7
Standard
100
AcDbText
  0
TEXT
  5
836
330
1F
100
AcDbEntity
  8
0
100
AcDbText
 10
1230
 20
-294.6337890625
 30
0
 40
4
  1

 50
90
  7
Standard
100
AcDbText
  0
TEXT
  5
837
330
1F
100
AcDbEntity
  8
0
100
AcDbText
 10
1240
 20
-294.6337890625
 30
0
 40
4
  1

 50
90
  7
Standard
100
AcDbText
  0
TEXT
  5
838
330
1F
100
AcDbEntity
  8
0
100
AcDbText
 10
1250
 20
-294.6337890625
 30
0
 40
4
  1

 50
90
  7
Standard
100
AcDbText
  0
POLYLINE
  5
839
330
1F
100
AcDbEntity
  8
0
 62
1
100
AcDb2dPolyline
 66
1
 70
1
 10
0
 20
0
 30
0
210
0
220
0
230
1
  0
VERTEX
  5
83B
330
839
100
AcDbEntity
  8
0
 62
1
100
AcDbVertex
100
AcDb2dVertex
 10
1055.9998779296875
 20
-260
 70
0
  0
VERTEX
  5
83C
330
839
100
AcDbEntity
  8
0
 62
1
100
AcDbVertex
100
AcDb2dVertex
 10
1058.2091064453125
 20
-259.99996948242188
 70
0
  0
VERTEX
  5
83D
330
839
100
AcDbEntity
  8
0
 62
1
100
AcDbVertex
100
AcDb2dVertex
 10
1059.9998779296875
 20
-261.79083251953125
 70
0
  0
VERTEX
  5
83E
330
839
100
AcDbEntity
  8
0
 62
1
100
AcDbVertex
100
AcDb2dVertex
 10
1059.9998779296875
 20
-263.99996948242188
 70
0
  0
VERTEX
  5
83F
330
839
100
AcDbEntity
  8
0
 62
1
100
AcDbVertex
100
AcDb2dVertex
 10
1059.9998779296875
 20
-263.99996948242188
 70
0
  0
VERTEX
  5
840
330
839
100
AcDbEntity
  8
0
 62
1
100
AcDbVertex
100
AcDb2dVertex
 10
1059.9998779296875
 20
-264
 70
0
  0
VERTEX
  5
841
330
839
100
AcDbEntity
  8
0
 62
1
100
AcDbVertex
100
AcDb2dVertex
 10
1059.9998779296875
 20
-264
 70
0
  0
VERTEX
  5
842
330
839
100
AcDbEntity
  8
0
 62
1
100
AcDbVertex
100
AcDb2dVertex
 10
1060
 20
-268
 70
0
  0
VERTEX
  5
843
330
839
100
AcDbEntity
  8
0
 62
1
100
AcDbVertex
100
AcDb2dVertex
 10
1060
 20
-402
 70
0
  0
VERTEX
  5
844
330
839
100
AcDbEntity
  8
0
 62
1
100
AcDbVertex
100
AcDb2dVertex
 10
1059.9998779296875
 20
-405.99996948242188
 70
0
  0
VERTEX
  5
845
330
839
100
AcDbEntity
  8
0
 62
1
100
AcDbVertex
100
AcDb2dVertex
 10
1059.9998779296875
 20
-408.20913696289063
 70
0
  0
VERTEX
  5
846
330
839
100
AcDbEntity
  8
0
 62
1
100
AcDbVertex
100
AcDb2dVertex
 10
1058.2091064453125
 20
-409.99996948242188
 70
0
  0
VERTEX
  5
847
330
839
100
AcDbEntity
  8
0
 62
1
100
AcDbVertex
100
AcDb2dVertex
 10
1056
 20
-409.99996948242188
 70
0
  0
VERTEX
  5
848
330
839
100
AcDbEntity
  8
0
 62
1
100
AcDbVertex
100
AcDb2dVertex
 10
1052
 20
-410
 70
0
  0
VERTEX
  5
849
330
839
100
AcDbEntity
  8
0
 62
1
100
AcDbVertex
100
AcDb2dVertex
 10
308
 20
-410
 70
0
  0
VERTEX
  5
84A
330
839
100
AcDbEntity
  8
0
 62
1
100
AcDbVertex
100
AcDb2dVertex
 10
304
 20
-409.99996948242188
 70
0
  0
VERTEX
  5
84B
330
839
100
AcDbEntity
  8
0
 62
1
100
AcDbVertex
100
AcDb2dVertex
 10
301.79086303710938
 20
-410
 70
0
  0
VERTEX
  5
84C
330
839
100
AcDbEntity
  8
0
 62
1
100
AcDbVertex
100
AcDb2dVertex
 10
300
 20
-408.20913696289063
 70
0
  0
VERTEX
  5
84D
330
839
100
AcDbEntity
  8
0
 62
1
100
AcDbVertex
100
AcDb2dVertex
 10
300
 20
-406
 70
0
  0
VERTEX
  5
84E
330
839
100
AcDbEntity
  8
0
 62
1
100
AcDbVertex
100
AcDb2dVertex
 10
300
 20
-402
 70
0
  0
VERTEX
  5
84F
330
839
100
AcDbEntity
  8
0
 62
1
100
AcDbVertex
100
AcDb2dVertex
 10
300
 20
-268
 70
0
  0
VERTEX
  5
850
330
839
100
AcDbEntity
  8
0
 62
1
100
AcDbVertex
100
AcDb2dVertex
 10
299.99996948242188
 20
-264
 70
0
  0
VERTEX
  5
851
330
839
100
AcDbEntity
  8
0
 62
1
100
AcDbVertex
100
AcDb2dVertex
 10
299.99996948242188
 20
-261.79086303710938
 70
0
  0
VERTEX
  5
852
330
839
100
AcDbEntity
  8
0
 62
1
100
AcDbVertex
100
AcDb2dVertex
 10
301.79083251953125
 20
-260
 70
0
  0
VERTEX
  5
853
330
839
100
AcDbEntity
  8
0
 62
1
100
AcDbVertex
100
AcDb2dVertex
 10
303.99996948242188
 20
-259.99996948242188
 70
0
  0
SEQEND
  5
83A
100
AcDbEntity
  8
0
  0
MTEXT
  5
854
330
1F
100
AcDbEntity
  8
0
100
AcDbMText
 10
304.72396850585938
 20
-255
 30
0
 11
1
 21
0
 31
0
 40
7
 41
0
  1
Hallways
  7
Standard
 71
1
 72
5
210
0
220
0
230
1
  0
POLYLINE
  5
855
330
1F
100
AcDbEntity
  8
0
 62
1
100
AcDb2dPolyline
 66
1
 70
1
 10
0
 20
0
 30
0
210
0
220
0
230
1
  0
VERTEX
  5
857
330
855
100
AcDbEntity
  8
0
 62
1
100
AcDbVertex
100
AcDb2dVertex
 10
368.99996948242188
 20
-290
 70
0
  0
VERTEX
  5
858
330
855
100
AcDbEntity
  8
0
 62
1
100
AcDbVertex
100
AcDb2dVertex
 10
371.2091064453125
 20
-289.99996948242188
 70
0
  0
VERTEX
  5
859
330
855
100
AcDbEntity
  8
0
 62
1
100
AcDbVertex
100
AcDb2dVertex
 10
372.99996948242188
 20
-291.79083251953125
 70
0
  0
VERTEX
  5
85A
330
855
100
AcDbEntity
  8
0
 62
1
100
AcDbVertex
100
AcDb2dVertex
 10
372.99996948242188
 20
-293.99996948242188
 70
0
  0
VERTEX
  5
85B
330
855
100
AcDbEntity
  8
0
 62
1
100
AcDbVertex
100
AcDb2dVertex
 10
372.99996948242188
 20
-293.99996948242188
 70
0
  0
VERTEX
  5
85C
330
855
100
AcDbEntity
  8
0
 62
1
100
AcDbVertex
100
AcDb2dVertex
 10
372.99996948242188
 20
-294
 70
0
  0
VERTEX
  5
85D
330
855
100
AcDbEntity
  8
0
 62
1
100
AcDbVertex
100
AcDb2dVertex
 10
372.99996948242188
 20
-294
 70
0
  0
VERTEX
  5
85E
330
855
100
AcDbEntity
  8
0
 62
1
100
AcDbVertex
100
AcDb2dVertex
 10
373
 20
-298
 70
0
  0
VERTEX
  5
85F
330
855
100
AcDbEntity
  8
0
 62
1
100
AcDbVertex
100
AcDb2dVertex
 10
373
 20
-392
 70
0
  0
VERTEX
  5
860
330
855
100
AcDbEntity
  8
0
 62
1
100
AcDbVertex
100
AcDb2dVertex
 10
372.99996948242188
 20
-395.99996948242188
 70
0
  0
VERTEX
  5
861
330
855
100
AcDbEntity
  8
0
 62
1
100
AcDbVertex
100
AcDb2dVertex
 10
372.99996948242188
 20
-398.20913696289063
 70
0
  0
VERTEX
  5
862
330
855
100
AcDbEntity
  8
0
 62
1
100
AcDbVertex
100
AcDb2dVertex
 10
371.20913696289063
 20
-399.99996948242188
 70
0
  0
VERTEX
  5
863
330
855
100
AcDbEntity
  8
0
 62
1
100
AcDbVertex
100
AcDb2dVertex
 10
369
 20
-399.99996948242188
 70
0
  0
VERTEX
  5
864
330
855
100
AcDbEntity
  8
0
 62
1
100
AcDbVertex
100
AcDb2dVertex
 10
365
 20
-400
 70
0
  0
VERTEX
  5
865
330
855
100
AcDbEntity
  8
0
 62
1
100
AcDbVertex
100
AcDb2dVertex
 10
308
 20
-400
 70
0
  0
VERTEX
  5
866
330
855
100
AcDbEntity
  8
0
 62
1
100
AcDbVertex
100
AcDb2dVertex
 10
304
 20
-399.99996948242188
 70
0
  0
VERTEX
  5
867
330
855
100
AcDbEntity
  8
0
 62
1
100
AcDbVertex
100
AcDb2dVertex
 10
301.79086303710938
 20
-400
 70
0
  0
VERTEX
  5
868
330
855
100
AcDbEntity
  8
0
 62
1
100
AcDbVertex
100
AcDb2dVertex
 10
300
 20
-398.20913696289063
 70
0
  0
VERTEX
  5
869
330
855
100
AcDbEntity
  8
0
 62
1
100
AcDbVertex
100
AcDb2dVertex
 10
300
 20
-396
 70
0
  0
VERTEX
  5
86A
330
855
100
AcDbEntity
  8
0
 62
1
100
AcDbVertex
100
AcDb2dVertex
 10
300
 20
-392
 70
0
  0
VERTEX
  5
86B
330
855
100
AcDbEntity
  8
0
 62
1
100
AcDbVertex
100
AcDb2dVertex
 10
300
 20
-298
 70
0
  0
VERTEX
  5
86C
330
855
100
AcDbEntity
  8
0
 62
1
100
AcDbVertex
100
AcDb2dVertex
 10
299.99996948242188
 20
-294
 70
0
  0
VERTEX
  5
86D
330
855
100
AcDbEntity
  8
0
 62
1
100
AcDbVertex
100
AcDb2dVertex
 10
299.99996948242188
 20
-291.79086303710938
 70
0
  0
VERTEX
  5
86E
330
855
100
AcDbEntity
  8
0
 62
1
100
AcDbVertex
100
AcDb2dVertex
 10
301.79083251953125
 20
-290
 70
0
  0
VERTEX
  5
86F
330
855
100
AcDbEntity
  8
0
 62
1
100
AcDbVertex
100
AcDb2dVertex
 10
303.99996948242188
 20
-289.99996948242188
 70
0
  0
SEQEND
  5
856
100
AcDbEntity
  8
0
  0
POLYLINE
  5
870
330
1F
100
AcDbEntity
  8
0
 62
0
100
AcDb2dPolyline
 66
1
 70
1
 10
0
 20
0
 30
0
210
0
220
0
230
1
  0
VERTEX
  5
872
330
870
100
AcDbEntity
  8
0
 62
0
100
AcDbVertex
100
AcDb2dVertex
 10
290
 20
-385
 70
0
  0
VERTEX
  5
873
330
870
100
AcDbEntity
  8
0
 62
0
100
AcDbVertex
100
AcDb2dVertex
 10
300
 20
-385
 70
0
  0
VERTEX
  5
874
330
870
100
AcDbEntity
  8
0
 62
0
100
AcDbVertex
100
AcDb2dVertex
 10
300
 20
-395
 70
0
  0
VERTEX
  5
875
330
870
100
AcDbEntity
  8
0
 62
0
100
AcDbVertex
100
AcDb2dVertex
 10
290
 20
-395
 70
0
  0
SEQEND
  5
871
100
AcDbEntity
  8
0
  0
POLYLINE
  5
876
330
1F
100
AcDbEntity
  8
0
 62
0
100
AcDb2dPolyline
 66
1
 70
1
 10
0
 20
0
 30
0
210
0
220
0
230
1
  0
VERTEX
  5
878
330
876
100
AcDbEntity
  8
0
 62
0
100
AcDbVertex
100
AcDb2dVertex
 10
290
 20
-375
 70
0
  0
VERTEX
  5
879
330
876
100
AcDbEntity
  8
0
 62
0
100
AcDbVertex
100
AcDb2dVertex
 10
300
 20
-375
 70
0
  0
VERTEX
  5
87A
330
876
100
AcDbEntity
  8
0
 62
0
100
AcDbVertex
100
AcDb2dVertex
 10
300
 20
-385
 70
0
  0
VERTEX
  5
87B
330
876
100
AcDbEntity
  8
0
 62
0
100
AcDbVertex
100
AcDb2dVertex
 10
290
 20
-385
 70
0
  0
SEQEND
  5
877
100
AcDbEntity
  8
0
  0
POLYLINE
  5
87C
330
1F
100
AcDbEntity
  8
0
 62
0
100
AcDb2dPolyline
 66
1
 70
1
 10
0
 20
0
 30
0
210
0
220
0
230
1
  0
VERTEX
  5
87E
330
87C
100
AcDbEntity
  8
0
 62
0
100
AcDbVertex
100
AcDb2dVertex
 10
290
 20
-365
 70
0
  0
VERTEX
  5
87F
330
87C
100
AcDbEntity
  8
0
 62
0
100
AcDbVertex
100
AcDb2dVertex
 10
300
 20
-365
 70
0
  0
VERTEX
  5
880
330
87C
100
AcDbEntity
  8
0
 62
0
100
AcDbVertex
100
AcDb2dVertex
 10
300
 20
-375
 70
0
  0
VERTEX
  5
881
330
87C
100
AcDbEntity
  8
0
 62
0
100
AcDbVertex
100
AcDb2dVertex
 10
290
 20
-375
 70
0
  0
SEQEND
  5
87D
100
AcDbEntity
  8
0
  0
POLYLINE
  5
882
330
1F
100
AcDbEntity
  8
0
 62
0
100
AcDb2dPolyline
 66
1
 70
1
 10
0
 20
0
 30
0
210
0
220
0
230
1
  0
VERTEX
  5
884
330
882
100
AcDbEntity
  8
0
 62
0
100
AcDbVertex
100
AcDb2dVertex
 10
290
 20
-355
 70
0
  0
VERTEX
  5
885
330
882
100
AcDbEntity
  8
0
 62
0
100
AcDbVertex
100
AcDb2dVertex
 10
300
 20
-355
 70
0
  0
VERTEX
  5
886
330
882
100
AcDbEntity
  8
0
 62
0
100
AcDbVertex
100
AcDb2dVertex
 10
300
 20
-365
 70
0
  0
VERTEX
  5
887
330
882
100
AcDbEntity
  8
0
 62
0
100
AcDbVertex
100
AcDb2dVertex
 10
290
 20
-365
 70
0
  0
SEQEND
  5
883
100
AcDbEntity
  8
0
  0
POLYLINE
  5
888
330
1F
100
AcDbEntity
  8
0
 62
0
100
AcDb2dPolyline
 66
1
 70
1
 10
0
 20
0
 30
0
210
0
220
0
230
1
  0
VERTEX
  5
88A
330
888
100
AcDbEntity
  8
0
 62
0
100
AcDbVertex
100
AcDb2dVertex
 10
290
 20
-345
 70
0
  0
VERTEX
  5
88B
330
888
100
AcDbEntity
  8
0
 62
0
100
AcDbVertex
100
AcDb2dVertex
 10
300
 20
-345
 70
0
  0
VERTEX
  5
88C
330
888
100
AcDbEntity
  8
0
 62
0
100
AcDbVertex
100
AcDb2dVertex
 10
300
 20
-355
 70
0
  0
VERTEX
  5
88D
330
888
100
AcDbEntity
  8
0
 62
0
100
AcDbVertex
100
AcDb2dVertex
 10
290
 20
-355
 70
0
  0
SEQEND
  5
889
100
AcDbEntity
  8
0
  0
POLYLINE
  5
88E
330
1F
100
AcDbEntity
  8
0
 62
0
100
AcDb2dPolyline
 66
1
 70
1
 10
0
 20
0
 30
0
210
0
220
0
230
1
  0
VERTEX
  5
890
330
88E
100
AcDbEntity
  8
0
 62
0
100
AcDbVertex
100
AcDb2dVertex
 10
290
 20
-335
 70
0
  0
VERTEX
  5
891
330
88E
100
AcDbEntity
  8
0
 62
0
100
AcDbVertex
100
AcDb2dVertex
 10
300
 20
-335
 70
0
  0
VERTEX
  5
892
330
88E
100
AcDbEntity
  8
0
 62
0
100
AcDbVertex
100
AcDb2dVertex
 10
300
 20
-345
 70
0
  0
VERTEX
  5
893
330
88E
100
AcDbEntity
  8
0
 62
0
100
AcDbVertex
100
AcDb2dVertex
 10
290
 20
-345
 70
0
  0
SEQEND
  5
88F
100
AcDbEntity
  8
0
  0
POLYLINE
  5
894
330
1F
100
AcDbEntity
  8
0
 62
0
100
AcDb2dPolyline
 66
1
 70
1
 10
0
 20
0
 30
0
210
0
220
0
230
1
  0
VERTEX
  5
896
330
894
100
AcDbEntity
  8
0
 62
0
100
AcDbVertex
100
AcDb2dVertex
 10
290
 20
-325
 70
0
  0
VERTEX
  5
897
330
894
100
AcDbEntity
  8
0
 62
0
100
AcDbVertex
100
AcDb2dVertex
 10
300
 20
-325
 70
0
  0
VERTEX
  5
898
330
894
100
AcDbEntity
  8
0
 62
0
100
AcDbVertex
100
AcDb2dVertex
 10
300
 20
-335
 70
0
  0
VERTEX
  5
899
330
894
100
AcDbEntity
  8
0
 62
0
100
AcDbVertex
100
AcDb2dVertex
 10
290
 20
-335
 70
0
  0
SEQEND
  5
895
100
AcDbEntity
  8
0
  0
POLYLINE
  5
89A
330
1F
100
AcDbEntity
  8
0
 62
0
100
AcDb2dPolyline
 66
1
 70
1
 10
0
 20
0
 30
0
210
0
220
0
230
1
  0
VERTEX
  5
89C
330
89A
100
AcDbEntity
  8
0
 62
0
100
AcDbVertex
100
AcDb2dVertex
 10
290
 20
-315
 70
0
  0
VERTEX
  5
89D
330
89A
100
AcDbEntity
  8
0
 62
0
100
AcDbVertex
100
AcDb2dVertex
 10
300
 20
-315
 70
0
  0
VERTEX
  5
89E
330
89A
100
AcDbEntity
  8
0
 62
0
100
AcDbVertex
100
AcDb2dVertex
 10
300
 20
-325
 70
0
  0
VERTEX
  5
89F
330
89A
100
AcDbEntity
  8
0
 62
0
100
AcDbVertex
100
AcDb2dVertex
 10
290
 20
-325
 70
0
  0
SEQEND
  5
89B
100
AcDbEntity
  8
0
  0
POLYLINE
  5
8A0
330
1F
100
AcDbEntity
  8
0
 62
0
100
AcDb2dPolyline
 66
1
 70
1
 10
0
 20
0
 30
0
210
0
220
0
230
1
  0
VERTEX
  5
8A2
330
8A0
100
AcDbEntity
  8
0
 62
0
100
AcDbVertex
100
AcDb2dVertex
 10
290
 20
-305
 70
0
  0
VERTEX
  5
8A3
330
8A0
100
AcDbEntity
  8
0
 62
0
100
AcDbVertex
100
AcDb2dVertex
 10
300
 20
-305
 70
0
  0
VERTEX
  5
8A4
330
8A0
100
AcDbEntity
  8
0
 62
0
100
AcDbVertex
100
AcDb2dVertex
 10
300
 20
-315
 70
0
  0
VERTEX
  5
8A5
330
8A0
100
AcDbEntity
  8
0
 62
0
100
AcDbVertex
100
AcDb2dVertex
 10
290
 20
-315
 70
0
  0
SEQEND
  5
8A1
100
AcDbEntity
  8
0
  0
POLYLINE
  5
8A6
330
1F
100
AcDbEntity
  8
0
 62
0
100
AcDb2dPolyline
 66
1
 70
1
 10
0
 20
0
 30
0
210
0
220
0
230
1
  0
VERTEX
  5
8A8
330
8A6
100
AcDbEntity
  8
0
 62
0
100
AcDbVertex
100
AcDb2dVertex
 10
290
 20
-295
 70
0
  0
VERTEX
  5
8A9
330
8A6
100
AcDbEntity
  8
0
 62
0
100
AcDbVertex
100
AcDb2dVertex
 10
300
 20
-295
 70
0
  0
VERTEX
  5
8AA
330
8A6
100
AcDbEntity
  8
0
 62
0
100
AcDbVertex
100
AcDb2dVertex
 10
300
 20
-305
 70
0
  0
VERTEX
  5
8AB
330
8A6
100
AcDbEntity
  8
0
 62
0
100
AcDbVertex
100
AcDb2dVertex
 10
290
 20
-305
 70
0
  0
SEQEND
  5
8A7
100
AcDbEntity
  8
0
  0
MTEXT
  5
8AC
330
1F
100
AcDbEntity
  8
0
100
AcDbMText
 10
307
 20
-339
 30
0
 11
1
 21
0
 31
0
 40
5
 41
0
  1
PCRx Audio
  7
Standard
 71
1
 72
5
210
0
220
0
230
1
  0
TEXT
  5
8AD
330
1F
100
AcDbEntity
  8
0
100
AcDbText
 10
306.5
 20
-300.3662109375
 30
0
 40
4
  1

  7
Standard
100
AcDbText
  0
TEXT
  5
8AE
330
1F
100
AcDbEntity
  8
0
100
AcDbText
 10
306.5
 20
-310.3662109375
 30
0
 40
4
  1

  7
Standard
100
AcDbText
  0
TEXT
  5
8AF
330
1F
100
AcDbEntity
  8
0
100
AcDbText
 10
306.5
 20
-320.3662109375
 30
0
 40
4
  1

  7
Standard
100
AcDbText
  0
TEXT
  5
8B0
330
1F
100
AcDbEntity
  8
0
100
AcDbText
 10
306.5
 20
-330.3662109375
 30
0
 40
4
  1

  7
Standard
100
AcDbText
  0
TEXT
  5
8B1
330
1F
100
AcDbEntity
  8
0
100
AcDbText
 10
306.5
 20
-340.3662109375
 30
0
 40
4
  1

  7
Standard
100
AcDbText
  0
TEXT
  5
8B2
330
1F
100
AcDbEntity
  8
0
100
AcDbText
 10
306.5
 20
-350.3662109375
 30
0
 40
4
  1

  7
Standard
100
AcDbText
  0
TEXT
  5
8B3
330
1F
100
AcDbEntity
  8
0
100
AcDbText
 10
306.5
 20
-360.3662109375
 30
0
 40
4
  1

  7
Standard
100
AcDbText
  0
TEXT
  5
8B4
330
1F
100
AcDbEntity
  8
0
100
AcDbText
 10
306.5
 20
-370.3662109375
 30
0
 40
4
  1

  7
Standard
100
AcDbText
  0
TEXT
  5
8B5
330
1F
100
AcDbEntity
  8
0
100
AcDbText
 10
306.5
 20
-380.3662109375
 30
0
 40
4
  1

  7
Standard
100
AcDbText
  0
TEXT
  5
8B6
330
1F
100
AcDbEntity
  8
0
100
AcDbText
 10
306.5
 20
-390.3662109375
 30
0
 40
4
  1

  7
Standard
100
AcDbText
  0
POLYLINE
  5
8B7
330
1F
100
AcDbEntity
  8
0
 62
1
100
AcDb2dPolyline
 66
1
 70
1
 10
0
 20
0
 30
0
210
0
220
0
230
1
  0
VERTEX
  5
8B9
330
8B7
100
AcDbEntity
  8
0
 62
1
100
AcDbVertex
100
AcDb2dVertex
 10
495.99996948242188
 20
-372
 70
0
  0
VERTEX
  5
8BA
330
8B7
100
AcDbEntity
  8
0
 62
1
100
AcDbVertex
100
AcDb2dVertex
 10
498.2091064453125
 20
-371.99996948242188
 70
0
  0
VERTEX
  5
8BB
330
8B7
100
AcDbEntity
  8
0
 62
1
100
AcDbVertex
100
AcDb2dVertex
 10
499.99996948242188
 20
-373.79083251953125
 70
0
  0
VERTEX
  5
8BC
330
8B7
100
AcDbEntity
  8
0
 62
1
100
AcDbVertex
100
AcDb2dVertex
 10
499.99996948242188
 20
-375.99996948242188
 70
0
  0
VERTEX
  5
8BD
330
8B7
100
AcDbEntity
  8
0
 62
1
100
AcDbVertex
100
AcDb2dVertex
 10
499.99996948242188
 20
-375.99996948242188
 70
0
  0
VERTEX
  5
8BE
330
8B7
100
AcDbEntity
  8
0
 62
1
100
AcDbVertex
100
AcDb2dVertex
 10
499.99996948242188
 20
-376
 70
0
  0
VERTEX
  5
8BF
330
8B7
100
AcDbEntity
  8
0
 62
1
100
AcDbVertex
100
AcDb2dVertex
 10
499.99996948242188
 20
-376
 70
0
  0
VERTEX
  5
8C0
330
8B7
100
AcDbEntity
  8
0
 62
1
100
AcDbVertex
100
AcDb2dVertex
 10
500
 20
-380
 70
0
  0
VERTEX
  5
8C1
330
8B7
100
AcDbEntity
  8
0
 62
1
100
AcDbVertex
100
AcDb2dVertex
 10
500
 20
-402
 70
0
  0
VERTEX
  5
8C2
330
8B7
100
AcDbEntity
  8
0
 62
1
100
AcDbVertex
100
AcDb2dVertex
 10
499.99996948242188
 20
-405.99996948242188
 70
0
  0
VERTEX
  5
8C3
330
8B7
100
AcDbEntity
  8
0
 62
1
100
AcDbVertex
100
AcDb2dVertex
 10
499.99996948242188
 20
-408.20913696289063
 70
0
  0
VERTEX
  5
8C4
330
8B7
100
AcDbEntity
  8
0
 62
1
100
AcDbVertex
100
AcDb2dVertex
 10
498.20913696289063
 20
-409.99996948242188
 70
0
  0
VERTEX
  5
8C5
330
8B7
100
AcDbEntity
  8
0
 62
1
100
AcDbVertex
100
AcDb2dVertex
 10
496
 20
-409.99996948242188
 70
0
  0
VERTEX
  5
8C6
330
8B7
100
AcDbEntity
  8
0
 62
1
100
AcDbVertex
100
AcDb2dVertex
 10
492
 20
-410
 70
0
  0
VERTEX
  5
8C7
330
8B7
100
AcDbEntity
  8
0
 62
1
100
AcDbVertex
100
AcDb2dVertex
 10
398
 20
-410
 70
0
  0
VERTEX
  5
8C8
330
8B7
100
AcDbEntity
  8
0
 62
1
100
AcDbVertex
100
AcDb2dVertex
 10
394
 20
-409.99996948242188
 70
0
  0
VERTEX
  5
8C9
330
8B7
100
AcDbEntity
  8
0
 62
1
100
AcDbVertex
100
AcDb2dVertex
 10
391.79086303710938
 20
-410
 70
0
  0
VERTEX
  5
8CA
330
8B7
100
AcDbEntity
  8
0
 62
1
100
AcDbVertex
100
AcDb2dVertex
 10
390
 20
-408.20913696289063
 70
0
  0
VERTEX
  5
8CB
330
8B7
100
AcDbEntity
  8
0
 62
1
100
AcDbVertex
100
AcDb2dVertex
 10
390
 20
-406
 70
0
  0
VERTEX
  5
8CC
330
8B7
100
AcDbEntity
  8
0
 62
1
100
AcDbVertex
100
AcDb2dVertex
 10
390
 20
-402
 70
0
  0
VERTEX
  5
8CD
330
8B7
100
AcDbEntity
  8
0
 62
1
100
AcDbVertex
100
AcDb2dVertex
 10
390
 20
-380
 70
0
  0
VERTEX
  5
8CE
330
8B7
100
AcDbEntity
  8
0
 62
1
100
AcDbVertex
100
AcDb2dVertex
 10
389.99996948242188
 20
-376
 70
0
  0
VERTEX
  5
8CF
330
8B7
100
AcDbEntity
  8
0
 62
1
100
AcDbVertex
100
AcDb2dVertex
 10
389.99996948242188
 20
-373.79086303710938
 70
0
  0
VERTEX
  5
8D0
330
8B7
100
AcDbEntity
  8
0
 62
1
100
AcDbVertex
100
AcDb2dVertex
 10
391.79083251953125
 20
-372
 70
0
  0
VERTEX
  5
8D1
330
8B7
100
AcDbEntity
  8
0
 62
1
100
AcDbVertex
100
AcDb2dVertex
 10
393.99996948242188
 20
-371.99996948242188
 70
0
  0
SEQEND
  5
8B8
100
AcDbEntity
  8
0
  0
POLYLINE
  5
8D2
330
1F
100
AcDbEntity
  8
0
 62
0
100
AcDb2dPolyline
 66
1
 70
1
 10
0
 20
0
 30
0
210
0
220
0
230
1
  0
VERTEX
  5
8D4
330
8D2
100
AcDbEntity
  8
0
 62
0
100
AcDbVertex
100
AcDb2dVertex
 10
485
 20
-411
 70
0
  0
VERTEX
  5
8D5
330
8D2
100
AcDbEntity
  8
0
 62
0
100
AcDbVertex
100
AcDb2dVertex
 10
495
 20
-411
 70
0
  0
VERTEX
  5
8D6
330
8D2
100
AcDbEntity
  8
0
 62
0
100
AcDbVertex
100
AcDb2dVertex
 10
495
 20
-421
 70
0
  0
VERTEX
  5
8D7
330
8D2
100
AcDbEntity
  8
0
 62
0
100
AcDbVertex
100
AcDb2dVertex
 10
485
 20
-421
 70
0
  0
SEQEND
  5
8D3
100
AcDbEntity
  8
0
  0
POLYLINE
  5
8D8
330
1F
100
AcDbEntity
  8
0
 62
0
100
AcDb2dPolyline
 66
1
 70
1
 10
0
 20
0
 30
0
210
0
220
0
230
1
  0
VERTEX
  5
8DA
330
8D8
100
AcDbEntity
  8
0
 62
0
100
AcDbVertex
100
AcDb2dVertex
 10
475
 20
-411
 70
0
  0
VERTEX
  5
8DB
330
8D8
100
AcDbEntity
  8
0
 62
0
100
AcDbVertex
100
AcDb2dVertex
 10
485
 20
-411
 70
0
  0
VERTEX
  5
8DC
330
8D8
100
AcDbEntity
  8
0
 62
0
100
AcDbVertex
100
AcDb2dVertex
 10
485
 20
-421
 70
0
  0
VERTEX
  5
8DD
330
8D8
100
AcDbEntity
  8
0
 62
0
100
AcDbVertex
100
AcDb2dVertex
 10
475
 20
-421
 70
0
  0
SEQEND
  5
8D9
100
AcDbEntity
  8
0
  0
POLYLINE
  5
8DE
330
1F
100
AcDbEntity
  8
0
 62
0
100
AcDb2dPolyline
 66
1
 70
1
 10
0
 20
0
 30
0
210
0
220
0
230
1
  0
VERTEX
  5
8E0
330
8DE
100
AcDbEntity
  8
0
 62
0
100
AcDbVertex
100
AcDb2dVertex
 10
465
 20
-411
 70
0
  0
VERTEX
  5
8E1
330
8DE
100
AcDbEntity
  8
0
 62
0
100
AcDbVertex
100
AcDb2dVertex
 10
475
 20
-411
 70
0
  0
VERTEX
  5
8E2
330
8DE
100
AcDbEntity
  8
0
 62
0
100
AcDbVertex
100
AcDb2dVertex
 10
475
 20
-421
 70
0
  0
VERTEX
  5
8E3
330
8DE
100
AcDbEntity
  8
0
 62
0
100
AcDbVertex
100
AcDb2dVertex
 10
465
 20
-421
 70
0
  0
SEQEND
  5
8DF
100
AcDbEntity
  8
0
  0
POLYLINE
  5
8E4
330
1F
100
AcDbEntity
  8
0
 62
0
100
AcDb2dPolyline
 66
1
 70
1
 10
0
 20
0
 30
0
210
0
220
0
230
1
  0
VERTEX
  5
8E6
330
8E4
100
AcDbEntity
  8
0
 62
0
100
AcDbVertex
100
AcDb2dVertex
 10
455
 20
-411
 70
0
  0
VERTEX
  5
8E7
330
8E4
100
AcDbEntity
  8
0
 62
0
100
AcDbVertex
100
AcDb2dVertex
 10
465
 20
-411
 70
0
  0
VERTEX
  5
8E8
330
8E4
100
AcDbEntity
  8
0
 62
0
100
AcDbVertex
100
AcDb2dVertex
 10
465
 20
-421
 70
0
  0
VERTEX
  5
8E9
330
8E4
100
AcDbEntity
  8
0
 62
0
100
AcDbVertex
100
AcDb2dVertex
 10
455
 20
-421
 70
0
  0
SEQEND
  5
8E5
100
AcDbEntity
  8
0
  0
POLYLINE
  5
8EA
330
1F
100
AcDbEntity
  8
0
 62
0
100
AcDb2dPolyline
 66
1
 70
1
 10
0
 20
0
 30
0
210
0
220
0
230
1
  0
VERTEX
  5
8EC
330
8EA
100
AcDbEntity
  8
0
 62
0
100
AcDbVertex
100
AcDb2dVertex
 10
445
 20
-411
 70
0
  0
VERTEX
  5
8ED
330
8EA
100
AcDbEntity
  8
0
 62
0
100
AcDbVertex
100
AcDb2dVertex
 10
455
 20
-411
 70
0
  0
VERTEX
  5
8EE
330
8EA
100
AcDbEntity
  8
0
 62
0
100
AcDbVertex
100
AcDb2dVertex
 10
455
 20
-421
 70
0
  0
VERTEX
  5
8EF
330
8EA
100
AcDbEntity
  8
0
 62
0
100
AcDbVertex
100
AcDb2dVertex
 10
445
 20
-421
 70
0
  0
SEQEND
  5
8EB
100
AcDbEntity
  8
0
  0
POLYLINE
  5
8F0
330
1F
100
AcDbEntity
  8
0
 62
0
100
AcDb2dPolyline
 66
1
 70
1
 10
0
 20
0
 30
0
210
0
220
0
230
1
  0
VERTEX
  5
8F2
330
8F0
100
AcDbEntity
  8
0
 62
0
100
AcDbVertex
100
AcDb2dVertex
 10
435
 20
-411
 70
0
  0
VERTEX
  5
8F3
330
8F0
100
AcDbEntity
  8
0
 62
0
100
AcDbVertex
100
AcDb2dVertex
 10
445
 20
-411
 70
0
  0
VERTEX
  5
8F4
330
8F0
100
AcDbEntity
  8
0
 62
0
100
AcDbVertex
100
AcDb2dVertex
 10
445
 20
-421
 70
0
  0
VERTEX
  5
8F5
330
8F0
100
AcDbEntity
  8
0
 62
0
100
AcDbVertex
100
AcDb2dVertex
 10
435
 20
-421
 70
0
  0
SEQEND
  5
8F1
100
AcDbEntity
  8
0
  0
POLYLINE
  5
8F6
330
1F
100
AcDbEntity
  8
0
 62
0
100
AcDb2dPolyline
 66
1
 70
1
 10
0
 20
0
 30
0
210
0
220
0
230
1
  0
VERTEX
  5
8F8
330
8F6
100
AcDbEntity
  8
0
 62
0
100
AcDbVertex
100
AcDb2dVertex
 10
425
 20
-411
 70
0
  0
VERTEX
  5
8F9
330
8F6
100
AcDbEntity
  8
0
 62
0
100
AcDbVertex
100
AcDb2dVertex
 10
435
 20
-411
 70
0
  0
VERTEX
  5
8FA
330
8F6
100
AcDbEntity
  8
0
 62
0
100
AcDbVertex
100
AcDb2dVertex
 10
435
 20
-421
 70
0
  0
VERTEX
  5
8FB
330
8F6
100
AcDbEntity
  8
0
 62
0
100
AcDbVertex
100
AcDb2dVertex
 10
425
 20
-421
 70
0
  0
SEQEND
  5
8F7
100
AcDbEntity
  8
0
  0
POLYLINE
  5
8FC
330
1F
100
AcDbEntity
  8
0
 62
0
100
AcDb2dPolyline
 66
1
 70
1
 10
0
 20
0
 30
0
210
0
220
0
230
1
  0
VERTEX
  5
8FE
330
8FC
100
AcDbEntity
  8
0
 62
0
100
AcDbVertex
100
AcDb2dVertex
 10
415
 20
-411
 70
0
  0
VERTEX
  5
8FF
330
8FC
100
AcDbEntity
  8
0
 62
0
100
AcDbVertex
100
AcDb2dVertex
 10
425
 20
-411
 70
0
  0
VERTEX
  5
900
330
8FC
100
AcDbEntity
  8
0
 62
0
100
AcDbVertex
100
AcDb2dVertex
 10
425
 20
-421
 70
0
  0
VERTEX
  5
901
330
8FC
100
AcDbEntity
  8
0
 62
0
100
AcDbVertex
100
AcDb2dVertex
 10
415
 20
-421
 70
0
  0
SEQEND
  5
8FD
100
AcDbEntity
  8
0
  0
POLYLINE
  5
902
330
1F
100
AcDbEntity
  8
0
 62
0
100
AcDb2dPolyline
 66
1
 70
1
 10
0
 20
0
 30
0
210
0
220
0
230
1
  0
VERTEX
  5
904
330
902
100
AcDbEntity
  8
0
 62
0
100
AcDbVertex
100
AcDb2dVertex
 10
405
 20
-411
 70
0
  0
VERTEX
  5
905
330
902
100
AcDbEntity
  8
0
 62
0
100
AcDbVertex
100
AcDb2dVertex
 10
415
 20
-411
 70
0
  0
VERTEX
  5
906
330
902
100
AcDbEntity
  8
0
 62
0
100
AcDbVertex
100
AcDb2dVertex
 10
415
 20
-421
 70
0
  0
VERTEX
  5
907
330
902
100
AcDbEntity
  8
0
 62
0
100
AcDbVertex
100
AcDb2dVertex
 10
405
 20
-421
 70
0
  0
SEQEND
  5
903
100
AcDbEntity
  8
0
  0
POLYLINE
  5
908
330
1F
100
AcDbEntity
  8
0
 62
0
100
AcDb2dPolyline
 66
1
 70
1
 10
0
 20
0
 30
0
210
0
220
0
230
1
  0
VERTEX
  5
90A
330
908
100
AcDbEntity
  8
0
 62
0
100
AcDbVertex
100
AcDb2dVertex
 10
395
 20
-411
 70
0
  0
VERTEX
  5
90B
330
908
100
AcDbEntity
  8
0
 62
0
100
AcDbVertex
100
AcDb2dVertex
 10
405
 20
-411
 70
0
  0
VERTEX
  5
90C
330
908
100
AcDbEntity
  8
0
 62
0
100
AcDbVertex
100
AcDb2dVertex
 10
405
 20
-421
 70
0
  0
VERTEX
  5
90D
330
908
100
AcDbEntity
  8
0
 62
0
100
AcDbVertex
100
AcDb2dVertex
 10
395
 20
-421
 70
0
  0
SEQEND
  5
909
100
AcDbEntity
  8
0
  0
MTEXT
  5
90E
330
1F
100
AcDbEntity
  8
0
100
AcDbMText
 10
416
 20
-379
 30
0
 11
1
 21
0
 31
0
 40
5
 41
0
  1
PCTx Logic\PAll Hall
  7
Standard
 71
1
 72
5
210
0
220
0
230
1
  0
TEXT
  5
90F
330
1F
100
AcDbEntity
  8
0
100
AcDbText
 10
400
 20
-404.6337890625
 30
0
 40
4
  1

 50
90
  7
Standard
100
AcDbText
  0
TEXT
  5
910
330
1F
100
AcDbEntity
  8
0
100
AcDbText
 10
410
 20
-404.6337890625
 30
0
 40
4
  1

 50
90
  7
Standard
100
AcDbText
  0
TEXT
  5
911
330
1F
100
AcDbEntity
  8
0
100
AcDbText
 10
420
 20
-404.6337890625
 30
0
 40
4
  1

 50
90
  7
Standard
100
AcDbText
  0
TEXT
  5
912
330
1F
100
AcDbEntity
  8
0
100
AcDbText
 10
430
 20
-404.6337890625
 30
0
 40
4
  1

 50
90
  7
Standard
100
AcDbText
  0
TEXT
  5
913
330
1F
100
AcDbEntity
  8
0
100
AcDbText
 10
440
 20
-404.6337890625
 30
0
 40
4
  1

 50
90
  7
Standard
100
AcDbText
  0
TEXT
  5
914
330
1F
100
AcDbEntity
  8
0
100
AcDbText
 10
450
 20
-404.6337890625
 30
0
 40
4
  1

 50
90
  7
Standard
100
AcDbText
  0
TEXT
  5
915
330
1F
100
AcDbEntity
  8
0
100
AcDbText
 10
460
 20
-404.6337890625
 30
0
 40
4
  1

 50
90
  7
Standard
100
AcDbText
  0
TEXT
  5
916
330
1F
100
AcDbEntity
  8
0
100
AcDbText
 10
470
 20
-404.6337890625
 30
0
 40
4
  1

 50
90
  7
Standard
100
AcDbText
  0
TEXT
  5
917
330
1F
100
AcDbEntity
  8
0
100
AcDbText
 10
480
 20
-404.6337890625
 30
0
 40
4
  1

 50
90
  7
Standard
100
AcDbText
  0
TEXT
  5
918
330
1F
100
AcDbEntity
  8
0
100
AcDbText
 10
490
 20
-404.6337890625
 30
0
 40
4
  1

 50
90
  7
Standard
100
AcDbText
  0
POLYLINE
  5
919
330
1F
100
AcDbEntity
  8
0
 62
1
100
AcDb2dPolyline
 66
1
 70
1
 10
0
 20
0
 30
0
210
0
220
0
230
1
  0
VERTEX
  5
91B
330
919
100
AcDbEntity
  8
0
 62
1
100
AcDbVertex
100
AcDb2dVertex
 10
605.99993896484375
 20
-372
 70
0
  0
VERTEX
  5
91C
330
919
100
AcDbEntity
  8
0
 62
1
100
AcDbVertex
100
AcDb2dVertex
 10
608.2091064453125
 20
-371.99996948242188
 70
0
  0
VERTEX
  5
91D
330
919
100
AcDbEntity
  8
0
 62
1
100
AcDbVertex
100
AcDb2dVertex
 10
609.99993896484375
 20
-373.79083251953125
 70
0
  0
VERTEX
  5
91E
330
919
100
AcDbEntity
  8
0
 62
1
100
AcDbVertex
100
AcDb2dVertex
 10
609.99993896484375
 20
-375.99996948242188
 70
0
  0
VERTEX
  5
91F
330
919
100
AcDbEntity
  8
0
 62
1
100
AcDbVertex
100
AcDb2dVertex
 10
609.99993896484375
 20
-375.99996948242188
 70
0
  0
VERTEX
  5
920
330
919
100
AcDbEntity
  8
0
 62
1
100
AcDbVertex
100
AcDb2dVertex
 10
609.99993896484375
 20
-376
 70
0
  0
VERTEX
  5
921
330
919
100
AcDbEntity
  8
0
 62
1
100
AcDbVertex
100
AcDb2dVertex
 10
609.99993896484375
 20
-376
 70
0
  0
VERTEX
  5
922
330
919
100
AcDbEntity
  8
0
 62
1
100
AcDbVertex
100
AcDb2dVertex
 10
610
 20
-380
 70
0
  0
VERTEX
  5
923
330
919
100
AcDbEntity
  8
0
 62
1
100
AcDbVertex
100
AcDb2dVertex
 10
610
 20
-402
 70
0
  0
VERTEX
  5
924
330
919
100
AcDbEntity
  8
0
 62
1
100
AcDbVertex
100
AcDb2dVertex
 10
609.99993896484375
 20
-405.99996948242188
 70
0
  0
VERTEX
  5
925
330
919
100
AcDbEntity
  8
0
 62
1
100
AcDbVertex
100
AcDb2dVertex
 10
609.99993896484375
 20
-408.20913696289063
 70
0
  0
VERTEX
  5
926
330
919
100
AcDbEntity
  8
0
 62
1
100
AcDbVertex
100
AcDb2dVertex
 10
608.2091064453125
 20
-409.99996948242188
 70
0
  0
VERTEX
  5
927
330
919
100
AcDbEntity
  8
0
 62
1
100
AcDbVertex
100
AcDb2dVertex
 10
606
 20
-409.99996948242188
 70
0
  0
VERTEX
  5
928
330
919
100
AcDbEntity
  8
0
 62
1
100
AcDbVertex
100
AcDb2dVertex
 10
602
 20
-410
 70
0
  0
VERTEX
  5
929
330
919
100
AcDbEntity
  8
0
 62
1
100
AcDbVertex
100
AcDb2dVertex
 10
518
 20
-410
 70
0
  0
VERTEX
  5
92A
330
919
100
AcDbEntity
  8
0
 62
1
100
AcDbVertex
100
AcDb2dVertex
 10
514
 20
-409.99996948242188
 70
0
  0
VERTEX
  5
92B
330
919
100
AcDbEntity
  8
0
 62
1
100
AcDbVertex
100
AcDb2dVertex
 10
511.79086303710938
 20
-410
 70
0
  0
VERTEX
  5
92C
330
919
100
AcDbEntity
  8
0
 62
1
100
AcDbVertex
100
AcDb2dVertex
 10
510
 20
-408.20913696289063
 70
0
  0
VERTEX
  5
92D
330
919
100
AcDbEntity
  8
0
 62
1
100
AcDbVertex
100
AcDb2dVertex
 10
510
 20
-406
 70
0
  0
VERTEX
  5
92E
330
919
100
AcDbEntity
  8
0
 62
1
100
AcDbVertex
100
AcDb2dVertex
 10
510
 20
-402
 70
0
  0
VERTEX
  5
92F
330
919
100
AcDbEntity
  8
0
 62
1
100
AcDbVertex
100
AcDb2dVertex
 10
510
 20
-380
 70
0
  0
VERTEX
  5
930
330
919
100
AcDbEntity
  8
0
 62
1
100
AcDbVertex
100
AcDb2dVertex
 10
509.99996948242188
 20
-376
 70
0
  0
VERTEX
  5
931
330
919
100
AcDbEntity
  8
0
 62
1
100
AcDbVertex
100
AcDb2dVertex
 10
509.99996948242188
 20
-373.79086303710938
 70
0
  0
VERTEX
  5
932
330
919
100
AcDbEntity
  8
0
 62
1
100
AcDbVertex
100
AcDb2dVertex
 10
511.79083251953125
 20
-372
 70
0
  0
VERTEX
  5
933
330
919
100
AcDbEntity
  8
0
 62
1
100
AcDbVertex
100
AcDb2dVertex
 10
513.99993896484375
 20
-371.99996948242188
 70
0
  0
SEQEND
  5
91A
100
AcDbEntity
  8
0
  0
POLYLINE
  5
934
330
1F
100
AcDbEntity
  8
0
 62
0
100
AcDb2dPolyline
 66
1
 70
1
 10
0
 20
0
 30
0
210
0
220
0
230
1
  0
VERTEX
  5
936
330
934
100
AcDbEntity
  8
0
 62
0
100
AcDbVertex
100
AcDb2dVertex
 10
595
 20
-411
 70
0
  0
VERTEX
  5
937
330
934
100
AcDbEntity
  8
0
 62
0
100
AcDbVertex
100
AcDb2dVertex
 10
605
 20
-411
 70
0
  0
VERTEX
  5
938
330
934
100
AcDbEntity
  8
0
 62
0
100
AcDbVertex
100
AcDb2dVertex
 10
605
 20
-421
 70
0
  0
VERTEX
  5
939
330
934
100
AcDbEntity
  8
0
 62
0
100
AcDbVertex
100
AcDb2dVertex
 10
595
 20
-421
 70
0
  0
SEQEND
  5
935
100
AcDbEntity
  8
0
  0
POLYLINE
  5
93A
330
1F
100
AcDbEntity
  8
0
 62
0
100
AcDb2dPolyline
 66
1
 70
1
 10
0
 20
0
 30
0
210
0
220
0
230
1
  0
VERTEX
  5
93C
330
93A
100
AcDbEntity
  8
0
 62
0
100
AcDbVertex
100
AcDb2dVertex
 10
585
 20
-411
 70
0
  0
VERTEX
  5
93D
330
93A
100
AcDbEntity
  8
0
 62
0
100
AcDbVertex
100
AcDb2dVertex
 10
595
 20
-411
 70
0
  0
VERTEX
  5
93E
330
93A
100
AcDbEntity
  8
0
 62
0
100
AcDbVertex
100
AcDb2dVertex
 10
595
 20
-421
 70
0
  0
VERTEX
  5
93F
330
93A
100
AcDbEntity
  8
0
 62
0
100
AcDbVertex
100
AcDb2dVertex
 10
585
 20
-421
 70
0
  0
SEQEND
  5
93B
100
AcDbEntity
  8
0
  0
POLYLINE
  5
940
330
1F
100
AcDbEntity
  8
0
 62
0
100
AcDb2dPolyline
 66
1
 70
1
 10
0
 20
0
 30
0
210
0
220
0
230
1
  0
VERTEX
  5
942
330
940
100
AcDbEntity
  8
0
 62
0
100
AcDbVertex
100
AcDb2dVertex
 10
575
 20
-411
 70
0
  0
VERTEX
  5
943
330
940
100
AcDbEntity
  8
0
 62
0
100
AcDbVertex
100
AcDb2dVertex
 10
585
 20
-411
 70
0
  0
VERTEX
  5
944
330
940
100
AcDbEntity
  8
0
 62
0
100
AcDbVertex
100
AcDb2dVertex
 10
585
 20
-421
 70
0
  0
VERTEX
  5
945
330
940
100
AcDbEntity
  8
0
 62
0
100
AcDbVertex
100
AcDb2dVertex
 10
575
 20
-421
 70
0
  0
SEQEND
  5
941
100
AcDbEntity
  8
0
  0
POLYLINE
  5
946
330
1F
100
AcDbEntity
  8
0
 62
0
100
AcDb2dPolyline
 66
1
 70
1
 10
0
 20
0
 30
0
210
0
220
0
230
1
  0
VERTEX
  5
948
330
946
100
AcDbEntity
  8
0
 62
0
100
AcDbVertex
100
AcDb2dVertex
 10
565
 20
-411
 70
0
  0
VERTEX
  5
949
330
946
100
AcDbEntity
  8
0
 62
0
100
AcDbVertex
100
AcDb2dVertex
 10
575
 20
-411
 70
0
  0
VERTEX
  5
94A
330
946
100
AcDbEntity
  8
0
 62
0
100
AcDbVertex
100
AcDb2dVertex
 10
575
 20
-421
 70
0
  0
VERTEX
  5
94B
330
946
100
AcDbEntity
  8
0
 62
0
100
AcDbVertex
100
AcDb2dVertex
 10
565
 20
-421
 70
0
  0
SEQEND
  5
947
100
AcDbEntity
  8
0
  0
POLYLINE
  5
94C
330
1F
100
AcDbEntity
  8
0
 62
0
100
AcDb2dPolyline
 66
1
 70
1
 10
0
 20
0
 30
0
210
0
220
0
230
1
  0
VERTEX
  5
94E
330
94C
100
AcDbEntity
  8
0
 62
0
100
AcDbVertex
100
AcDb2dVertex
 10
555
 20
-411
 70
0
  0
VERTEX
  5
94F
330
94C
100
AcDbEntity
  8
0
 62
0
100
AcDbVertex
100
AcDb2dVertex
 10
565
 20
-411
 70
0
  0
VERTEX
  5
950
330
94C
100
AcDbEntity
  8
0
 62
0
100
AcDbVertex
100
AcDb2dVertex
 10
565
 20
-421
 70
0
  0
VERTEX
  5
951
330
94C
100
AcDbEntity
  8
0
 62
0
100
AcDbVertex
100
AcDb2dVertex
 10
555
 20
-421
 70
0
  0
SEQEND
  5
94D
100
AcDbEntity
  8
0
  0
POLYLINE
  5
952
330
1F
100
AcDbEntity
  8
0
 62
0
100
AcDb2dPolyline
 66
1
 70
1
 10
0
 20
0
 30
0
210
0
220
0
230
1
  0
VERTEX
  5
954
330
952
100
AcDbEntity
  8
0
 62
0
100
AcDbVertex
100
AcDb2dVertex
 10
545
 20
-411
 70
0
  0
VERTEX
  5
955
330
952
100
AcDbEntity
  8
0
 62
0
100
AcDbVertex
100
AcDb2dVertex
 10
555
 20
-411
 70
0
  0
VERTEX
  5
956
330
952
100
AcDbEntity
  8
0
 62
0
100
AcDbVertex
100
AcDb2dVertex
 10
555
 20
-421
 70
0
  0
VERTEX
  5
957
330
952
100
AcDbEntity
  8
0
 62
0
100
AcDbVertex
100
AcDb2dVertex
 10
545
 20
-421
 70
0
  0
SEQEND
  5
953
100
AcDbEntity
  8
0
  0
POLYLINE
  5
958
330
1F
100
AcDbEntity
  8
0
 62
0
100
AcDb2dPolyline
 66
1
 70
1
 10
0
 20
0
 30
0
210
0
220
0
230
1
  0
VERTEX
  5
95A
330
958
100
AcDbEntity
  8
0
 62
0
100
AcDbVertex
100
AcDb2dVertex
 10
535
 20
-411
 70
0
  0
VERTEX
  5
95B
330
958
100
AcDbEntity
  8
0
 62
0
100
AcDbVertex
100
AcDb2dVertex
 10
545
 20
-411
 70
0
  0
VERTEX
  5
95C
330
958
100
AcDbEntity
  8
0
 62
0
100
AcDbVertex
100
AcDb2dVertex
 10
545
 20
-421
 70
0
  0
VERTEX
  5
95D
330
958
100
AcDbEntity
  8
0
 62
0
100
AcDbVertex
100
AcDb2dVertex
 10
535
 20
-421
 70
0
  0
SEQEND
  5
959
100
AcDbEntity
  8
0
  0
POLYLINE
  5
95E
330
1F
100
AcDbEntity
  8
0
 62
0
100
AcDb2dPolyline
 66
1
 70
1
 10
0
 20
0
 30
0
210
0
220
0
230
1
  0
VERTEX
  5
960
330
95E
100
AcDbEntity
  8
0
 62
0
100
AcDbVertex
100
AcDb2dVertex
 10
525
 20
-411
 70
0
  0
VERTEX
  5
961
330
95E
100
AcDbEntity
  8
0
 62
0
100
AcDbVertex
100
AcDb2dVertex
 10
535
 20
-411
 70
0
  0
VERTEX
  5
962
330
95E
100
AcDbEntity
  8
0
 62
0
100
AcDbVertex
100
AcDb2dVertex
 10
535
 20
-421
 70
0
  0
VERTEX
  5
963
330
95E
100
AcDbEntity
  8
0
 62
0
100
AcDbVertex
100
AcDb2dVertex
 10
525
 20
-421
 70
0
  0
SEQEND
  5
95F
100
AcDbEntity
  8
0
  0
POLYLINE
  5
964
330
1F
100
AcDbEntity
  8
0
 62
0
100
AcDb2dPolyline
 66
1
 70
1
 10
0
 20
0
 30
0
210
0
220
0
230
1
  0
VERTEX
  5
966
330
964
100
AcDbEntity
  8
0
 62
0
100
AcDbVertex
100
AcDb2dVertex
 10
515
 20
-411
 70
0
  0
VERTEX
  5
967
330
964
100
AcDbEntity
  8
0
 62
0
100
AcDbVertex
100
AcDb2dVertex
 10
525
 20
-411
 70
0
  0
VERTEX
  5
968
330
964
100
AcDbEntity
  8
0
 62
0
100
AcDbVertex
100
AcDb2dVertex
 10
525
 20
-421
 70
0
  0
VERTEX
  5
969
330
964
100
AcDbEntity
  8
0
 62
0
100
AcDbVertex
100
AcDb2dVertex
 10
515
 20
-421
 70
0
  0
SEQEND
  5
965
100
AcDbEntity
  8
0
  0
MTEXT
  5
96A
330
1F
100
AcDbEntity
  8
0
100
AcDbMText
 10
531
 20
-379
 30
0
 11
1
 21
0
 31
0
 40
5
 41
0
  1
PCTx Logic\PHall 101
  7
Standard
 71
1
 72
5
210
0
220
0
230
1
  0
TEXT
  5
96B
330
1F
100
AcDbEntity
  8
0
100
AcDbText
 10
520
 20
-404.6337890625
 30
0
 40
4
  1

 50
90
  7
Standard
100
AcDbText
  0
TEXT
  5
96C
330
1F
100
AcDbEntity
  8
0
100
AcDbText
 10
530
 20
-404.6337890625
 30
0
 40
4
  1

 50
90
  7
Standard
100
AcDbText
  0
TEXT
  5
96D
330
1F
100
AcDbEntity
  8
0
100
AcDbText
 10
540
 20
-404.6337890625
 30
0
 40
4
  1

 50
90
  7
Standard
100
AcDbText
  0
TEXT
  5
96E
330
1F
100
AcDbEntity
  8
0
100
AcDbText
 10
550
 20
-404.6337890625
 30
0
 40
4
  1

 50
90
  7
Standard
100
AcDbText
  0
TEXT
  5
96F
330
1F
100
AcDbEntity
  8
0
100
AcDbText
 10
560
 20
-404.6337890625
 30
0
 40
4
  1

 50
90
  7
Standard
100
AcDbText
  0
TEXT
  5
970
330
1F
100
AcDbEntity
  8
0
100
AcDbText
 10
570
 20
-404.6337890625
 30
0
 40
4
  1

 50
90
  7
Standard
100
AcDbText
  0
TEXT
  5
971
330
1F
100
AcDbEntity
  8
0
100
AcDbText
 10
580
 20
-404.6337890625
 30
0
 40
4
  1

 50
90
  7
Standard
100
AcDbText
  0
TEXT
  5
972
330
1F
100
AcDbEntity
  8
0
100
AcDbText
 10
590
 20
-404.6337890625
 30
0
 40
4
  1

 50
90
  7
Standard
100
AcDbText
  0
TEXT
  5
973
330
1F
100
AcDbEntity
  8
0
100
AcDbText
 10
600
 20
-404.6337890625
 30
0
 40
4
  1

 50
90
  7
Standard
100
AcDbText
  0
POLYLINE
  5
974
330
1F
100
AcDbEntity
  8
0
 62
1
100
AcDb2dPolyline
 66
1
 70
1
 10
0
 20
0
 30
0
210
0
220
0
230
1
  0
VERTEX
  5
976
330
974
100
AcDbEntity
  8
0
 62
1
100
AcDbVertex
100
AcDb2dVertex
 10
715.99993896484375
 20
-372
 70
0
  0
VERTEX
  5
977
330
974
100
AcDbEntity
  8
0
 62
1
100
AcDbVertex
100
AcDb2dVertex
 10
718.2091064453125
 20
-371.99996948242188
 70
0
  0
VERTEX
  5
978
330
974
100
AcDbEntity
  8
0
 62
1
100
AcDbVertex
100
AcDb2dVertex
 10
719.99993896484375
 20
-373.79083251953125
 70
0
  0
VERTEX
  5
979
330
974
100
AcDbEntity
  8
0
 62
1
100
AcDbVertex
100
AcDb2dVertex
 10
719.99993896484375
 20
-375.99996948242188
 70
0
  0
VERTEX
  5
97A
330
974
100
AcDbEntity
  8
0
 62
1
100
AcDbVertex
100
AcDb2dVertex
 10
719.99993896484375
 20
-375.99996948242188
 70
0
  0
VERTEX
  5
97B
330
974
100
AcDbEntity
  8
0
 62
1
100
AcDbVertex
100
AcDb2dVertex
 10
719.99993896484375
 20
-376
 70
0
  0
VERTEX
  5
97C
330
974
100
AcDbEntity
  8
0
 62
1
100
AcDbVertex
100
AcDb2dVertex
 10
719.99993896484375
 20
-376
 70
0
  0
VERTEX
  5
97D
330
974
100
AcDbEntity
  8
0
 62
1
100
AcDbVertex
100
AcDb2dVertex
 10
720
 20
-380
 70
0
  0
VERTEX
  5
97E
330
974
100
AcDbEntity
  8
0
 62
1
100
AcDbVertex
100
AcDb2dVertex
 10
720
 20
-402
 70
0
  0
VERTEX
  5
97F
330
974
100
AcDbEntity
  8
0
 62
1
100
AcDbVertex
100
AcDb2dVertex
 10
719.99993896484375
 20
-405.99996948242188
 70
0
  0
VERTEX
  5
980
330
974
100
AcDbEntity
  8
0
 62
1
100
AcDbVertex
100
AcDb2dVertex
 10
719.99993896484375
 20
-408.20913696289063
 70
0
  0
VERTEX
  5
981
330
974
100
AcDbEntity
  8
0
 62
1
100
AcDbVertex
100
AcDb2dVertex
 10
718.2091064453125
 20
-409.99996948242188
 70
0
  0
VERTEX
  5
982
330
974
100
AcDbEntity
  8
0
 62
1
100
AcDbVertex
100
AcDb2dVertex
 10
716
 20
-409.99996948242188
 70
0
  0
VERTEX
  5
983
330
974
100
AcDbEntity
  8
0
 62
1
100
AcDbVertex
100
AcDb2dVertex
 10
712
 20
-410
 70
0
  0
VERTEX
  5
984
330
974
100
AcDbEntity
  8
0
 62
1
100
AcDbVertex
100
AcDb2dVertex
 10
628
 20
-410
 70
0
  0
VERTEX
  5
985
330
974
100
AcDbEntity
  8
0
 62
1
100
AcDbVertex
100
AcDb2dVertex
 10
624
 20
-409.99996948242188
 70
0
  0
VERTEX
  5
986
330
974
100
AcDbEntity
  8
0
 62
1
100
AcDbVertex
100
AcDb2dVertex
 10
621.79083251953125
 20
-410
 70
0
  0
VERTEX
  5
987
330
974
100
AcDbEntity
  8
0
 62
1
100
AcDbVertex
100
AcDb2dVertex
 10
620
 20
-408.20913696289063
 70
0
  0
VERTEX
  5
988
330
974
100
AcDbEntity
  8
0
 62
1
100
AcDbVertex
100
AcDb2dVertex
 10
620
 20
-406
 70
0
  0
VERTEX
  5
989
330
974
100
AcDbEntity
  8
0
 62
1
100
AcDbVertex
100
AcDb2dVertex
 10
620
 20
-402
 70
0
  0
VERTEX
  5
98A
330
974
100
AcDbEntity
  8
0
 62
1
100
AcDbVertex
100
AcDb2dVertex
 10
620
 20
-380
 70
0
  0
VERTEX
  5
98B
330
974
100
AcDbEntity
  8
0
 62
1
100
AcDbVertex
100
AcDb2dVertex
 10
619.99993896484375
 20
-376
 70
0
  0
VERTEX
  5
98C
330
974
100
AcDbEntity
  8
0
 62
1
100
AcDbVertex
100
AcDb2dVertex
 10
619.99993896484375
 20
-373.79086303710938
 70
0
  0
VERTEX
  5
98D
330
974
100
AcDbEntity
  8
0
 62
1
100
AcDbVertex
100
AcDb2dVertex
 10
621.79083251953125
 20
-372
 70
0
  0
VERTEX
  5
98E
330
974
100
AcDbEntity
  8
0
 62
1
100
AcDbVertex
100
AcDb2dVertex
 10
623.99993896484375
 20
-371.99996948242188
 70
0
  0
SEQEND
  5
975
100
AcDbEntity
  8
0
  0
POLYLINE
  5
98F
330
1F
100
AcDbEntity
  8
0
 62
0
100
AcDb2dPolyline
 66
1
 70
1
 10
0
 20
0
 30
0
210
0
220
0
230
1
  0
VERTEX
  5
991
330
98F
100
AcDbEntity
  8
0
 62
0
100
AcDbVertex
100
AcDb2dVertex
 10
705
 20
-411
 70
0
  0
VERTEX
  5
992
330
98F
100
AcDbEntity
  8
0
 62
0
100
AcDbVertex
100
AcDb2dVertex
 10
715
 20
-411
 70
0
  0
VERTEX
  5
993
330
98F
100
AcDbEntity
  8
0
 62
0
100
AcDbVertex
100
AcDb2dVertex
 10
715
 20
-421
 70
0
  0
VERTEX
  5
994
330
98F
100
AcDbEntity
  8
0
 62
0
100
AcDbVertex
100
AcDb2dVertex
 10
705
 20
-421
 70
0
  0
SEQEND
  5
990
100
AcDbEntity
  8
0
  0
POLYLINE
  5
995
330
1F
100
AcDbEntity
  8
0
 62
0
100
AcDb2dPolyline
 66
1
 70
1
 10
0
 20
0
 30
0
210
0
220
0
230
1
  0
VERTEX
  5
997
330
995
100
AcDbEntity
  8
0
 62
0
100
AcDbVertex
100
AcDb2dVertex
 10
695
 20
-411
 70
0
  0
VERTEX
  5
998
330
995
100
AcDbEntity
  8
0
 62
0
100
AcDbVertex
100
AcDb2dVertex
 10
705
 20
-411
 70
0
  0
VERTEX
  5
999
330
995
100
AcDbEntity
  8
0
 62
0
100
AcDbVertex
100
AcDb2dVertex
 10
705
 20
-421
 70
0
  0
VERTEX
  5
99A
330
995
100
AcDbEntity
  8
0
 62
0
100
AcDbVertex
100
AcDb2dVertex
 10
695
 20
-421
 70
0
  0
SEQEND
  5
996
100
AcDbEntity
  8
0
  0
POLYLINE
  5
99B
330
1F
100
AcDbEntity
  8
0
 62
0
100
AcDb2dPolyline
 66
1
 70
1
 10
0
 20
0
 30
0
210
0
220
0
230
1
  0
VERTEX
  5
99D
330
99B
100
AcDbEntity
  8
0
 62
0
100
AcDbVertex
100
AcDb2dVertex
 10
685
 20
-411
 70
0
  0
VERTEX
  5
99E
330
99B
100
AcDbEntity
  8
0
 62
0
100
AcDbVertex
100
AcDb2dVertex
 10
695
 20
-411
 70
0
  0
VERTEX
  5
99F
330
99B
100
AcDbEntity
  8
0
 62
0
100
AcDbVertex
100
AcDb2dVertex
 10
695
 20
-421
 70
0
  0
VERTEX
  5
9A0
330
99B
100
AcDbEntity
  8
0
 62
0
100
AcDbVertex
100
AcDb2dVertex
 10
685
 20
-421
 70
0
  0
SEQEND
  5
99C
100
AcDbEntity
  8
0
  0
POLYLINE
  5
9A1
330
1F
100
AcDbEntity
  8
0
 62
0
100
AcDb2dPolyline
 66
1
 70
1
 10
0
 20
0
 30
0
210
0
220
0
230
1
  0
VERTEX
  5
9A3
330
9A1
100
AcDbEntity
  8
0
 62
0
100
AcDbVertex
100
AcDb2dVertex
 10
675
 20
-411
 70
0
  0
VERTEX
  5
9A4
330
9A1
100
AcDbEntity
  8
0
 62
0
100
AcDbVertex
100
AcDb2dVertex
 10
685
 20
-411
 70
0
  0
VERTEX
  5
9A5
330
9A1
100
AcDbEntity
  8
0
 62
0
100
AcDbVertex
100
AcDb2dVertex
 10
685
 20
-421
 70
0
  0
VERTEX
  5
9A6
330
9A1
100
AcDbEntity
  8
0
 62
0
100
AcDbVertex
100
AcDb2dVertex
 10
675
 20
-421
 70
0
  0
SEQEND
  5
9A2
100
AcDbEntity
  8
0
  0
POLYLINE
  5
9A7
330
1F
100
AcDbEntity
  8
0
 62
0
100
AcDb2dPolyline
 66
1
 70
1
 10
0
 20
0
 30
0
210
0
220
0
230
1
  0
VERTEX
  5
9A9
330
9A7
100
AcDbEntity
  8
0
 62
0
100
AcDbVertex
100
AcDb2dVertex
 10
665
 20
-411
 70
0
  0
VERTEX
  5
9AA
330
9A7
100
AcDbEntity
  8
0
 62
0
100
AcDbVertex
100
AcDb2dVertex
 10
675
 20
-411
 70
0
  0
VERTEX
  5
9AB
330
9A7
100
AcDbEntity
  8
0
 62
0
100
AcDbVertex
100
AcDb2dVertex
 10
675
 20
-421
 70
0
  0
VERTEX
  5
9AC
330
9A7
100
AcDbEntity
  8
0
 62
0
100
AcDbVertex
100
AcDb2dVertex
 10
665
 20
-421
 70
0
  0
SEQEND
  5
9A8
100
AcDbEntity
  8
0
  0
POLYLINE
  5
9AD
330
1F
100
AcDbEntity
  8
0
 62
0
100
AcDb2dPolyline
 66
1
 70
1
 10
0
 20
0
 30
0
210
0
220
0
230
1
  0
VERTEX
  5
9AF
330
9AD
100
AcDbEntity
  8
0
 62
0
100
AcDbVertex
100
AcDb2dVertex
 10
655
 20
-411
 70
0
  0
VERTEX
  5
9B0
330
9AD
100
AcDbEntity
  8
0
 62
0
100
AcDbVertex
100
AcDb2dVertex
 10
665
 20
-411
 70
0
  0
VERTEX
  5
9B1
330
9AD
100
AcDbEntity
  8
0
 62
0
100
AcDbVertex
100
AcDb2dVertex
 10
665
 20
-421
 70
0
  0
VERTEX
  5
9B2
330
9AD
100
AcDbEntity
  8
0
 62
0
100
AcDbVertex
100
AcDb2dVertex
 10
655
 20
-421
 70
0
  0
SEQEND
  5
9AE
100
AcDbEntity
  8
0
  0
POLYLINE
  5
9B3
330
1F
100
AcDbEntity
  8
0
 62
0
100
AcDb2dPolyline
 66
1
 70
1
 10
0
 20
0
 30
0
210
0
220
0
230
1
  0
VERTEX
  5
9B5
330
9B3
100
AcDbEntity
  8
0
 62
0
100
AcDbVertex
100
AcDb2dVertex
 10
645
 20
-411
 70
0
  0
VERTEX
  5
9B6
330
9B3
100
AcDbEntity
  8
0
 62
0
100
AcDbVertex
100
AcDb2dVertex
 10
655
 20
-411
 70
0
  0
VERTEX
  5
9B7
330
9B3
100
AcDbEntity
  8
0
 62
0
100
AcDbVertex
100
AcDb2dVertex
 10
655
 20
-421
 70
0
  0
VERTEX
  5
9B8
330
9B3
100
AcDbEntity
  8
0
 62
0
100
AcDbVertex
100
AcDb2dVertex
 10
645
 20
-421
 70
0
  0
SEQEND
  5
9B4
100
AcDbEntity
  8
0
  0
POLYLINE
  5
9B9
330
1F
100
AcDbEntity
  8
0
 62
0
100
AcDb2dPolyline
 66
1
 70
1
 10
0
 20
0
 30
0
210
0
220
0
230
1
  0
VERTEX
  5
9BB
330
9B9
100
AcDbEntity
  8
0
 62
0
100
AcDbVertex
100
AcDb2dVertex
 10
635
 20
-411
 70
0
  0
VERTEX
  5
9BC
330
9B9
100
AcDbEntity
  8
0
 62
0
100
AcDbVertex
100
AcDb2dVertex
 10
645
 20
-411
 70
0
  0
VERTEX
  5
9BD
330
9B9
100
AcDbEntity
  8
0
 62
0
100
AcDbVertex
100
AcDb2dVertex
 10
645
 20
-421
 70
0
  0
VERTEX
  5
9BE
330
9B9
100
AcDbEntity
  8
0
 62
0
100
AcDbVertex
100
AcDb2dVertex
 10
635
 20
-421
 70
0
  0
SEQEND
  5
9BA
100
AcDbEntity
  8
0
  0
POLYLINE
  5
9BF
330
1F
100
AcDbEntity
  8
0
 62
0
100
AcDb2dPolyline
 66
1
 70
1
 10
0
 20
0
 30
0
210
0
220
0
230
1
  0
VERTEX
  5
9C1
330
9BF
100
AcDbEntity
  8
0
 62
0
100
AcDbVertex
100
AcDb2dVertex
 10
625
 20
-411
 70
0
  0
VERTEX
  5
9C2
330
9BF
100
AcDbEntity
  8
0
 62
0
100
AcDbVertex
100
AcDb2dVertex
 10
635
 20
-411
 70
0
  0
VERTEX
  5
9C3
330
9BF
100
AcDbEntity
  8
0
 62
0
100
AcDbVertex
100
AcDb2dVertex
 10
635
 20
-421
 70
0
  0
VERTEX
  5
9C4
330
9BF
100
AcDbEntity
  8
0
 62
0
100
AcDbVertex
100
AcDb2dVertex
 10
625
 20
-421
 70
0
  0
SEQEND
  5
9C0
100
AcDbEntity
  8
0
  0
MTEXT
  5
9C5
330
1F
100
AcDbEntity
  8
0
100
AcDbMText
 10
641
 20
-379
 30
0
 11
1
 21
0
 31
0
 40
5
 41
0
  1
PCTx Logic\PHall 123
  7
Standard
 71
1
 72
5
210
0
220
0
230
1
  0
TEXT
  5
9C6
330
1F
100
AcDbEntity
  8
0
100
AcDbText
 10
630
 20
-404.6337890625
 30
0
 40
4
  1

 50
90
  7
Standard
100
AcDbText
  0
TEXT
  5
9C7
330
1F
100
AcDbEntity
  8
0
100
AcDbText
 10
640
 20
-404.6337890625
 30
0
 40
4
  1

 50
90
  7
Standard
100
AcDbText
  0
TEXT
  5
9C8
330
1F
100
AcDbEntity
  8
0
100
AcDbText
 10
650
 20
-404.6337890625
 30
0
 40
4
  1

 50
90
  7
Standard
100
AcDbText
  0
TEXT
  5
9C9
330
1F
100
AcDbEntity
  8
0
100
AcDbText
 10
660
 20
-404.6337890625
 30
0
 40
4
  1

 50
90
  7
Standard
100
AcDbText
  0
TEXT
  5
9CA
330
1F
100
AcDbEntity
  8
0
100
AcDbText
 10
670
 20
-404.6337890625
 30
0
 40
4
  1

 50
90
  7
Standard
100
AcDbText
  0
TEXT
  5
9CB
330
1F
100
AcDbEntity
  8
0
100
AcDbText
 10
680
 20
-404.6337890625
 30
0
 40
4
  1

 50
90
  7
Standard
100
AcDbText
  0
TEXT
  5
9CC
330
1F
100
AcDbEntity
  8
0
100
AcDbText
 10
690
 20
-404.6337890625
 30
0
 40
4
  1

 50
90
  7
Standard
100
AcDbText
  0
TEXT
  5
9CD
330
1F
100
AcDbEntity
  8
0
100
AcDbText
 10
700
 20
-404.6337890625
 30
0
 40
4
  1

 50
90
  7
Standard
100
AcDbText
  0
TEXT
  5
9CE
330
1F
100
AcDbEntity
  8
0
100
AcDbText
 10
710
 20
-404.6337890625
 30
0
 40
4
  1

 50
90
  7
Standard
100
AcDbText
  0
POLYLINE
  5
9CF
330
1F
100
AcDbEntity
  8
0
 62
1
100
AcDb2dPolyline
 66
1
 70
1
 10
0
 20
0
 30
0
210
0
220
0
230
1
  0
VERTEX
  5
9D1
330
9CF
100
AcDbEntity
  8
0
 62
1
100
AcDbVertex
100
AcDb2dVertex
 10
825.99993896484375
 20
-372
 70
0
  0
VERTEX
  5
9D2
330
9CF
100
AcDbEntity
  8
0
 62
1
100
AcDbVertex
100
AcDb2dVertex
 10
828.2091064453125
 20
-371.99996948242188
 70
0
  0
VERTEX
  5
9D3
330
9CF
100
AcDbEntity
  8
0
 62
1
100
AcDbVertex
100
AcDb2dVertex
 10
829.99993896484375
 20
-373.79083251953125
 70
0
  0
VERTEX
  5
9D4
330
9CF
100
AcDbEntity
  8
0
 62
1
100
AcDbVertex
100
AcDb2dVertex
 10
829.99993896484375
 20
-375.99996948242188
 70
0
  0
VERTEX
  5
9D5
330
9CF
100
AcDbEntity
  8
0
 62
1
100
AcDbVertex
100
AcDb2dVertex
 10
829.99993896484375
 20
-375.99996948242188
 70
0
  0
VERTEX
  5
9D6
330
9CF
100
AcDbEntity
  8
0
 62
1
100
AcDbVertex
100
AcDb2dVertex
 10
829.99993896484375
 20
-376
 70
0
  0
VERTEX
  5
9D7
330
9CF
100
AcDbEntity
  8
0
 62
1
100
AcDbVertex
100
AcDb2dVertex
 10
829.99993896484375
 20
-376
 70
0
  0
VERTEX
  5
9D8
330
9CF
100
AcDbEntity
  8
0
 62
1
100
AcDbVertex
100
AcDb2dVertex
 10
830
 20
-380
 70
0
  0
VERTEX
  5
9D9
330
9CF
100
AcDbEntity
  8
0
 62
1
100
AcDbVertex
100
AcDb2dVertex
 10
830
 20
-402
 70
0
  0
VERTEX
  5
9DA
330
9CF
100
AcDbEntity
  8
0
 62
1
100
AcDbVertex
100
AcDb2dVertex
 10
829.99993896484375
 20
-405.99996948242188
 70
0
  0
VERTEX
  5
9DB
330
9CF
100
AcDbEntity
  8
0
 62
1
100
AcDbVertex
100
AcDb2dVertex
 10
829.99993896484375
 20
-408.20913696289063
 70
0
  0
VERTEX
  5
9DC
330
9CF
100
AcDbEntity
  8
0
 62
1
100
AcDbVertex
100
AcDb2dVertex
 10
828.2091064453125
 20
-409.99996948242188
 70
0
  0
VERTEX
  5
9DD
330
9CF
100
AcDbEntity
  8
0
 62
1
100
AcDbVertex
100
AcDb2dVertex
 10
826
 20
-409.99996948242188
 70
0
  0
VERTEX
  5
9DE
330
9CF
100
AcDbEntity
  8
0
 62
1
100
AcDbVertex
100
AcDb2dVertex
 10
822
 20
-410
 70
0
  0
VERTEX
  5
9DF
330
9CF
100
AcDbEntity
  8
0
 62
1
100
AcDbVertex
100
AcDb2dVertex
 10
738
 20
-410
 70
0
  0
VERTEX
  5
9E0
330
9CF
100
AcDbEntity
  8
0
 62
1
100
AcDbVertex
100
AcDb2dVertex
 10
734
 20
-409.99996948242188
 70
0
  0
VERTEX
  5
9E1
330
9CF
100
AcDbEntity
  8
0
 62
1
100
AcDbVertex
100
AcDb2dVertex
 10
731.79083251953125
 20
-410
 70
0
  0
VERTEX
  5
9E2
330
9CF
100
AcDbEntity
  8
0
 62
1
100
AcDbVertex
100
AcDb2dVertex
 10
730
 20
-408.20913696289063
 70
0
  0
VERTEX
  5
9E3
330
9CF
100
AcDbEntity
  8
0
 62
1
100
AcDbVertex
100
AcDb2dVertex
 10
730
 20
-406
 70
0
  0
VERTEX
  5
9E4
330
9CF
100
AcDbEntity
  8
0
 62
1
100
AcDbVertex
100
AcDb2dVertex
 10
730
 20
-402
 70
0
  0
VERTEX
  5
9E5
330
9CF
100
AcDbEntity
  8
0
 62
1
100
AcDbVertex
100
AcDb2dVertex
 10
730
 20
-380
 70
0
  0
VERTEX
  5
9E6
330
9CF
100
AcDbEntity
  8
0
 62
1
100
AcDbVertex
100
AcDb2dVertex
 10
729.99993896484375
 20
-376
 70
0
  0
VERTEX
  5
9E7
330
9CF
100
AcDbEntity
  8
0
 62
1
100
AcDbVertex
100
AcDb2dVertex
 10
729.99993896484375
 20
-373.79086303710938
 70
0
  0
VERTEX
  5
9E8
330
9CF
100
AcDbEntity
  8
0
 62
1
100
AcDbVertex
100
AcDb2dVertex
 10
731.79083251953125
 20
-372
 70
0
  0
VERTEX
  5
9E9
330
9CF
100
AcDbEntity
  8
0
 62
1
100
AcDbVertex
100
AcDb2dVertex
 10
733.99993896484375
 20
-371.99996948242188
 70
0
  0
SEQEND
  5
9D0
100
AcDbEntity
  8
0
  0
POLYLINE
  5
9EA
330
1F
100
AcDbEntity
  8
0
 62
0
100
AcDb2dPolyline
 66
1
 70
1
 10
0
 20
0
 30
0
210
0
220
0
230
1
  0
VERTEX
  5
9EC
330
9EA
100
AcDbEntity
  8
0
 62
0
100
AcDbVertex
100
AcDb2dVertex
 10
815
 20
-411
 70
0
  0
VERTEX
  5
9ED
330
9EA
100
AcDbEntity
  8
0
 62
0
100
AcDbVertex
100
AcDb2dVertex
 10
825
 20
-411
 70
0
  0
VERTEX
  5
9EE
330
9EA
100
AcDbEntity
  8
0
 62
0
100
AcDbVertex
100
AcDb2dVertex
 10
825
 20
-421
 70
0
  0
VERTEX
  5
9EF
330
9EA
100
AcDbEntity
  8
0
 62
0
100
AcDbVertex
100
AcDb2dVertex
 10
815
 20
-421
 70
0
  0
SEQEND
  5
9EB
100
AcDbEntity
  8
0
  0
POLYLINE
  5
9F0
330
1F
100
AcDbEntity
  8
0
 62
0
100
AcDb2dPolyline
 66
1
 70
1
 10
0
 20
0
 30
0
210
0
220
0
230
1
  0
VERTEX
  5
9F2
330
9F0
100
AcDbEntity
  8
0
 62
0
100
AcDbVertex
100
AcDb2dVertex
 10
805
 20
-411
 70
0
  0
VERTEX
  5
9F3
330
9F0
100
AcDbEntity
  8
0
 62
0
100
AcDbVertex
100
AcDb2dVertex
 10
815
 20
-411
 70
0
  0
VERTEX
  5
9F4
330
9F0
100
AcDbEntity
  8
0
 62
0
100
AcDbVertex
100
AcDb2dVertex
 10
815
 20
-421
 70
0
  0
VERTEX
  5
9F5
330
9F0
100
AcDbEntity
  8
0
 62
0
100
AcDbVertex
100
AcDb2dVertex
 10
805
 20
-421
 70
0
  0
SEQEND
  5
9F1
100
AcDbEntity
  8
0
  0
POLYLINE
  5
9F6
330
1F
100
AcDbEntity
  8
0
 62
0
100
AcDb2dPolyline
 66
1
 70
1
 10
0
 20
0
 30
0
210
0
220
0
230
1
  0
VERTEX
  5
9F8
330
9F6
100
AcDbEntity
  8
0
 62
0
100
AcDbVertex
100
AcDb2dVertex
 10
795
 20
-411
 70
0
  0
VERTEX
  5
9F9
330
9F6
100
AcDbEntity
  8
0
 62
0
100
AcDbVertex
100
AcDb2dVertex
 10
805
 20
-411
 70
0
  0
VERTEX
  5
9FA
330
9F6
100
AcDbEntity
  8
0
 62
0
100
AcDbVertex
100
AcDb2dVertex
 10
805
 20
-421
 70
0
  0
VERTEX
  5
9FB
330
9F6
100
AcDbEntity
  8
0
 62
0
100
AcDbVertex
100
AcDb2dVertex
 10
795
 20
-421
 70
0
  0
SEQEND
  5
9F7
100
AcDbEntity
  8
0
  0
POLYLINE
  5
9FC
330
1F
100
AcDbEntity
  8
0
 62
0
100
AcDb2dPolyline
 66
1
 70
1
 10
0
 20
0
 30
0
210
0
220
0
230
1
  0
VERTEX
  5
9FE
330
9FC
100
AcDbEntity
  8
0
 62
0
100
AcDbVertex
100
AcDb2dVertex
 10
785
 20
-411
 70
0
  0
VERTEX
  5
9FF
330
9FC
100
AcDbEntity
  8
0
 62
0
100
AcDbVertex
100
AcDb2dVertex
 10
795
 20
-411
 70
0
  0
VERTEX
  5
A00
330
9FC
100
AcDbEntity
  8
0
 62
0
100
AcDbVertex
100
AcDb2dVertex
 10
795
 20
-421
 70
0
  0
VERTEX
  5
A01
330
9FC
100
AcDbEntity
  8
0
 62
0
100
AcDbVertex
100
AcDb2dVertex
 10
785
 20
-421
 70
0
  0
SEQEND
  5
9FD
100
AcDbEntity
  8
0
  0
POLYLINE
  5
A02
330
1F
100
AcDbEntity
  8
0
 62
0
100
AcDb2dPolyline
 66
1
 70
1
 10
0
 20
0
 30
0
210
0
220
0
230
1
  0
VERTEX
  5
A04
330
A02
100
AcDbEntity
  8
0
 62
0
100
AcDbVertex
100
AcDb2dVertex
 10
775
 20
-411
 70
0
  0
VERTEX
  5
A05
330
A02
100
AcDbEntity
  8
0
 62
0
100
AcDbVertex
100
AcDb2dVertex
 10
785
 20
-411
 70
0
  0
VERTEX
  5
A06
330
A02
100
AcDbEntity
  8
0
 62
0
100
AcDbVertex
100
AcDb2dVertex
 10
785
 20
-421
 70
0
  0
VERTEX
  5
A07
330
A02
100
AcDbEntity
  8
0
 62
0
100
AcDbVertex
100
AcDb2dVertex
 10
775
 20
-421
 70
0
  0
SEQEND
  5
A03
100
AcDbEntity
  8
0
  0
POLYLINE
  5
A08
330
1F
100
AcDbEntity
  8
0
 62
0
100
AcDb2dPolyline
 66
1
 70
1
 10
0
 20
0
 30
0
210
0
220
0
230
1
  0
VERTEX
  5
A0A
330
A08
100
AcDbEntity
  8
0
 62
0
100
AcDbVertex
100
AcDb2dVertex
 10
765
 20
-411
 70
0
  0
VERTEX
  5
A0B
330
A08
100
AcDbEntity
  8
0
 62
0
100
AcDbVertex
100
AcDb2dVertex
 10
775
 20
-411
 70
0
  0
VERTEX
  5
A0C
330
A08
100
AcDbEntity
  8
0
 62
0
100
AcDbVertex
100
AcDb2dVertex
 10
775
 20
-421
 70
0
  0
VERTEX
  5
A0D
330
A08
100
AcDbEntity
  8
0
 62
0
100
AcDbVertex
100
AcDb2dVertex
 10
765
 20
-421
 70
0
  0
SEQEND
  5
A09
100
AcDbEntity
  8
0
  0
POLYLINE
  5
A0E
330
1F
100
AcDbEntity
  8
0
 62
0
100
AcDb2dPolyline
 66
1
 70
1
 10
0
 20
0
 30
0
210
0
220
0
230
1
  0
VERTEX
  5
A10
330
A0E
100
AcDbEntity
  8
0
 62
0
100
AcDbVertex
100
AcDb2dVertex
 10
755
 20
-411
 70
0
  0
VERTEX
  5
A11
330
A0E
100
AcDbEntity
  8
0
 62
0
100
AcDbVertex
100
AcDb2dVertex
 10
765
 20
-411
 70
0
  0
VERTEX
  5
A12
330
A0E
100
AcDbEntity
  8
0
 62
0
100
AcDbVertex
100
AcDb2dVertex
 10
765
 20
-421
 70
0
  0
VERTEX
  5
A13
330
A0E
100
AcDbEntity
  8
0
 62
0
100
AcDbVertex
100
AcDb2dVertex
 10
755
 20
-421
 70
0
  0
SEQEND
  5
A0F
100
AcDbEntity
  8
0
  0
POLYLINE
  5
A14
330
1F
100
AcDbEntity
  8
0
 62
0
100
AcDb2dPolyline
 66
1
 70
1
 10
0
 20
0
 30
0
210
0
220
0
230
1
  0
VERTEX
  5
A16
330
A14
100
AcDbEntity
  8
0
 62
0
100
AcDbVertex
100
AcDb2dVertex
 10
745
 20
-411
 70
0
  0
VERTEX
  5
A17
330
A14
100
AcDbEntity
  8
0
 62
0
100
AcDbVertex
100
AcDb2dVertex
 10
755
 20
-411
 70
0
  0
VERTEX
  5
A18
330
A14
100
AcDbEntity
  8
0
 62
0
100
AcDbVertex
100
AcDb2dVertex
 10
755
 20
-421
 70
0
  0
VERTEX
  5
A19
330
A14
100
AcDbEntity
  8
0
 62
0
100
AcDbVertex
100
AcDb2dVertex
 10
745
 20
-421
 70
0
  0
SEQEND
  5
A15
100
AcDbEntity
  8
0
  0
POLYLINE
  5
A1A
330
1F
100
AcDbEntity
  8
0
 62
0
100
AcDb2dPolyline
 66
1
 70
1
 10
0
 20
0
 30
0
210
0
220
0
230
1
  0
VERTEX
  5
A1C
330
A1A
100
AcDbEntity
  8
0
 62
0
100
AcDbVertex
100
AcDb2dVertex
 10
735
 20
-411
 70
0
  0
VERTEX
  5
A1D
330
A1A
100
AcDbEntity
  8
0
 62
0
100
AcDbVertex
100
AcDb2dVertex
 10
745
 20
-411
 70
0
  0
VERTEX
  5
A1E
330
A1A
100
AcDbEntity
  8
0
 62
0
100
AcDbVertex
100
AcDb2dVertex
 10
745
 20
-421
 70
0
  0
VERTEX
  5
A1F
330
A1A
100
AcDbEntity
  8
0
 62
0
100
AcDbVertex
100
AcDb2dVertex
 10
735
 20
-421
 70
0
  0
SEQEND
  5
A1B
100
AcDbEntity
  8
0
  0
MTEXT
  5
A20
330
1F
100
AcDbEntity
  8
0
100
AcDbMText
 10
751
 20
-379
 30
0
 11
1
 21
0
 31
0
 40
5
 41
0
  1
PCTx Logic\PHall 131
  7
Standard
 71
1
 72
5
210
0
220
0
230
1
  0
TEXT
  5
A21
330
1F
100
AcDbEntity
  8
0
100
AcDbText
 10
740
 20
-404.6337890625
 30
0
 40
4
  1

 50
90
  7
Standard
100
AcDbText
  0
TEXT
  5
A22
330
1F
100
AcDbEntity
  8
0
100
AcDbText
 10
750
 20
-404.6337890625
 30
0
 40
4
  1

 50
90
  7
Standard
100
AcDbText
  0
TEXT
  5
A23
330
1F
100
AcDbEntity
  8
0
100
AcDbText
 10
760
 20
-404.6337890625
 30
0
 40
4
  1

 50
90
  7
Standard
100
AcDbText
  0
TEXT
  5
A24
330
1F
100
AcDbEntity
  8
0
100
AcDbText
 10
770
 20
-404.6337890625
 30
0
 40
4
  1

 50
90
  7
Standard
100
AcDbText
  0
TEXT
  5
A25
330
1F
100
AcDbEntity
  8
0
100
AcDbText
 10
780
 20
-404.6337890625
 30
0
 40
4
  1

 50
90
  7
Standard
100
AcDbText
  0
TEXT
  5
A26
330
1F
100
AcDbEntity
  8
0
100
AcDbText
 10
790
 20
-404.6337890625
 30
0
 40
4
  1

 50
90
  7
Standard
100
AcDbText
  0
TEXT
  5
A27
330
1F
100
AcDbEntity
  8
0
100
AcDbText
 10
800
 20
-404.6337890625
 30
0
 40
4
  1

 50
90
  7
Standard
100
AcDbText
  0
TEXT
  5
A28
330
1F
100
AcDbEntity
  8
0
100
AcDbText
 10
810
 20
-404.6337890625
 30
0
 40
4
  1

 50
90
  7
Standard
100
AcDbText
  0
TEXT
  5
A29
330
1F
100
AcDbEntity
  8
0
100
AcDbText
 10
820
 20
-404.6337890625
 30
0
 40
4
  1

 50
90
  7
Standard
100
AcDbText
  0
POLYLINE
  5
A2A
330
1F
100
AcDbEntity
  8
0
 62
1
100
AcDb2dPolyline
 66
1
 70
1
 10
0
 20
0
 30
0
210
0
220
0
230
1
  0
VERTEX
  5
A2C
330
A2A
100
AcDbEntity
  8
0
 62
1
100
AcDbVertex
100
AcDb2dVertex
 10
935.99993896484375
 20
-372
 70
0
  0
VERTEX
  5
A2D
330
A2A
100
AcDbEntity
  8
0
 62
1
100
AcDbVertex
100
AcDb2dVertex
 10
938.2091064453125
 20
-371.99996948242188
 70
0
  0
VERTEX
  5
A2E
330
A2A
100
AcDbEntity
  8
0
 62
1
100
AcDbVertex
100
AcDb2dVertex
 10
939.99993896484375
 20
-373.79083251953125
 70
0
  0
VERTEX
  5
A2F
330
A2A
100
AcDbEntity
  8
0
 62
1
100
AcDbVertex
100
AcDb2dVertex
 10
939.99993896484375
 20
-375.99996948242188
 70
0
  0
VERTEX
  5
A30
330
A2A
100
AcDbEntity
  8
0
 62
1
100
AcDbVertex
100
AcDb2dVertex
 10
939.99993896484375
 20
-375.99996948242188
 70
0
  0
VERTEX
  5
A31
330
A2A
100
AcDbEntity
  8
0
 62
1
100
AcDbVertex
100
AcDb2dVertex
 10
939.99993896484375
 20
-376
 70
0
  0
VERTEX
  5
A32
330
A2A
100
AcDbEntity
  8
0
 62
1
100
AcDbVertex
100
AcDb2dVertex
 10
939.99993896484375
 20
-376
 70
0
  0
VERTEX
  5
A33
330
A2A
100
AcDbEntity
  8
0
 62
1
100
AcDbVertex
100
AcDb2dVertex
 10
940
 20
-380
 70
0
  0
VERTEX
  5
A34
330
A2A
100
AcDbEntity
  8
0
 62
1
100
AcDbVertex
100
AcDb2dVertex
 10
940
 20
-402
 70
0
  0
VERTEX
  5
A35
330
A2A
100
AcDbEntity
  8
0
 62
1
100
AcDbVertex
100
AcDb2dVertex
 10
939.99993896484375
 20
-405.99996948242188
 70
0
  0
VERTEX
  5
A36
330
A2A
100
AcDbEntity
  8
0
 62
1
100
AcDbVertex
100
AcDb2dVertex
 10
939.99993896484375
 20
-408.20913696289063
 70
0
  0
VERTEX
  5
A37
330
A2A
100
AcDbEntity
  8
0
 62
1
100
AcDbVertex
100
AcDb2dVertex
 10
938.2091064453125
 20
-409.99996948242188
 70
0
  0
VERTEX
  5
A38
330
A2A
100
AcDbEntity
  8
0
 62
1
100
AcDbVertex
100
AcDb2dVertex
 10
936
 20
-409.99996948242188
 70
0
  0
VERTEX
  5
A39
330
A2A
100
AcDbEntity
  8
0
 62
1
100
AcDbVertex
100
AcDb2dVertex
 10
932
 20
-410
 70
0
  0
VERTEX
  5
A3A
330
A2A
100
AcDbEntity
  8
0
 62
1
100
AcDbVertex
100
AcDb2dVertex
 10
848
 20
-410
 70
0
  0
VERTEX
  5
A3B
330
A2A
100
AcDbEntity
  8
0
 62
1
100
AcDbVertex
100
AcDb2dVertex
 10
844
 20
-409.99996948242188
 70
0
  0
VERTEX
  5
A3C
330
A2A
100
AcDbEntity
  8
0
 62
1
100
AcDbVertex
100
AcDb2dVertex
 10
841.79083251953125
 20
-410
 70
0
  0
VERTEX
  5
A3D
330
A2A
100
AcDbEntity
  8
0
 62
1
100
AcDbVertex
100
AcDb2dVertex
 10
840
 20
-408.20913696289063
 70
0
  0
VERTEX
  5
A3E
330
A2A
100
AcDbEntity
  8
0
 62
1
100
AcDbVertex
100
AcDb2dVertex
 10
840
 20
-406
 70
0
  0
VERTEX
  5
A3F
330
A2A
100
AcDbEntity
  8
0
 62
1
100
AcDbVertex
100
AcDb2dVertex
 10
840
 20
-402
 70
0
  0
VERTEX
  5
A40
330
A2A
100
AcDbEntity
  8
0
 62
1
100
AcDbVertex
100
AcDb2dVertex
 10
840
 20
-380
 70
0
  0
VERTEX
  5
A41
330
A2A
100
AcDbEntity
  8
0
 62
1
100
AcDbVertex
100
AcDb2dVertex
 10
839.99993896484375
 20
-376
 70
0
  0
VERTEX
  5
A42
330
A2A
100
AcDbEntity
  8
0
 62
1
100
AcDbVertex
100
AcDb2dVertex
 10
839.99993896484375
 20
-373.79086303710938
 70
0
  0
VERTEX
  5
A43
330
A2A
100
AcDbEntity
  8
0
 62
1
100
AcDbVertex
100
AcDb2dVertex
 10
841.79083251953125
 20
-372
 70
0
  0
VERTEX
  5
A44
330
A2A
100
AcDbEntity
  8
0
 62
1
100
AcDbVertex
100
AcDb2dVertex
 10
843.99993896484375
 20
-371.99996948242188
 70
0
  0
SEQEND
  5
A2B
100
AcDbEntity
  8
0
  0
POLYLINE
  5
A45
330
1F
100
AcDbEntity
  8
0
 62
0
100
AcDb2dPolyline
 66
1
 70
1
 10
0
 20
0
 30
0
210
0
220
0
230
1
  0
VERTEX
  5
A47
330
A45
100
AcDbEntity
  8
0
 62
0
100
AcDbVertex
100
AcDb2dVertex
 10
925
 20
-411
 70
0
  0
VERTEX
  5
A48
330
A45
100
AcDbEntity
  8
0
 62
0
100
AcDbVertex
100
AcDb2dVertex
 10
935
 20
-411
 70
0
  0
VERTEX
  5
A49
330
A45
100
AcDbEntity
  8
0
 62
0
100
AcDbVertex
100
AcDb2dVertex
 10
935
 20
-421
 70
0
  0
VERTEX
  5
A4A
330
A45
100
AcDbEntity
  8
0
 62
0
100
AcDbVertex
100
AcDb2dVertex
 10
925
 20
-421
 70
0
  0
SEQEND
  5
A46
100
AcDbEntity
  8
0
  0
POLYLINE
  5
A4B
330
1F
100
AcDbEntity
  8
0
 62
0
100
AcDb2dPolyline
 66
1
 70
1
 10
0
 20
0
 30
0
210
0
220
0
230
1
  0
VERTEX
  5
A4D
330
A4B
100
AcDbEntity
  8
0
 62
0
100
AcDbVertex
100
AcDb2dVertex
 10
915
 20
-411
 70
0
  0
VERTEX
  5
A4E
330
A4B
100
AcDbEntity
  8
0
 62
0
100
AcDbVertex
100
AcDb2dVertex
 10
925
 20
-411
 70
0
  0
VERTEX
  5
A4F
330
A4B
100
AcDbEntity
  8
0
 62
0
100
AcDbVertex
100
AcDb2dVertex
 10
925
 20
-421
 70
0
  0
VERTEX
  5
A50
330
A4B
100
AcDbEntity
  8
0
 62
0
100
AcDbVertex
100
AcDb2dVertex
 10
915
 20
-421
 70
0
  0
SEQEND
  5
A4C
100
AcDbEntity
  8
0
  0
POLYLINE
  5
A51
330
1F
100
AcDbEntity
  8
0
 62
0
100
AcDb2dPolyline
 66
1
 70
1
 10
0
 20
0
 30
0
210
0
220
0
230
1
  0
VERTEX
  5
A53
330
A51
100
AcDbEntity
  8
0
 62
0
100
AcDbVertex
100
AcDb2dVertex
 10
905
 20
-411
 70
0
  0
VERTEX
  5
A54
330
A51
100
AcDbEntity
  8
0
 62
0
100
AcDbVertex
100
AcDb2dVertex
 10
915
 20
-411
 70
0
  0
VERTEX
  5
A55
330
A51
100
AcDbEntity
  8
0
 62
0
100
AcDbVertex
100
AcDb2dVertex
 10
915
 20
-421
 70
0
  0
VERTEX
  5
A56
330
A51
100
AcDbEntity
  8
0
 62
0
100
AcDbVertex
100
AcDb2dVertex
 10
905
 20
-421
 70
0
  0
SEQEND
  5
A52
100
AcDbEntity
  8
0
  0
POLYLINE
  5
A57
330
1F
100
AcDbEntity
  8
0
 62
0
100
AcDb2dPolyline
 66
1
 70
1
 10
0
 20
0
 30
0
210
0
220
0
230
1
  0
VERTEX
  5
A59
330
A57
100
AcDbEntity
  8
0
 62
0
100
AcDbVertex
100
AcDb2dVertex
 10
895
 20
-411
 70
0
  0
VERTEX
  5
A5A
330
A57
100
AcDbEntity
  8
0
 62
0
100
AcDbVertex
100
AcDb2dVertex
 10
905
 20
-411
 70
0
  0
VERTEX
  5
A5B
330
A57
100
AcDbEntity
  8
0
 62
0
100
AcDbVertex
100
AcDb2dVertex
 10
905
 20
-421
 70
0
  0
VERTEX
  5
A5C
330
A57
100
AcDbEntity
  8
0
 62
0
100
AcDbVertex
100
AcDb2dVertex
 10
895
 20
-421
 70
0
  0
SEQEND
  5
A58
100
AcDbEntity
  8
0
  0
POLYLINE
  5
A5D
330
1F
100
AcDbEntity
  8
0
 62
0
100
AcDb2dPolyline
 66
1
 70
1
 10
0
 20
0
 30
0
210
0
220
0
230
1
  0
VERTEX
  5
A5F
330
A5D
100
AcDbEntity
  8
0
 62
0
100
AcDbVertex
100
AcDb2dVertex
 10
885
 20
-411
 70
0
  0
VERTEX
  5
A60
330
A5D
100
AcDbEntity
  8
0
 62
0
100
AcDbVertex
100
AcDb2dVertex
 10
895
 20
-411
 70
0
  0
VERTEX
  5
A61
330
A5D
100
AcDbEntity
  8
0
 62
0
100
AcDbVertex
100
AcDb2dVertex
 10
895
 20
-421
 70
0
  0
VERTEX
  5
A62
330
A5D
100
AcDbEntity
  8
0
 62
0
100
AcDbVertex
100
AcDb2dVertex
 10
885
 20
-421
 70
0
  0
SEQEND
  5
A5E
100
AcDbEntity
  8
0
  0
POLYLINE
  5
A63
330
1F
100
AcDbEntity
  8
0
 62
0
100
AcDb2dPolyline
 66
1
 70
1
 10
0
 20
0
 30
0
210
0
220
0
230
1
  0
VERTEX
  5
A65
330
A63
100
AcDbEntity
  8
0
 62
0
100
AcDbVertex
100
AcDb2dVertex
 10
875
 20
-411
 70
0
  0
VERTEX
  5
A66
330
A63
100
AcDbEntity
  8
0
 62
0
100
AcDbVertex
100
AcDb2dVertex
 10
885
 20
-411
 70
0
  0
VERTEX
  5
A67
330
A63
100
AcDbEntity
  8
0
 62
0
100
AcDbVertex
100
AcDb2dVertex
 10
885
 20
-421
 70
0
  0
VERTEX
  5
A68
330
A63
100
AcDbEntity
  8
0
 62
0
100
AcDbVertex
100
AcDb2dVertex
 10
875
 20
-421
 70
0
  0
SEQEND
  5
A64
100
AcDbEntity
  8
0
  0
POLYLINE
  5
A69
330
1F
100
AcDbEntity
  8
0
 62
0
100
AcDb2dPolyline
 66
1
 70
1
 10
0
 20
0
 30
0
210
0
220
0
230
1
  0
VERTEX
  5
A6B
330
A69
100
AcDbEntity
  8
0
 62
0
100
AcDbVertex
100
AcDb2dVertex
 10
865
 20
-411
 70
0
  0
VERTEX
  5
A6C
330
A69
100
AcDbEntity
  8
0
 62
0
100
AcDbVertex
100
AcDb2dVertex
 10
875
 20
-411
 70
0
  0
VERTEX
  5
A6D
330
A69
100
AcDbEntity
  8
0
 62
0
100
AcDbVertex
100
AcDb2dVertex
 10
875
 20
-421
 70
0
  0
VERTEX
  5
A6E
330
A69
100
AcDbEntity
  8
0
 62
0
100
AcDbVertex
100
AcDb2dVertex
 10
865
 20
-421
 70
0
  0
SEQEND
  5
A6A
100
AcDbEntity
  8
0
  0
POLYLINE
  5
A6F
330
1F
100
AcDbEntity
  8
0
 62
0
100
AcDb2dPolyline
 66
1
 70
1
 10
0
 20
0
 30
0
210
0
220
0
230
1
  0
VERTEX
  5
A71
330
A6F
100
AcDbEntity
  8
0
 62
0
100
AcDbVertex
100
AcDb2dVertex
 10
855
 20
-411
 70
0
  0
VERTEX
  5
A72
330
A6F
100
AcDbEntity
  8
0
 62
0
100
AcDbVertex
100
AcDb2dVertex
 10
865
 20
-411
 70
0
  0
VERTEX
  5
A73
330
A6F
100
AcDbEntity
  8
0
 62
0
100
AcDbVertex
100
AcDb2dVertex
 10
865
 20
-421
 70
0
  0
VERTEX
  5
A74
330
A6F
100
AcDbEntity
  8
0
 62
0
100
AcDbVertex
100
AcDb2dVertex
 10
855
 20
-421
 70
0
  0
SEQEND
  5
A70
100
AcDbEntity
  8
0
  0
POLYLINE
  5
A75
330
1F
100
AcDbEntity
  8
0
 62
0
100
AcDb2dPolyline
 66
1
 70
1
 10
0
 20
0
 30
0
210
0
220
0
230
1
  0
VERTEX
  5
A77
330
A75
100
AcDbEntity
  8
0
 62
0
100
AcDbVertex
100
AcDb2dVertex
 10
845
 20
-411
 70
0
  0
VERTEX
  5
A78
330
A75
100
AcDbEntity
  8
0
 62
0
100
AcDbVertex
100
AcDb2dVertex
 10
855
 20
-411
 70
0
  0
VERTEX
  5
A79
330
A75
100
AcDbEntity
  8
0
 62
0
100
AcDbVertex
100
AcDb2dVertex
 10
855
 20
-421
 70
0
  0
VERTEX
  5
A7A
330
A75
100
AcDbEntity
  8
0
 62
0
100
AcDbVertex
100
AcDb2dVertex
 10
845
 20
-421
 70
0
  0
SEQEND
  5
A76
100
AcDbEntity
  8
0
  0
MTEXT
  5
A7B
330
1F
100
AcDbEntity
  8
0
100
AcDbMText
 10
861
 20
-379
 30
0
 11
1
 21
0
 31
0
 40
5
 41
0
  1
PCTx Logic\PFoyer
  7
Standard
 71
1
 72
5
210
0
220
0
230
1
  0
TEXT
  5
A7C
330
1F
100
AcDbEntity
  8
0
100
AcDbText
 10
850
 20
-404.6337890625
 30
0
 40
4
  1

 50
90
  7
Standard
100
AcDbText
  0
TEXT
  5
A7D
330
1F
100
AcDbEntity
  8
0
100
AcDbText
 10
860
 20
-404.6337890625
 30
0
 40
4
  1

 50
90
  7
Standard
100
AcDbText
  0
TEXT
  5
A7E
330
1F
100
AcDbEntity
  8
0
100
AcDbText
 10
870
 20
-404.6337890625
 30
0
 40
4
  1

 50
90
  7
Standard
100
AcDbText
  0
TEXT
  5
A7F
330
1F
100
AcDbEntity
  8
0
100
AcDbText
 10
880
 20
-404.6337890625
 30
0
 40
4
  1

 50
90
  7
Standard
100
AcDbText
  0
TEXT
  5
A80
330
1F
100
AcDbEntity
  8
0
100
AcDbText
 10
890
 20
-404.6337890625
 30
0
 40
4
  1

 50
90
  7
Standard
100
AcDbText
  0
TEXT
  5
A81
330
1F
100
AcDbEntity
  8
0
100
AcDbText
 10
900
 20
-404.6337890625
 30
0
 40
4
  1

 50
90
  7
Standard
100
AcDbText
  0
TEXT
  5
A82
330
1F
100
AcDbEntity
  8
0
100
AcDbText
 10
910
 20
-404.6337890625
 30
0
 40
4
  1

 50
90
  7
Standard
100
AcDbText
  0
TEXT
  5
A83
330
1F
100
AcDbEntity
  8
0
100
AcDbText
 10
920
 20
-404.6337890625
 30
0
 40
4
  1

 50
90
  7
Standard
100
AcDbText
  0
TEXT
  5
A84
330
1F
100
AcDbEntity
  8
0
100
AcDbText
 10
930
 20
-404.6337890625
 30
0
 40
4
  1

 50
90
  7
Standard
100
AcDbText
  0
POLYLINE
  5
A85
330
1F
100
AcDbEntity
  8
0
 62
1
100
AcDb2dPolyline
 66
1
 70
1
 10
0
 20
0
 30
0
210
0
220
0
230
1
  0
VERTEX
  5
A87
330
A85
100
AcDbEntity
  8
0
 62
1
100
AcDbVertex
100
AcDb2dVertex
 10
1045.9998779296875
 20
-372
 70
0
  0
VERTEX
  5
A88
330
A85
100
AcDbEntity
  8
0
 62
1
100
AcDbVertex
100
AcDb2dVertex
 10
1048.2091064453125
 20
-371.99996948242188
 70
0
  0
VERTEX
  5
A89
330
A85
100
AcDbEntity
  8
0
 62
1
100
AcDbVertex
100
AcDb2dVertex
 10
1049.9998779296875
 20
-373.79083251953125
 70
0
  0
VERTEX
  5
A8A
330
A85
100
AcDbEntity
  8
0
 62
1
100
AcDbVertex
100
AcDb2dVertex
 10
1049.9998779296875
 20
-375.99996948242188
 70
0
  0
VERTEX
  5
A8B
330
A85
100
AcDbEntity
  8
0
 62
1
100
AcDbVertex
100
AcDb2dVertex
 10
1049.9998779296875
 20
-375.99996948242188
 70
0
  0
VERTEX
  5
A8C
330
A85
100
AcDbEntity
  8
0
 62
1
100
AcDbVertex
100
AcDb2dVertex
 10
1049.9998779296875
 20
-376
 70
0
  0
VERTEX
  5
A8D
330
A85
100
AcDbEntity
  8
0
 62
1
100
AcDbVertex
100
AcDb2dVertex
 10
1049.9998779296875
 20
-376
 70
0
  0
VERTEX
  5
A8E
330
A85
100
AcDbEntity
  8
0
 62
1
100
AcDbVertex
100
AcDb2dVertex
 10
1050
 20
-380
 70
0
  0
VERTEX
  5
A8F
330
A85
100
AcDbEntity
  8
0
 62
1
100
AcDbVertex
100
AcDb2dVertex
 10
1050
 20
-402
 70
0
  0
VERTEX
  5
A90
330
A85
100
AcDbEntity
  8
0
 62
1
100
AcDbVertex
100
AcDb2dVertex
 10
1049.9998779296875
 20
-405.99996948242188
 70
0
  0
VERTEX
  5
A91
330
A85
100
AcDbEntity
  8
0
 62
1
100
AcDbVertex
100
AcDb2dVertex
 10
1049.9998779296875
 20
-408.20913696289063
 70
0
  0
VERTEX
  5
A92
330
A85
100
AcDbEntity
  8
0
 62
1
100
AcDbVertex
100
AcDb2dVertex
 10
1048.2091064453125
 20
-409.99996948242188
 70
0
  0
VERTEX
  5
A93
330
A85
100
AcDbEntity
  8
0
 62
1
100
AcDbVertex
100
AcDb2dVertex
 10
1046
 20
-409.99996948242188
 70
0
  0
VERTEX
  5
A94
330
A85
100
AcDbEntity
  8
0
 62
1
100
AcDbVertex
100
AcDb2dVertex
 10
1042
 20
-410
 70
0
  0
VERTEX
  5
A95
330
A85
100
AcDbEntity
  8
0
 62
1
100
AcDbVertex
100
AcDb2dVertex
 10
958
 20
-410
 70
0
  0
VERTEX
  5
A96
330
A85
100
AcDbEntity
  8
0
 62
1
100
AcDbVertex
100
AcDb2dVertex
 10
954
 20
-409.99996948242188
 70
0
  0
VERTEX
  5
A97
330
A85
100
AcDbEntity
  8
0
 62
1
100
AcDbVertex
100
AcDb2dVertex
 10
951.79083251953125
 20
-410
 70
0
  0
VERTEX
  5
A98
330
A85
100
AcDbEntity
  8
0
 62
1
100
AcDbVertex
100
AcDb2dVertex
 10
950
 20
-408.20913696289063
 70
0
  0
VERTEX
  5
A99
330
A85
100
AcDbEntity
  8
0
 62
1
100
AcDbVertex
100
AcDb2dVertex
 10
950
 20
-406
 70
0
  0
VERTEX
  5
A9A
330
A85
100
AcDbEntity
  8
0
 62
1
100
AcDbVertex
100
AcDb2dVertex
 10
950
 20
-402
 70
0
  0
VERTEX
  5
A9B
330
A85
100
AcDbEntity
  8
0
 62
1
100
AcDbVertex
100
AcDb2dVertex
 10
950
 20
-380
 70
0
  0
VERTEX
  5
A9C
330
A85
100
AcDbEntity
  8
0
 62
1
100
AcDbVertex
100
AcDb2dVertex
 10
949.99993896484375
 20
-376
 70
0
  0
VERTEX
  5
A9D
330
A85
100
AcDbEntity
  8
0
 62
1
100
AcDbVertex
100
AcDb2dVertex
 10
949.99993896484375
 20
-373.79086303710938
 70
0
  0
VERTEX
  5
A9E
330
A85
100
AcDbEntity
  8
0
 62
1
100
AcDbVertex
100
AcDb2dVertex
 10
951.79083251953125
 20
-372
 70
0
  0
VERTEX
  5
A9F
330
A85
100
AcDbEntity
  8
0
 62
1
100
AcDbVertex
100
AcDb2dVertex
 10
953.99993896484375
 20
-371.99996948242188
 70
0
  0
SEQEND
  5
A86
100
AcDbEntity
  8
0
  0
POLYLINE
  5
AA0
330
1F
100
AcDbEntity
  8
0
 62
0
100
AcDb2dPolyline
 66
1
 70
1
 10
0
 20
0
 30
0
210
0
220
0
230
1
  0
VERTEX
  5
AA2
330
AA0
100
AcDbEntity
  8
0
 62
0
100
AcDbVertex
100
AcDb2dVertex
 10
1035
 20
-411
 70
0
  0
VERTEX
  5
AA3
330
AA0
100
AcDbEntity
  8
0
 62
0
100
AcDbVertex
100
AcDb2dVertex
 10
1045
 20
-411
 70
0
  0
VERTEX
  5
AA4
330
AA0
100
AcDbEntity
  8
0
 62
0
100
AcDbVertex
100
AcDb2dVertex
 10
1045
 20
-421
 70
0
  0
VERTEX
  5
AA5
330
AA0
100
AcDbEntity
  8
0
 62
0
100
AcDbVertex
100
AcDb2dVertex
 10
1035
 20
-421
 70
0
  0
SEQEND
  5
AA1
100
AcDbEntity
  8
0
  0
POLYLINE
  5
AA6
330
1F
100
AcDbEntity
  8
0
 62
0
100
AcDb2dPolyline
 66
1
 70
1
 10
0
 20
0
 30
0
210
0
220
0
230
1
  0
VERTEX
  5
AA8
330
AA6
100
AcDbEntity
  8
0
 62
0
100
AcDbVertex
100
AcDb2dVertex
 10
1025
 20
-411
 70
0
  0
VERTEX
  5
AA9
330
AA6
100
AcDbEntity
  8
0
 62
0
100
AcDbVertex
100
AcDb2dVertex
 10
1035
 20
-411
 70
0
  0
VERTEX
  5
AAA
330
AA6
100
AcDbEntity
  8
0
 62
0
100
AcDbVertex
100
AcDb2dVertex
 10
1035
 20
-421
 70
0
  0
VERTEX
  5
AAB
330
AA6
100
AcDbEntity
  8
0
 62
0
100
AcDbVertex
100
AcDb2dVertex
 10
1025
 20
-421
 70
0
  0
SEQEND
  5
AA7
100
AcDbEntity
  8
0
  0
POLYLINE
  5
AAC
330
1F
100
AcDbEntity
  8
0
 62
0
100
AcDb2dPolyline
 66
1
 70
1
 10
0
 20
0
 30
0
210
0
220
0
230
1
  0
VERTEX
  5
AAE
330
AAC
100
AcDbEntity
  8
0
 62
0
100
AcDbVertex
100
AcDb2dVertex
 10
1015
 20
-411
 70
0
  0
VERTEX
  5
AAF
330
AAC
100
AcDbEntity
  8
0
 62
0
100
AcDbVertex
100
AcDb2dVertex
 10
1025
 20
-411
 70
0
  0
VERTEX
  5
AB0
330
AAC
100
AcDbEntity
  8
0
 62
0
100
AcDbVertex
100
AcDb2dVertex
 10
1025
 20
-421
 70
0
  0
VERTEX
  5
AB1
330
AAC
100
AcDbEntity
  8
0
 62
0
100
AcDbVertex
100
AcDb2dVertex
 10
1015
 20
-421
 70
0
  0
SEQEND
  5
AAD
100
AcDbEntity
  8
0
  0
POLYLINE
  5
AB2
330
1F
100
AcDbEntity
  8
0
 62
0
100
AcDb2dPolyline
 66
1
 70
1
 10
0
 20
0
 30
0
210
0
220
0
230
1
  0
VERTEX
  5
AB4
330
AB2
100
AcDbEntity
  8
0
 62
0
100
AcDbVertex
100
AcDb2dVertex
 10
1005
 20
-411
 70
0
  0
VERTEX
  5
AB5
330
AB2
100
AcDbEntity
  8
0
 62
0
100
AcDbVertex
100
AcDb2dVertex
 10
1015
 20
-411
 70
0
  0
VERTEX
  5
AB6
330
AB2
100
AcDbEntity
  8
0
 62
0
100
AcDbVertex
100
AcDb2dVertex
 10
1015
 20
-421
 70
0
  0
VERTEX
  5
AB7
330
AB2
100
AcDbEntity
  8
0
 62
0
100
AcDbVertex
100
AcDb2dVertex
 10
1005
 20
-421
 70
0
  0
SEQEND
  5
AB3
100
AcDbEntity
  8
0
  0
POLYLINE
  5
AB8
330
1F
100
AcDbEntity
  8
0
 62
0
100
AcDb2dPolyline
 66
1
 70
1
 10
0
 20
0
 30
0
210
0
220
0
230
1
  0
VERTEX
  5
ABA
330
AB8
100
AcDbEntity
  8
0
 62
0
100
AcDbVertex
100
AcDb2dVertex
 10
995
 20
-411
 70
0
  0
VERTEX
  5
ABB
330
AB8
100
AcDbEntity
  8
0
 62
0
100
AcDbVertex
100
AcDb2dVertex
 10
1005
 20
-411
 70
0
  0
VERTEX
  5
ABC
330
AB8
100
AcDbEntity
  8
0
 62
0
100
AcDbVertex
100
AcDb2dVertex
 10
1005
 20
-421
 70
0
  0
VERTEX
  5
ABD
330
AB8
100
AcDbEntity
  8
0
 62
0
100
AcDbVertex
100
AcDb2dVertex
 10
995
 20
-421
 70
0
  0
SEQEND
  5
AB9
100
AcDbEntity
  8
0
  0
POLYLINE
  5
ABE
330
1F
100
AcDbEntity
  8
0
 62
0
100
AcDb2dPolyline
 66
1
 70
1
 10
0
 20
0
 30
0
210
0
220
0
230
1
  0
VERTEX
  5
AC0
330
ABE
100
AcDbEntity
  8
0
 62
0
100
AcDbVertex
100
AcDb2dVertex
 10
985
 20
-411
 70
0
  0
VERTEX
  5
AC1
330
ABE
100
AcDbEntity
  8
0
 62
0
100
AcDbVertex
100
AcDb2dVertex
 10
995
 20
-411
 70
0
  0
VERTEX
  5
AC2
330
ABE
100
AcDbEntity
  8
0
 62
0
100
AcDbVertex
100
AcDb2dVertex
 10
995
 20
-421
 70
0
  0
VERTEX
  5
AC3
330
ABE
100
AcDbEntity
  8
0
 62
0
100
AcDbVertex
100
AcDb2dVertex
 10
985
 20
-421
 70
0
  0
SEQEND
  5
ABF
100
AcDbEntity
  8
0
  0
POLYLINE
  5
AC4
330
1F
100
AcDbEntity
  8
0
 62
0
100
AcDb2dPolyline
 66
1
 70
1
 10
0
 20
0
 30
0
210
0
220
0
230
1
  0
VERTEX
  5
AC6
330
AC4
100
AcDbEntity
  8
0
 62
0
100
AcDbVertex
100
AcDb2dVertex
 10
975
 20
-411
 70
0
  0
VERTEX
  5
AC7
330
AC4
100
AcDbEntity
  8
0
 62
0
100
AcDbVertex
100
AcDb2dVertex
 10
985
 20
-411
 70
0
  0
VERTEX
  5
AC8
330
AC4
100
AcDbEntity
  8
0
 62
0
100
AcDbVertex
100
AcDb2dVertex
 10
985
 20
-421
 70
0
  0
VERTEX
  5
AC9
330
AC4
100
AcDbEntity
  8
0
 62
0
100
AcDbVertex
100
AcDb2dVertex
 10
975
 20
-421
 70
0
  0
SEQEND
  5
AC5
100
AcDbEntity
  8
0
  0
POLYLINE
  5
ACA
330
1F
100
AcDbEntity
  8
0
 62
0
100
AcDb2dPolyline
 66
1
 70
1
 10
0
 20
0
 30
0
210
0
220
0
230
1
  0
VERTEX
  5
ACC
330
ACA
100
AcDbEntity
  8
0
 62
0
100
AcDbVertex
100
AcDb2dVertex
 10
965
 20
-411
 70
0
  0
VERTEX
  5
ACD
330
ACA
100
AcDbEntity
  8
0
 62
0
100
AcDbVertex
100
AcDb2dVertex
 10
975
 20
-411
 70
0
  0
VERTEX
  5
ACE
330
ACA
100
AcDbEntity
  8
0
 62
0
100
AcDbVertex
100
AcDb2dVertex
 10
975
 20
-421
 70
0
  0
VERTEX
  5
ACF
330
ACA
100
AcDbEntity
  8
0
 62
0
100
AcDbVertex
100
AcDb2dVertex
 10
965
 20
-421
 70
0
  0
SEQEND
  5
ACB
100
AcDbEntity
  8
0
  0
POLYLINE
  5
AD0
330
1F
100
AcDbEntity
  8
0
 62
0
100
AcDb2dPolyline
 66
1
 70
1
 10
0
 20
0
 30
0
210
0
220
0
230
1
  0
VERTEX
  5
AD2
330
AD0
100
AcDbEntity
  8
0
 62
0
100
AcDbVertex
100
AcDb2dVertex
 10
955
 20
-411
 70
0
  0
VERTEX
  5
AD3
330
AD0
100
AcDbEntity
  8
0
 62
0
100
AcDbVertex
100
AcDb2dVertex
 10
965
 20
-411
 70
0
  0
VERTEX
  5
AD4
330
AD0
100
AcDbEntity
  8
0
 62
0
100
AcDbVertex
100
AcDb2dVertex
 10
965
 20
-421
 70
0
  0
VERTEX
  5
AD5
330
AD0
100
AcDbEntity
  8
0
 62
0
100
AcDbVertex
100
AcDb2dVertex
 10
955
 20
-421
 70
0
  0
SEQEND
  5
AD1
100
AcDbEntity
  8
0
  0
MTEXT
  5
AD6
330
1F
100
AcDbEntity
  8
0
100
AcDbMText
 10
960
 20
-379
 30
0
 11
1
 21
0
 31
0
 40
5
 41
0
  1
PCTx Logic\PResource Room
  7
Standard
 71
1
 72
5
210
0
220
0
230
1
  0
TEXT
  5
AD7
330
1F
100
AcDbEntity
  8
0
100
AcDbText
 10
960
 20
-404.6337890625
 30
0
 40
4
  1

 50
90
  7
Standard
100
AcDbText
  0
TEXT
  5
AD8
330
1F
100
AcDbEntity
  8
0
100
AcDbText
 10
970
 20
-404.6337890625
 30
0
 40
4
  1

 50
90
  7
Standard
100
AcDbText
  0
TEXT
  5
AD9
330
1F
100
AcDbEntity
  8
0
100
AcDbText
 10
980
 20
-404.6337890625
 30
0
 40
4
  1

 50
90
  7
Standard
100
AcDbText
  0
TEXT
  5
ADA
330
1F
100
AcDbEntity
  8
0
100
AcDbText
 10
990
 20
-404.6337890625
 30
0
 40
4
  1

 50
90
  7
Standard
100
AcDbText
  0
TEXT
  5
ADB
330
1F
100
AcDbEntity
  8
0
100
AcDbText
 10
1000
 20
-404.6337890625
 30
0
 40
4
  1

 50
90
  7
Standard
100
AcDbText
  0
TEXT
  5
ADC
330
1F
100
AcDbEntity
  8
0
100
AcDbText
 10
1010
 20
-404.6337890625
 30
0
 40
4
  1

 50
90
  7
Standard
100
AcDbText
  0
TEXT
  5
ADD
330
1F
100
AcDbEntity
  8
0
100
AcDbText
 10
1020
 20
-404.6337890625
 30
0
 40
4
  1

 50
90
  7
Standard
100
AcDbText
  0
TEXT
  5
ADE
330
1F
100
AcDbEntity
  8
0
100
AcDbText
 10
1030
 20
-404.6337890625
 30
0
 40
4
  1

 50
90
  7
Standard
100
AcDbText
  0
TEXT
  5
ADF
330
1F
100
AcDbEntity
  8
0
100
AcDbText
 10
1040
 20
-404.6337890625
 30
0
 40
4
  1

 50
90
  7
Standard
100
AcDbText
  0
POLYLINE
  5
AE0
330
1F
100
AcDbEntity
  8
0
 62
1
100
AcDb2dPolyline
 66
1
 70
1
 10
0
 20
0
 30
0
210
0
220
0
230
1
  0
VERTEX
  5
AE2
330
AE0
100
AcDbEntity
  8
0
 62
1
100
AcDbVertex
100
AcDb2dVertex
 10
317.99996948242188
 20
-160
 70
0
  0
VERTEX
  5
AE3
330
AE0
100
AcDbEntity
  8
0
 62
1
100
AcDbVertex
100
AcDb2dVertex
 10
320.2091064453125
 20
-159.99998474121094
 70
0
  0
VERTEX
  5
AE4
330
AE0
100
AcDbEntity
  8
0
 62
1
100
AcDbVertex
100
AcDb2dVertex
 10
321.99996948242188
 20
-161.79084777832031
 70
0
  0
VERTEX
  5
AE5
330
AE0
100
AcDbEntity
  8
0
 62
1
100
AcDbVertex
100
AcDb2dVertex
 10
321.99996948242188
 20
-163.99998474121094
 70
0
  0
VERTEX
  5
AE6
330
AE0
100
AcDbEntity
  8
0
 62
1
100
AcDbVertex
100
AcDb2dVertex
 10
321.99996948242188
 20
-163.99998474121094
 70
0
  0
VERTEX
  5
AE7
330
AE0
100
AcDbEntity
  8
0
 62
1
100
AcDbVertex
100
AcDb2dVertex
 10
321.99996948242188
 20
-164
 70
0
  0
VERTEX
  5
AE8
330
AE0
100
AcDbEntity
  8
0
 62
1
100
AcDbVertex
100
AcDb2dVertex
 10
321.99996948242188
 20
-164
 70
0
  0
VERTEX
  5
AE9
330
AE0
100
AcDbEntity
  8
0
 62
1
100
AcDbVertex
100
AcDb2dVertex
 10
322
 20
-168
 70
0
  0
VERTEX
  5
AEA
330
AE0
100
AcDbEntity
  8
0
 62
1
100
AcDbVertex
100
AcDb2dVertex
 10
322
 20
-252
 70
0
  0
VERTEX
  5
AEB
330
AE0
100
AcDbEntity
  8
0
 62
1
100
AcDbVertex
100
AcDb2dVertex
 10
321.99996948242188
 20
-255.99998474121094
 70
0
  0
VERTEX
  5
AEC
330
AE0
100
AcDbEntity
  8
0
 62
1
100
AcDbVertex
100
AcDb2dVertex
 10
321.99996948242188
 20
-258.20913696289063
 70
0
  0
VERTEX
  5
AED
330
AE0
100
AcDbEntity
  8
0
 62
1
100
AcDbVertex
100
AcDb2dVertex
 10
320.20913696289063
 20
-259.99996948242188
 70
0
  0
VERTEX
  5
AEE
330
AE0
100
AcDbEntity
  8
0
 62
1
100
AcDbVertex
100
AcDb2dVertex
 10
318
 20
-259.99996948242188
 70
0
  0
VERTEX
  5
AEF
330
AE0
100
AcDbEntity
  8
0
 62
1
100
AcDbVertex
100
AcDb2dVertex
 10
314
 20
-260
 70
0
  0
VERTEX
  5
AF0
330
AE0
100
AcDbEntity
  8
0
 62
1
100
AcDbVertex
100
AcDb2dVertex
 10
158
 20
-260
 70
0
  0
VERTEX
  5
AF1
330
AE0
100
AcDbEntity
  8
0
 62
1
100
AcDbVertex
100
AcDb2dVertex
 10
154
 20
-259.99996948242188
 70
0
  0
VERTEX
  5
AF2
330
AE0
100
AcDbEntity
  8
0
 62
1
100
AcDbVertex
100
AcDb2dVertex
 10
151.79086303710938
 20
-260
 70
0
  0
VERTEX
  5
AF3
330
AE0
100
AcDbEntity
  8
0
 62
1
100
AcDbVertex
100
AcDb2dVertex
 10
150
 20
-258.20913696289063
 70
0
  0
VERTEX
  5
AF4
330
AE0
100
AcDbEntity
  8
0
 62
1
100
AcDbVertex
100
AcDb2dVertex
 10
150
 20
-256
 70
0
  0
VERTEX
  5
AF5
330
AE0
100
AcDbEntity
  8
0
 62
1
100
AcDbVertex
100
AcDb2dVertex
 10
150
 20
-252
 70
0
  0
VERTEX
  5
AF6
330
AE0
100
AcDbEntity
  8
0
 62
1
100
AcDbVertex
100
AcDb2dVertex
 10
150
 20
-168
 70
0
  0
VERTEX
  5
AF7
330
AE0
100
AcDbEntity
  8
0
 62
1
100
AcDbVertex
100
AcDb2dVertex
 10
149.99998474121094
 20
-164
 70
0
  0
VERTEX
  5
AF8
330
AE0
100
AcDbEntity
  8
0
 62
1
100
AcDbVertex
100
AcDb2dVertex
 10
149.99998474121094
 20
-161.79086303710938
 70
0
  0
VERTEX
  5
AF9
330
AE0
100
AcDbEntity
  8
0
 62
1
100
AcDbVertex
100
AcDb2dVertex
 10
151.79084777832031
 20
-160
 70
0
  0
VERTEX
  5
AFA
330
AE0
100
AcDbEntity
  8
0
 62
1
100
AcDbVertex
100
AcDb2dVertex
 10
153.99998474121094
 20
-159.99998474121094
 70
0
  0
SEQEND
  5
AE1
100
AcDbEntity
  8
0
  0
MTEXT
  5
AFB
330
1F
100
AcDbEntity
  8
0
100
AcDbMText
 10
149.22395324707031
 20
-155
 30
0
 11
1
 21
0
 31
0
 40
7
 41
0
  1
Room 5&6
  7
Standard
 71
1
 72
5
210
0
220
0
230
1
  0
POLYLINE
  5
AFC
330
1F
100
AcDbEntity
  8
0
 62
1
100
AcDb2dPolyline
 66
1
 70
1
 10
0
 20
0
 30
0
210
0
220
0
230
1
  0
VERTEX
  5
AFE
330
AFC
100
AcDbEntity
  8
0
 62
1
100
AcDbVertex
100
AcDb2dVertex
 10
218.99998474121094
 20
-190
 70
0
  0
VERTEX
  5
AFF
330
AFC
100
AcDbEntity
  8
0
 62
1
100
AcDbVertex
100
AcDb2dVertex
 10
221.20912170410156
 20
-189.99998474121094
 70
0
  0
VERTEX
  5
B00
330
AFC
100
AcDbEntity
  8
0
 62
1
100
AcDbVertex
100
AcDb2dVertex
 10
222.99998474121094
 20
-191.79084777832031
 70
0
  0
VERTEX
  5
B01
330
AFC
100
AcDbEntity
  8
0
 62
1
100
AcDbVertex
100
AcDb2dVertex
 10
222.99998474121094
 20
-193.99998474121094
 70
0
  0
VERTEX
  5
B02
330
AFC
100
AcDbEntity
  8
0
 62
1
100
AcDbVertex
100
AcDb2dVertex
 10
222.99998474121094
 20
-193.99998474121094
 70
0
  0
VERTEX
  5
B03
330
AFC
100
AcDbEntity
  8
0
 62
1
100
AcDbVertex
100
AcDb2dVertex
 10
222.99998474121094
 20
-194
 70
0
  0
VERTEX
  5
B04
330
AFC
100
AcDbEntity
  8
0
 62
1
100
AcDbVertex
100
AcDb2dVertex
 10
222.99998474121094
 20
-194
 70
0
  0
VERTEX
  5
B05
330
AFC
100
AcDbEntity
  8
0
 62
1
100
AcDbVertex
100
AcDb2dVertex
 10
223
 20
-198
 70
0
  0
VERTEX
  5
B06
330
AFC
100
AcDbEntity
  8
0
 62
1
100
AcDbVertex
100
AcDb2dVertex
 10
223
 20
-242
 70
0
  0
VERTEX
  5
B07
330
AFC
100
AcDbEntity
  8
0
 62
1
100
AcDbVertex
100
AcDb2dVertex
 10
222.99998474121094
 20
-245.99998474121094
 70
0
  0
VERTEX
  5
B08
330
AFC
100
AcDbEntity
  8
0
 62
1
100
AcDbVertex
100
AcDb2dVertex
 10
222.99998474121094
 20
-248.20913696289063
 70
0
  0
VERTEX
  5
B09
330
AFC
100
AcDbEntity
  8
0
 62
1
100
AcDbVertex
100
AcDb2dVertex
 10
221.20913696289063
 20
-249.99998474121094
 70
0
  0
VERTEX
  5
B0A
330
AFC
100
AcDbEntity
  8
0
 62
1
100
AcDbVertex
100
AcDb2dVertex
 10
219
 20
-249.99998474121094
 70
0
  0
VERTEX
  5
B0B
330
AFC
100
AcDbEntity
  8
0
 62
1
100
AcDbVertex
100
AcDb2dVertex
 10
215
 20
-250
 70
0
  0
VERTEX
  5
B0C
330
AFC
100
AcDbEntity
  8
0
 62
1
100
AcDbVertex
100
AcDb2dVertex
 10
158
 20
-250
 70
0
  0
VERTEX
  5
B0D
330
AFC
100
AcDbEntity
  8
0
 62
1
100
AcDbVertex
100
AcDb2dVertex
 10
154
 20
-249.99998474121094
 70
0
  0
VERTEX
  5
B0E
330
AFC
100
AcDbEntity
  8
0
 62
1
100
AcDbVertex
100
AcDb2dVertex
 10
151.79086303710938
 20
-250
 70
0
  0
VERTEX
  5
B0F
330
AFC
100
AcDbEntity
  8
0
 62
1
100
AcDbVertex
100
AcDb2dVertex
 10
150
 20
-248.20913696289063
 70
0
  0
VERTEX
  5
B10
330
AFC
100
AcDbEntity
  8
0
 62
1
100
AcDbVertex
100
AcDb2dVertex
 10
150
 20
-246
 70
0
  0
VERTEX
  5
B11
330
AFC
100
AcDbEntity
  8
0
 62
1
100
AcDbVertex
100
AcDb2dVertex
 10
150
 20
-242
 70
0
  0
VERTEX
  5
B12
330
AFC
100
AcDbEntity
  8
0
 62
1
100
AcDbVertex
100
AcDb2dVertex
 10
150
 20
-198
 70
0
  0
VERTEX
  5
B13
330
AFC
100
AcDbEntity
  8
0
 62
1
100
AcDbVertex
100
AcDb2dVertex
 10
149.99998474121094
 20
-194
 70
0
  0
VERTEX
  5
B14
330
AFC
100
AcDbEntity
  8
0
 62
1
100
AcDbVertex
100
AcDb2dVertex
 10
149.99998474121094
 20
-191.79086303710938
 70
0
  0
VERTEX
  5
B15
330
AFC
100
AcDbEntity
  8
0
 62
1
100
AcDbVertex
100
AcDb2dVertex
 10
151.79084777832031
 20
-190
 70
0
  0
VERTEX
  5
B16
330
AFC
100
AcDbEntity
  8
0
 62
1
100
AcDbVertex
100
AcDb2dVertex
 10
153.99998474121094
 20
-189.99998474121094
 70
0
  0
SEQEND
  5
AFD
100
AcDbEntity
  8
0
  0
POLYLINE
  5
B17
330
1F
100
AcDbEntity
  8
0
 62
0
100
AcDb2dPolyline
 66
1
 70
1
 10
0
 20
0
 30
0
210
0
220
0
230
1
  0
VERTEX
  5
B19
330
B17
100
AcDbEntity
  8
0
 62
0
100
AcDbVertex
100
AcDb2dVertex
 10
140
 20
-235
 70
0
  0
VERTEX
  5
B1A
330
B17
100
AcDbEntity
  8
0
 62
0
100
AcDbVertex
100
AcDb2dVertex
 10
150
 20
-235
 70
0
  0
VERTEX
  5
B1B
330
B17
100
AcDbEntity
  8
0
 62
0
100
AcDbVertex
100
AcDb2dVertex
 10
150
 20
-245
 70
0
  0
VERTEX
  5
B1C
330
B17
100
AcDbEntity
  8
0
 62
0
100
AcDbVertex
100
AcDb2dVertex
 10
140
 20
-245
 70
0
  0
SEQEND
  5
B18
100
AcDbEntity
  8
0
  0
POLYLINE
  5
B1D
330
1F
100
AcDbEntity
  8
0
 62
0
100
AcDb2dPolyline
 66
1
 70
1
 10
0
 20
0
 30
0
210
0
220
0
230
1
  0
VERTEX
  5
B1F
330
B1D
100
AcDbEntity
  8
0
 62
0
100
AcDbVertex
100
AcDb2dVertex
 10
140
 20
-225
 70
0
  0
VERTEX
  5
B20
330
B1D
100
AcDbEntity
  8
0
 62
0
100
AcDbVertex
100
AcDb2dVertex
 10
150
 20
-225
 70
0
  0
VERTEX
  5
B21
330
B1D
100
AcDbEntity
  8
0
 62
0
100
AcDbVertex
100
AcDb2dVertex
 10
150
 20
-235
 70
0
  0
VERTEX
  5
B22
330
B1D
100
AcDbEntity
  8
0
 62
0
100
AcDbVertex
100
AcDb2dVertex
 10
140
 20
-235
 70
0
  0
SEQEND
  5
B1E
100
AcDbEntity
  8
0
  0
POLYLINE
  5
B23
330
1F
100
AcDbEntity
  8
0
 62
0
100
AcDb2dPolyline
 66
1
 70
1
 10
0
 20
0
 30
0
210
0
220
0
230
1
  0
VERTEX
  5
B25
330
B23
100
AcDbEntity
  8
0
 62
0
100
AcDbVertex
100
AcDb2dVertex
 10
140
 20
-215
 70
0
  0
VERTEX
  5
B26
330
B23
100
AcDbEntity
  8
0
 62
0
100
AcDbVertex
100
AcDb2dVertex
 10
150
 20
-215
 70
0
  0
VERTEX
  5
B27
330
B23
100
AcDbEntity
  8
0
 62
0
100
AcDbVertex
100
AcDb2dVertex
 10
150
 20
-225
 70
0
  0
VERTEX
  5
B28
330
B23
100
AcDbEntity
  8
0
 62
0
100
AcDbVertex
100
AcDb2dVertex
 10
140
 20
-225
 70
0
  0
SEQEND
  5
B24
100
AcDbEntity
  8
0
  0
POLYLINE
  5
B29
330
1F
100
AcDbEntity
  8
0
 62
0
100
AcDb2dPolyline
 66
1
 70
1
 10
0
 20
0
 30
0
210
0
220
0
230
1
  0
VERTEX
  5
B2B
330
B29
100
AcDbEntity
  8
0
 62
0
100
AcDbVertex
100
AcDb2dVertex
 10
140
 20
-205
 70
0
  0
VERTEX
  5
B2C
330
B29
100
AcDbEntity
  8
0
 62
0
100
AcDbVertex
100
AcDb2dVertex
 10
150
 20
-205
 70
0
  0
VERTEX
  5
B2D
330
B29
100
AcDbEntity
  8
0
 62
0
100
AcDbVertex
100
AcDb2dVertex
 10
150
 20
-215
 70
0
  0
VERTEX
  5
B2E
330
B29
100
AcDbEntity
  8
0
 62
0
100
AcDbVertex
100
AcDb2dVertex
 10
140
 20
-215
 70
0
  0
SEQEND
  5
B2A
100
AcDbEntity
  8
0
  0
POLYLINE
  5
B2F
330
1F
100
AcDbEntity
  8
0
 62
0
100
AcDb2dPolyline
 66
1
 70
1
 10
0
 20
0
 30
0
210
0
220
0
230
1
  0
VERTEX
  5
B31
330
B2F
100
AcDbEntity
  8
0
 62
0
100
AcDbVertex
100
AcDb2dVertex
 10
140
 20
-195
 70
0
  0
VERTEX
  5
B32
330
B2F
100
AcDbEntity
  8
0
 62
0
100
AcDbVertex
100
AcDb2dVertex
 10
150
 20
-195
 70
0
  0
VERTEX
  5
B33
330
B2F
100
AcDbEntity
  8
0
 62
0
100
AcDbVertex
100
AcDb2dVertex
 10
150
 20
-205
 70
0
  0
VERTEX
  5
B34
330
B2F
100
AcDbEntity
  8
0
 62
0
100
AcDbVertex
100
AcDb2dVertex
 10
140
 20
-205
 70
0
  0
SEQEND
  5
B30
100
AcDbEntity
  8
0
  0
MTEXT
  5
B35
330
1F
100
AcDbEntity
  8
0
100
AcDbMText
 10
157
 20
-214
 30
0
 11
1
 21
0
 31
0
 40
5
 41
0
  1
PCRx Audio
  7
Standard
 71
1
 72
5
210
0
220
0
230
1
  0
TEXT
  5
B36
330
1F
100
AcDbEntity
  8
0
100
AcDbText
 10
156.5
 20
-200.3662109375
 30
0
 40
4
  1

  7
Standard
100
AcDbText
  0
TEXT
  5
B37
330
1F
100
AcDbEntity
  8
0
100
AcDbText
 10
156.5
 20
-210.3662109375
 30
0
 40
4
  1

  7
Standard
100
AcDbText
  0
TEXT
  5
B38
330
1F
100
AcDbEntity
  8
0
100
AcDbText
 10
156.5
 20
-220.3662109375
 30
0
 40
4
  1

  7
Standard
100
AcDbText
  0
TEXT
  5
B39
330
1F
100
AcDbEntity
  8
0
100
AcDbText
 10
156.5
 20
-230.3662109375
 30
0
 40
4
  1

  7
Standard
100
AcDbText
  0
TEXT
  5
B3A
330
1F
100
AcDbEntity
  8
0
100
AcDbText
 10
156.5
 20
-240.3662109375
 30
0
 40
4
  1

  7
Standard
100
AcDbText
  0
POLYLINE
  5
B3B
330
1F
100
AcDbEntity
  8
0
 62
1
100
AcDb2dPolyline
 66
1
 70
1
 10
0
 20
0
 30
0
210
0
220
0
230
1
  0
VERTEX
  5
B3D
330
B3B
100
AcDbEntity
  8
0
 62
1
100
AcDbVertex
100
AcDb2dVertex
 10
317.99996948242188
 20
-190
 70
0
  0
VERTEX
  5
B3E
330
B3B
100
AcDbEntity
  8
0
 62
1
100
AcDbVertex
100
AcDb2dVertex
 10
320.2091064453125
 20
-189.99998474121094
 70
0
  0
VERTEX
  5
B3F
330
B3B
100
AcDbEntity
  8
0
 62
1
100
AcDbVertex
100
AcDb2dVertex
 10
321.99996948242188
 20
-191.79084777832031
 70
0
  0
VERTEX
  5
B40
330
B3B
100
AcDbEntity
  8
0
 62
1
100
AcDbVertex
100
AcDb2dVertex
 10
321.99996948242188
 20
-193.99998474121094
 70
0
  0
VERTEX
  5
B41
330
B3B
100
AcDbEntity
  8
0
 62
1
100
AcDbVertex
100
AcDb2dVertex
 10
321.99996948242188
 20
-193.99998474121094
 70
0
  0
VERTEX
  5
B42
330
B3B
100
AcDbEntity
  8
0
 62
1
100
AcDbVertex
100
AcDb2dVertex
 10
321.99996948242188
 20
-194
 70
0
  0
VERTEX
  5
B43
330
B3B
100
AcDbEntity
  8
0
 62
1
100
AcDbVertex
100
AcDb2dVertex
 10
321.99996948242188
 20
-194
 70
0
  0
VERTEX
  5
B44
330
B3B
100
AcDbEntity
  8
0
 62
1
100
AcDbVertex
100
AcDb2dVertex
 10
322
 20
-198
 70
0
  0
VERTEX
  5
B45
330
B3B
100
AcDbEntity
  8
0
 62
1
100
AcDbVertex
100
AcDb2dVertex
 10
322
 20
-212
 70
0
  0
VERTEX
  5
B46
330
B3B
100
AcDbEntity
  8
0
 62
1
100
AcDbVertex
100
AcDb2dVertex
 10
321.99996948242188
 20
-215.99998474121094
 70
0
  0
VERTEX
  5
B47
330
B3B
100
AcDbEntity
  8
0
 62
1
100
AcDbVertex
100
AcDb2dVertex
 10
321.99996948242188
 20
-218.20913696289063
 70
0
  0
VERTEX
  5
B48
330
B3B
100
AcDbEntity
  8
0
 62
1
100
AcDbVertex
100
AcDb2dVertex
 10
320.20913696289063
 20
-219.99998474121094
 70
0
  0
VERTEX
  5
B49
330
B3B
100
AcDbEntity
  8
0
 62
1
100
AcDbVertex
100
AcDb2dVertex
 10
318
 20
-219.99998474121094
 70
0
  0
VERTEX
  5
B4A
330
B3B
100
AcDbEntity
  8
0
 62
1
100
AcDbVertex
100
AcDb2dVertex
 10
314
 20
-220
 70
0
  0
VERTEX
  5
B4B
330
B3B
100
AcDbEntity
  8
0
 62
1
100
AcDbVertex
100
AcDb2dVertex
 10
258
 20
-220
 70
0
  0
VERTEX
  5
B4C
330
B3B
100
AcDbEntity
  8
0
 62
1
100
AcDbVertex
100
AcDb2dVertex
 10
254
 20
-219.99998474121094
 70
0
  0
VERTEX
  5
B4D
330
B3B
100
AcDbEntity
  8
0
 62
1
100
AcDbVertex
100
AcDb2dVertex
 10
251.79086303710938
 20
-220
 70
0
  0
VERTEX
  5
B4E
330
B3B
100
AcDbEntity
  8
0
 62
1
100
AcDbVertex
100
AcDb2dVertex
 10
250
 20
-218.20913696289063
 70
0
  0
VERTEX
  5
B4F
330
B3B
100
AcDbEntity
  8
0
 62
1
100
AcDbVertex
100
AcDb2dVertex
 10
250
 20
-216
 70
0
  0
VERTEX
  5
B50
330
B3B
100
AcDbEntity
  8
0
 62
1
100
AcDbVertex
100
AcDb2dVertex
 10
250
 20
-212
 70
0
  0
VERTEX
  5
B51
330
B3B
100
AcDbEntity
  8
0
 62
1
100
AcDbVertex
100
AcDb2dVertex
 10
250
 20
-198
 70
0
  0
VERTEX
  5
B52
330
B3B
100
AcDbEntity
  8
0
 62
1
100
AcDbVertex
100
AcDb2dVertex
 10
249.99998474121094
 20
-194
 70
0
  0
VERTEX
  5
B53
330
B3B
100
AcDbEntity
  8
0
 62
1
100
AcDbVertex
100
AcDb2dVertex
 10
249.99998474121094
 20
-191.79086303710938
 70
0
  0
VERTEX
  5
B54
330
B3B
100
AcDbEntity
  8
0
 62
1
100
AcDbVertex
100
AcDb2dVertex
 10
251.79084777832031
 20
-190
 70
0
  0
VERTEX
  5
B55
330
B3B
100
AcDbEntity
  8
0
 62
1
100
AcDbVertex
100
AcDb2dVertex
 10
253.99998474121094
 20
-189.99998474121094
 70
0
  0
SEQEND
  5
B3C
100
AcDbEntity
  8
0
  0
POLYLINE
  5
B56
330
1F
100
AcDbEntity
  8
0
 62
0
100
AcDb2dPolyline
 66
1
 70
1
 10
0
 20
0
 30
0
210
0
220
0
230
1
  0
VERTEX
  5
B58
330
B56
100
AcDbEntity
  8
0
 62
0
100
AcDbVertex
100
AcDb2dVertex
 10
323
 20
-205
 70
0
  0
VERTEX
  5
B59
330
B56
100
AcDbEntity
  8
0
 62
0
100
AcDbVertex
100
AcDb2dVertex
 10
333
 20
-205
 70
0
  0
VERTEX
  5
B5A
330
B56
100
AcDbEntity
  8
0
 62
0
100
AcDbVertex
100
AcDb2dVertex
 10
333
 20
-215
 70
0
  0
VERTEX
  5
B5B
330
B56
100
AcDbEntity
  8
0
 62
0
100
AcDbVertex
100
AcDb2dVertex
 10
323
 20
-215
 70
0
  0
SEQEND
  5
B57
100
AcDbEntity
  8
0
  0
POLYLINE
  5
B5C
330
1F
100
AcDbEntity
  8
0
 62
0
100
AcDb2dPolyline
 66
1
 70
1
 10
0
 20
0
 30
0
210
0
220
0
230
1
  0
VERTEX
  5
B5E
330
B5C
100
AcDbEntity
  8
0
 62
0
100
AcDbVertex
100
AcDb2dVertex
 10
323
 20
-195
 70
0
  0
VERTEX
  5
B5F
330
B5C
100
AcDbEntity
  8
0
 62
0
100
AcDbVertex
100
AcDb2dVertex
 10
333
 20
-195
 70
0
  0
VERTEX
  5
B60
330
B5C
100
AcDbEntity
  8
0
 62
0
100
AcDbVertex
100
AcDb2dVertex
 10
333
 20
-205
 70
0
  0
VERTEX
  5
B61
330
B5C
100
AcDbEntity
  8
0
 62
0
100
AcDbVertex
100
AcDb2dVertex
 10
323
 20
-205
 70
0
  0
SEQEND
  5
B5D
100
AcDbEntity
  8
0
  0
MTEXT
  5
B62
330
1F
100
AcDbEntity
  8
0
100
AcDbMText
 10
257
 20
-199
 30
0
 11
1
 21
0
 31
0
 40
5
 41
0
  1
PCTx Audio
  7
Standard
 71
1
 72
5
210
0
220
0
230
1
  0
TEXT
  5
B63
330
1F
100
AcDbEntity
  8
0
100
AcDbText
 10
317.5
 20
-200.3662109375
 30
0
 40
4
  1

  7
Standard
100
AcDbText
  0
TEXT
  5
B64
330
1F
100
AcDbEntity
  8
0
100
AcDbText
 10
317.5
 20
-210.3662109375
 30
0
 40
4
  1

  7
Standard
100
AcDbText
  0
POLYLINE
  5
B65
330
1F
100
AcDbEntity
  8
0
 62
1
100
AcDb2dPolyline
 66
1
 70
1
 10
0
 20
0
 30
0
210
0
220
0
230
1
  0
VERTEX
  5
B67
330
B65
100
AcDbEntity
  8
0
 62
1
100
AcDbVertex
100
AcDb2dVertex
 10
306.99996948242188
 20
-236
 70
0
  0
VERTEX
  5
B68
330
B65
100
AcDbEntity
  8
0
 62
1
100
AcDbVertex
100
AcDb2dVertex
 10
309.2091064453125
 20
-235.99998474121094
 70
0
  0
VERTEX
  5
B69
330
B65
100
AcDbEntity
  8
0
 62
1
100
AcDbVertex
100
AcDb2dVertex
 10
310.99996948242188
 20
-237.79084777832031
 70
0
  0
VERTEX
  5
B6A
330
B65
100
AcDbEntity
  8
0
 62
1
100
AcDbVertex
100
AcDb2dVertex
 10
310.99996948242188
 20
-239.99998474121094
 70
0
  0
VERTEX
  5
B6B
330
B65
100
AcDbEntity
  8
0
 62
1
100
AcDbVertex
100
AcDb2dVertex
 10
310.99996948242188
 20
-239.99998474121094
 70
0
  0
VERTEX
  5
B6C
330
B65
100
AcDbEntity
  8
0
 62
1
100
AcDbVertex
100
AcDb2dVertex
 10
310.99996948242188
 20
-240
 70
0
  0
VERTEX
  5
B6D
330
B65
100
AcDbEntity
  8
0
 62
1
100
AcDbVertex
100
AcDb2dVertex
 10
310.99996948242188
 20
-240
 70
0
  0
VERTEX
  5
B6E
330
B65
100
AcDbEntity
  8
0
 62
1
100
AcDbVertex
100
AcDb2dVertex
 10
311
 20
-244
 70
0
  0
VERTEX
  5
B6F
330
B65
100
AcDbEntity
  8
0
 62
1
100
AcDbVertex
100
AcDb2dVertex
 10
311
 20
-252
 70
0
  0
VERTEX
  5
B70
330
B65
100
AcDbEntity
  8
0
 62
1
100
AcDbVertex
100
AcDb2dVertex
 10
310.99996948242188
 20
-255.99998474121094
 70
0
  0
VERTEX
  5
B71
330
B65
100
AcDbEntity
  8
0
 62
1
100
AcDbVertex
100
AcDb2dVertex
 10
310.99996948242188
 20
-258.20913696289063
 70
0
  0
VERTEX
  5
B72
330
B65
100
AcDbEntity
  8
0
 62
1
100
AcDbVertex
100
AcDb2dVertex
 10
309.20913696289063
 20
-259.99996948242188
 70
0
  0
VERTEX
  5
B73
330
B65
100
AcDbEntity
  8
0
 62
1
100
AcDbVertex
100
AcDb2dVertex
 10
307
 20
-259.99996948242188
 70
0
  0
VERTEX
  5
B74
330
B65
100
AcDbEntity
  8
0
 62
1
100
AcDbVertex
100
AcDb2dVertex
 10
303
 20
-260
 70
0
  0
VERTEX
  5
B75
330
B65
100
AcDbEntity
  8
0
 62
1
100
AcDbVertex
100
AcDb2dVertex
 10
248
 20
-260
 70
0
  0
VERTEX
  5
B76
330
B65
100
AcDbEntity
  8
0
 62
1
100
AcDbVertex
100
AcDb2dVertex
 10
244
 20
-259.99996948242188
 70
0
  0
VERTEX
  5
B77
330
B65
100
AcDbEntity
  8
0
 62
1
100
AcDbVertex
100
AcDb2dVertex
 10
241.79086303710938
 20
-260
 70
0
  0
VERTEX
  5
B78
330
B65
100
AcDbEntity
  8
0
 62
1
100
AcDbVertex
100
AcDb2dVertex
 10
240
 20
-258.20913696289063
 70
0
  0
VERTEX
  5
B79
330
B65
100
AcDbEntity
  8
0
 62
1
100
AcDbVertex
100
AcDb2dVertex
 10
240
 20
-256
 70
0
  0
VERTEX
  5
B7A
330
B65
100
AcDbEntity
  8
0
 62
1
100
AcDbVertex
100
AcDb2dVertex
 10
240
 20
-252
 70
0
  0
VERTEX
  5
B7B
330
B65
100
AcDbEntity
  8
0
 62
1
100
AcDbVertex
100
AcDb2dVertex
 10
240
 20
-244
 70
0
  0
VERTEX
  5
B7C
330
B65
100
AcDbEntity
  8
0
 62
1
100
AcDbVertex
100
AcDb2dVertex
 10
239.99998474121094
 20
-240
 70
0
  0
VERTEX
  5
B7D
330
B65
100
AcDbEntity
  8
0
 62
1
100
AcDbVertex
100
AcDb2dVertex
 10
239.99998474121094
 20
-237.79086303710938
 70
0
  0
VERTEX
  5
B7E
330
B65
100
AcDbEntity
  8
0
 62
1
100
AcDbVertex
100
AcDb2dVertex
 10
241.79084777832031
 20
-236
 70
0
  0
VERTEX
  5
B7F
330
B65
100
AcDbEntity
  8
0
 62
1
100
AcDbVertex
100
AcDb2dVertex
 10
243.99998474121094
 20
-235.99998474121094
 70
0
  0
SEQEND
  5
B66
100
AcDbEntity
  8
0
  0
POLYLINE
  5
B80
330
1F
100
AcDbEntity
  8
0
 62
0
100
AcDb2dPolyline
 66
1
 70
1
 10
0
 20
0
 30
0
210
0
220
0
230
1
  0
VERTEX
  5
B82
330
B80
100
AcDbEntity
  8
0
 62
0
100
AcDbVertex
100
AcDb2dVertex
 10
255
 20
-261
 70
0
  0
VERTEX
  5
B83
330
B80
100
AcDbEntity
  8
0
 62
0
100
AcDbVertex
100
AcDb2dVertex
 10
265
 20
-261
 70
0
  0
VERTEX
  5
B84
330
B80
100
AcDbEntity
  8
0
 62
0
100
AcDbVertex
100
AcDb2dVertex
 10
265
 20
-271
 70
0
  0
VERTEX
  5
B85
330
B80
100
AcDbEntity
  8
0
 62
0
100
AcDbVertex
100
AcDb2dVertex
 10
255
 20
-271
 70
0
  0
SEQEND
  5
B81
100
AcDbEntity
  8
0
  0
POLYLINE
  5
B86
330
1F
100
AcDbEntity
  8
0
 62
0
100
AcDb2dPolyline
 66
1
 70
1
 10
0
 20
0
 30
0
210
0
220
0
230
1
  0
VERTEX
  5
B88
330
B86
100
AcDbEntity
  8
0
 62
0
100
AcDbVertex
100
AcDb2dVertex
 10
245
 20
-261
 70
0
  0
VERTEX
  5
B89
330
B86
100
AcDbEntity
  8
0
 62
0
100
AcDbVertex
100
AcDb2dVertex
 10
255
 20
-261
 70
0
  0
VERTEX
  5
B8A
330
B86
100
AcDbEntity
  8
0
 62
0
100
AcDbVertex
100
AcDb2dVertex
 10
255
 20
-271
 70
0
  0
VERTEX
  5
B8B
330
B86
100
AcDbEntity
  8
0
 62
0
100
AcDbVertex
100
AcDb2dVertex
 10
245
 20
-271
 70
0
  0
SEQEND
  5
B87
100
AcDbEntity
  8
0
  0
MTEXT
  5
B8C
330
1F
100
AcDbEntity
  8
0
100
AcDbMText
 10
246.5
 20
-242
 30
0
 11
1
 21
0
 31
0
 40
5
 41
0
  1
PCTx Logic
  7
Standard
 71
1
 72
5
210
0
220
0
230
1
  0
TEXT
  5
B8D
330
1F
100
AcDbEntity
  8
0
100
AcDbText
 10
250
 20
-254.6337890625
 30
0
 40
4
  1

 50
90
  7
Standard
100
AcDbText
  0
TEXT
  5
B8E
330
1F
100
AcDbEntity
  8
0
100
AcDbText
 10
260
 20
-254.6337890625
 30
0
 40
4
  1

 50
90
  7
Standard
100
AcDbText
  0
POLYLINE
  5
B8F
330
1F
100
AcDbEntity
  8
0
 62
1
100
AcDb2dPolyline
 66
1
 70
1
 10
0
 20
0
 30
0
210
0
220
0
230
1
  0
VERTEX
  5
B91
330
B8F
100
AcDbEntity
  8
0
 62
1
100
AcDbVertex
100
AcDb2dVertex
 10
1299.295166015625
 20
-410
 70
0
  0
VERTEX
  5
B92
330
B8F
100
AcDbEntity
  8
0
 62
1
100
AcDbVertex
100
AcDb2dVertex
 10
1301.50439453125
 20
-409.99996948242188
 70
0
  0
VERTEX
  5
B93
330
B8F
100
AcDbEntity
  8
0
 62
1
100
AcDbVertex
100
AcDb2dVertex
 10
1303.295166015625
 20
-411.79083251953125
 70
0
  0
VERTEX
  5
B94
330
B8F
100
AcDbEntity
  8
0
 62
1
100
AcDbVertex
100
AcDb2dVertex
 10
1303.295166015625
 20
-413.99996948242188
 70
0
  0
VERTEX
  5
B95
330
B8F
100
AcDbEntity
  8
0
 62
1
100
AcDbVertex
100
AcDb2dVertex
 10
1303.295166015625
 20
-413.99996948242188
 70
0
  0
VERTEX
  5
B96
330
B8F
100
AcDbEntity
  8
0
 62
1
100
AcDbVertex
100
AcDb2dVertex
 10
1303.295166015625
 20
-414
 70
0
  0
VERTEX
  5
B97
330
B8F
100
AcDbEntity
  8
0
 62
1
100
AcDbVertex
100
AcDb2dVertex
 10
1303.295166015625
 20
-414
 70
0
  0
VERTEX
  5
B98
330
B8F
100
AcDbEntity
  8
0
 62
1
100
AcDbVertex
100
AcDb2dVertex
 10
1303.2952880859375
 20
-418
 70
0
  0
VERTEX
  5
B99
330
B8F
100
AcDbEntity
  8
0
 62
1
100
AcDbVertex
100
AcDb2dVertex
 10
1303.2952880859375
 20
-502
 70
0
  0
VERTEX
  5
B9A
330
B8F
100
AcDbEntity
  8
0
 62
1
100
AcDbVertex
100
AcDb2dVertex
 10
1303.295166015625
 20
-505.99996948242188
 70
0
  0
VERTEX
  5
B9B
330
B8F
100
AcDbEntity
  8
0
 62
1
100
AcDbVertex
100
AcDb2dVertex
 10
1303.295166015625
 20
-508.20913696289063
 70
0
  0
VERTEX
  5
B9C
330
B8F
100
AcDbEntity
  8
0
 62
1
100
AcDbVertex
100
AcDb2dVertex
 10
1301.50439453125
 20
-509.99996948242188
 70
0
  0
VERTEX
  5
B9D
330
B8F
100
AcDbEntity
  8
0
 62
1
100
AcDbVertex
100
AcDb2dVertex
 10
1299.2952880859375
 20
-509.99996948242188
 70
0
  0
VERTEX
  5
B9E
330
B8F
100
AcDbEntity
  8
0
 62
1
100
AcDbVertex
100
AcDb2dVertex
 10
1295.2952880859375
 20
-510
 70
0
  0
VERTEX
  5
B9F
330
B8F
100
AcDbEntity
  8
0
 62
1
100
AcDbVertex
100
AcDb2dVertex
 10
1068
 20
-510
 70
0
  0
VERTEX
  5
BA0
330
B8F
100
AcDbEntity
  8
0
 62
1
100
AcDbVertex
100
AcDb2dVertex
 10
1064
 20
-509.99996948242188
 70
0
  0
VERTEX
  5
BA1
330
B8F
100
AcDbEntity
  8
0
 62
1
100
AcDbVertex
100
AcDb2dVertex
 10
1061.790771484375
 20
-510
 70
0
  0
VERTEX
  5
BA2
330
B8F
100
AcDbEntity
  8
0
 62
1
100
AcDbVertex
100
AcDb2dVertex
 10
1060
 20
-508.20913696289063
 70
0
  0
VERTEX
  5
BA3
330
B8F
100
AcDbEntity
  8
0
 62
1
100
AcDbVertex
100
AcDb2dVertex
 10
1060
 20
-506
 70
0
  0
VERTEX
  5
BA4
330
B8F
100
AcDbEntity
  8
0
 62
1
100
AcDbVertex
100
AcDb2dVertex
 10
1060
 20
-502
 70
0
  0
VERTEX
  5
BA5
330
B8F
100
AcDbEntity
  8
0
 62
1
100
AcDbVertex
100
AcDb2dVertex
 10
1060
 20
-418
 70
0
  0
VERTEX
  5
BA6
330
B8F
100
AcDbEntity
  8
0
 62
1
100
AcDbVertex
100
AcDb2dVertex
 10
1059.9998779296875
 20
-414
 70
0
  0
VERTEX
  5
BA7
330
B8F
100
AcDbEntity
  8
0
 62
1
100
AcDbVertex
100
AcDb2dVertex
 10
1059.9998779296875
 20
-411.79086303710938
 70
0
  0
VERTEX
  5
BA8
330
B8F
100
AcDbEntity
  8
0
 62
1
100
AcDbVertex
100
AcDb2dVertex
 10
1061.790771484375
 20
-410
 70
0
  0
VERTEX
  5
BA9
330
B8F
100
AcDbEntity
  8
0
 62
1
100
AcDbVertex
100
AcDb2dVertex
 10
1063.9998779296875
 20
-409.99996948242188
 70
0
  0
SEQEND
  5
B90
100
AcDbEntity
  8
0
  0
MTEXT
  5
BAA
330
1F
100
AcDbEntity
  8
0
100
AcDbMText
 10
1061.7239990234375
 20
-405
 30
0
 11
1
 21
0
 31
0
 40
7
 41
0
  1
Room 1-4
  7
Standard
 71
1
 72
5
210
0
220
0
230
1
  0
POLYLINE
  5
BAB
330
1F
100
AcDbEntity
  8
0
 62
1
100
AcDb2dPolyline
 66
1
 70
1
 10
0
 20
0
 30
0
210
0
220
0
230
1
  0
VERTEX
  5
BAD
330
BAB
100
AcDbEntity
  8
0
 62
1
100
AcDbVertex
100
AcDb2dVertex
 10
1124.8548583984375
 20
-440
 70
0
  0
VERTEX
  5
BAE
330
BAB
100
AcDbEntity
  8
0
 62
1
100
AcDbVertex
100
AcDb2dVertex
 10
1127.0640869140625
 20
-439.99996948242188
 70
0
  0
VERTEX
  5
BAF
330
BAB
100
AcDbEntity
  8
0
 62
1
100
AcDbVertex
100
AcDb2dVertex
 10
1128.8548583984375
 20
-441.79083251953125
 70
0
  0
VERTEX
  5
BB0
330
BAB
100
AcDbEntity
  8
0
 62
1
100
AcDbVertex
100
AcDb2dVertex
 10
1128.8548583984375
 20
-443.99996948242188
 70
0
  0
VERTEX
  5
BB1
330
BAB
100
AcDbEntity
  8
0
 62
1
100
AcDbVertex
100
AcDb2dVertex
 10
1128.8548583984375
 20
-443.99996948242188
 70
0
  0
VERTEX
  5
BB2
330
BAB
100
AcDbEntity
  8
0
 62
1
100
AcDbVertex
100
AcDb2dVertex
 10
1128.8548583984375
 20
-444
 70
0
  0
VERTEX
  5
BB3
330
BAB
100
AcDbEntity
  8
0
 62
1
100
AcDbVertex
100
AcDb2dVertex
 10
1128.8548583984375
 20
-444
 70
0
  0
VERTEX
  5
BB4
330
BAB
100
AcDbEntity
  8
0
 62
1
100
AcDbVertex
100
AcDb2dVertex
 10
1128.85498046875
 20
-448
 70
0
  0
VERTEX
  5
BB5
330
BAB
100
AcDbEntity
  8
0
 62
1
100
AcDbVertex
100
AcDb2dVertex
 10
1128.85498046875
 20
-492
 70
0
  0
VERTEX
  5
BB6
330
BAB
100
AcDbEntity
  8
0
 62
1
100
AcDbVertex
100
AcDb2dVertex
 10
1128.8548583984375
 20
-495.99996948242188
 70
0
  0
VERTEX
  5
BB7
330
BAB
100
AcDbEntity
  8
0
 62
1
100
AcDbVertex
100
AcDb2dVertex
 10
1128.8548583984375
 20
-498.20913696289063
 70
0
  0
VERTEX
  5
BB8
330
BAB
100
AcDbEntity
  8
0
 62
1
100
AcDbVertex
100
AcDb2dVertex
 10
1127.0640869140625
 20
-499.99996948242188
 70
0
  0
VERTEX
  5
BB9
330
BAB
100
AcDbEntity
  8
0
 62
1
100
AcDbVertex
100
AcDb2dVertex
 10
1124.85498046875
 20
-499.99996948242188
 70
0
  0
VERTEX
  5
BBA
330
BAB
100
AcDbEntity
  8
0
 62
1
100
AcDbVertex
100
AcDb2dVertex
 10
1120.85498046875
 20
-500
 70
0
  0
VERTEX
  5
BBB
330
BAB
100
AcDbEntity
  8
0
 62
1
100
AcDbVertex
100
AcDb2dVertex
 10
1063.85498046875
 20
-500
 70
0
  0
VERTEX
  5
BBC
330
BAB
100
AcDbEntity
  8
0
 62
1
100
AcDbVertex
100
AcDb2dVertex
 10
1059.85498046875
 20
-499.99996948242188
 70
0
  0
VERTEX
  5
BBD
330
BAB
100
AcDbEntity
  8
0
 62
1
100
AcDbVertex
100
AcDb2dVertex
 10
1057.645751953125
 20
-500
 70
0
  0
VERTEX
  5
BBE
330
BAB
100
AcDbEntity
  8
0
 62
1
100
AcDbVertex
100
AcDb2dVertex
 10
1055.85498046875
 20
-498.20913696289063
 70
0
  0
VERTEX
  5
BBF
330
BAB
100
AcDbEntity
  8
0
 62
1
100
AcDbVertex
100
AcDb2dVertex
 10
1055.85498046875
 20
-496
 70
0
  0
VERTEX
  5
BC0
330
BAB
100
AcDbEntity
  8
0
 62
1
100
AcDbVertex
100
AcDb2dVertex
 10
1055.85498046875
 20
-492
 70
0
  0
VERTEX
  5
BC1
330
BAB
100
AcDbEntity
  8
0
 62
1
100
AcDbVertex
100
AcDb2dVertex
 10
1055.85498046875
 20
-448
 70
0
  0
VERTEX
  5
BC2
330
BAB
100
AcDbEntity
  8
0
 62
1
100
AcDbVertex
100
AcDb2dVertex
 10
1055.8548583984375
 20
-444
 70
0
  0
VERTEX
  5
BC3
330
BAB
100
AcDbEntity
  8
0
 62
1
100
AcDbVertex
100
AcDb2dVertex
 10
1055.8548583984375
 20
-441.79086303710938
 70
0
  0
VERTEX
  5
BC4
330
BAB
100
AcDbEntity
  8
0
 62
1
100
AcDbVertex
100
AcDb2dVertex
 10
1057.645751953125
 20
-440
 70
0
  0
VERTEX
  5
BC5
330
BAB
100
AcDbEntity
  8
0
 62
1
100
AcDbVertex
100
AcDb2dVertex
 10
1059.8548583984375
 20
-439.99996948242188
 70
0
  0
SEQEND
  5
BAC
100
AcDbEntity
  8
0
  0
POLYLINE
  5
BC6
330
1F
100
AcDbEntity
  8
0
 62
0
100
AcDb2dPolyline
 66
1
 70
1
 10
0
 20
0
 30
0
210
0
220
0
230
1
  0
VERTEX
  5
BC8
330
BC6
100
AcDbEntity
  8
0
 62
0
100
AcDbVertex
100
AcDb2dVertex
 10
1045.85498046875
 20
-485
 70
0
  0
VERTEX
  5
BC9
330
BC6
100
AcDbEntity
  8
0
 62
0
100
AcDbVertex
100
AcDb2dVertex
 10
1055.85498046875
 20
-485
 70
0
  0
VERTEX
  5
BCA
330
BC6
100
AcDbEntity
  8
0
 62
0
100
AcDbVertex
100
AcDb2dVertex
 10
1055.85498046875
 20
-495
 70
0
  0
VERTEX
  5
BCB
330
BC6
100
AcDbEntity
  8
0
 62
0
100
AcDbVertex
100
AcDb2dVertex
 10
1045.85498046875
 20
-495
 70
0
  0
SEQEND
  5
BC7
100
AcDbEntity
  8
0
  0
POLYLINE
  5
BCC
330
1F
100
AcDbEntity
  8
0
 62
0
100
AcDb2dPolyline
 66
1
 70
1
 10
0
 20
0
 30
0
210
0
220
0
230
1
  0
VERTEX
  5
BCE
330
BCC
100
AcDbEntity
  8
0
 62
0
100
AcDbVertex
100
AcDb2dVertex
 10
1045.85498046875
 20
-475
 70
0
  0
VERTEX
  5
BCF
330
BCC
100
AcDbEntity
  8
0
 62
0
100
AcDbVertex
100
AcDb2dVertex
 10
1055.85498046875
 20
-475
 70
0
  0
VERTEX
  5
BD0
330
BCC
100
AcDbEntity
  8
0
 62
0
100
AcDbVertex
100
AcDb2dVertex
 10
1055.85498046875
 20
-485
 70
0
  0
VERTEX
  5
BD1
330
BCC
100
AcDbEntity
  8
0
 62
0
100
AcDbVertex
100
AcDb2dVertex
 10
1045.85498046875
 20
-485
 70
0
  0
SEQEND
  5
BCD
100
AcDbEntity
  8
0
  0
POLYLINE
  5
BD2
330
1F
100
AcDbEntity
  8
0
 62
0
100
AcDb2dPolyline
 66
1
 70
1
 10
0
 20
0
 30
0
210
0
220
0
230
1
  0
VERTEX
  5
BD4
330
BD2
100
AcDbEntity
  8
0
 62
0
100
AcDbVertex
100
AcDb2dVertex
 10
1045.85498046875
 20
-465
 70
0
  0
VERTEX
  5
BD5
330
BD2
100
AcDbEntity
  8
0
 62
0
100
AcDbVertex
100
AcDb2dVertex
 10
1055.85498046875
 20
-465
 70
0
  0
VERTEX
  5
BD6
330
BD2
100
AcDbEntity
  8
0
 62
0
100
AcDbVertex
100
AcDb2dVertex
 10
1055.85498046875
 20
-475
 70
0
  0
VERTEX
  5
BD7
330
BD2
100
AcDbEntity
  8
0
 62
0
100
AcDbVertex
100
AcDb2dVertex
 10
1045.85498046875
 20
-475
 70
0
  0
SEQEND
  5
BD3
100
AcDbEntity
  8
0
  0
POLYLINE
  5
BD8
330
1F
100
AcDbEntity
  8
0
 62
0
100
AcDb2dPolyline
 66
1
 70
1
 10
0
 20
0
 30
0
210
0
220
0
230
1
  0
VERTEX
  5
BDA
330
BD8
100
AcDbEntity
  8
0
 62
0
100
AcDbVertex
100
AcDb2dVertex
 10
1045.85498046875
 20
-455
 70
0
  0
VERTEX
  5
BDB
330
BD8
100
AcDbEntity
  8
0
 62
0
100
AcDbVertex
100
AcDb2dVertex
 10
1055.85498046875
 20
-455
 70
0
  0
VERTEX
  5
BDC
330
BD8
100
AcDbEntity
  8
0
 62
0
100
AcDbVertex
100
AcDb2dVertex
 10
1055.85498046875
 20
-465
 70
0
  0
VERTEX
  5
BDD
330
BD8
100
AcDbEntity
  8
0
 62
0
100
AcDbVertex
100
AcDb2dVertex
 10
1045.85498046875
 20
-465
 70
0
  0
SEQEND
  5
BD9
100
AcDbEntity
  8
0
  0
POLYLINE
  5
BDE
330
1F
100
AcDbEntity
  8
0
 62
0
100
AcDb2dPolyline
 66
1
 70
1
 10
0
 20
0
 30
0
210
0
220
0
230
1
  0
VERTEX
  5
BE0
330
BDE
100
AcDbEntity
  8
0
 62
0
100
AcDbVertex
100
AcDb2dVertex
 10
1045.85498046875
 20
-445
 70
0
  0
VERTEX
  5
BE1
330
BDE
100
AcDbEntity
  8
0
 62
0
100
AcDbVertex
100
AcDb2dVertex
 10
1055.85498046875
 20
-445
 70
0
  0
VERTEX
  5
BE2
330
BDE
100
AcDbEntity
  8
0
 62
0
100
AcDbVertex
100
AcDb2dVertex
 10
1055.85498046875
 20
-455
 70
0
  0
VERTEX
  5
BE3
330
BDE
100
AcDbEntity
  8
0
 62
0
100
AcDbVertex
100
AcDb2dVertex
 10
1045.85498046875
 20
-455
 70
0
  0
SEQEND
  5
BDF
100
AcDbEntity
  8
0
  0
MTEXT
  5
BE4
330
1F
100
AcDbEntity
  8
0
100
AcDbMText
 10
1062.85498046875
 20
-464
 30
0
 11
1
 21
0
 31
0
 40
5
 41
0
  1
PCRx Audio
  7
Standard
 71
1
 72
5
210
0
220
0
230
1
  0
TEXT
  5
BE5
330
1F
100
AcDbEntity
  8
0
100
AcDbText
 10
1062.35498046875
 20
-450.3662109375
 30
0
 40
4
  1

  7
Standard
100
AcDbText
  0
TEXT
  5
BE6
330
1F
100
AcDbEntity
  8
0
100
AcDbText
 10
1062.35498046875
 20
-460.3662109375
 30
0
 40
4
  1

  7
Standard
100
AcDbText
  0
TEXT
  5
BE7
330
1F
100
AcDbEntity
  8
0
100
AcDbText
 10
1062.35498046875
 20
-470.3662109375
 30
0
 40
4
  1

  7
Standard
100
AcDbText
  0
TEXT
  5
BE8
330
1F
100
AcDbEntity
  8
0
100
AcDbText
 10
1062.35498046875
 20
-480.3662109375
 30
0
 40
4
  1

  7
Standard
100
AcDbText
  0
TEXT
  5
BE9
330
1F
100
AcDbEntity
  8
0
100
AcDbText
 10
1062.35498046875
 20
-490.3662109375
 30
0
 40
4
  1

  7
Standard
100
AcDbText
  0
POLYLINE
  5
BEA
330
1F
100
AcDbEntity
  8
0
 62
1
100
AcDb2dPolyline
 66
1
 70
1
 10
0
 20
0
 30
0
210
0
220
0
230
1
  0
VERTEX
  5
BEC
330
BEA
100
AcDbEntity
  8
0
 62
1
100
AcDbVertex
100
AcDb2dVertex
 10
1299.2952880859375
 20
-440
 70
0
  0
VERTEX
  5
BED
330
BEA
100
AcDbEntity
  8
0
 62
1
100
AcDbVertex
100
AcDb2dVertex
 10
1301.5045166015625
 20
-439.99996948242188
 70
0
  0
VERTEX
  5
BEE
330
BEA
100
AcDbEntity
  8
0
 62
1
100
AcDbVertex
100
AcDb2dVertex
 10
1303.2952880859375
 20
-441.79083251953125
 70
0
  0
VERTEX
  5
BEF
330
BEA
100
AcDbEntity
  8
0
 62
1
100
AcDbVertex
100
AcDb2dVertex
 10
1303.2952880859375
 20
-443.99996948242188
 70
0
  0
VERTEX
  5
BF0
330
BEA
100
AcDbEntity
  8
0
 62
1
100
AcDbVertex
100
AcDb2dVertex
 10
1303.2952880859375
 20
-443.99996948242188
 70
0
  0
VERTEX
  5
BF1
330
BEA
100
AcDbEntity
  8
0
 62
1
100
AcDbVertex
100
AcDb2dVertex
 10
1303.2952880859375
 20
-444
 70
0
  0
VERTEX
  5
BF2
330
BEA
100
AcDbEntity
  8
0
 62
1
100
AcDbVertex
100
AcDb2dVertex
 10
1303.2952880859375
 20
-444
 70
0
  0
VERTEX
  5
BF3
330
BEA
100
AcDbEntity
  8
0
 62
1
100
AcDbVertex
100
AcDb2dVertex
 10
1303.29541015625
 20
-448
 70
0
  0
VERTEX
  5
BF4
330
BEA
100
AcDbEntity
  8
0
 62
1
100
AcDbVertex
100
AcDb2dVertex
 10
1303.29541015625
 20
-482
 70
0
  0
VERTEX
  5
BF5
330
BEA
100
AcDbEntity
  8
0
 62
1
100
AcDbVertex
100
AcDb2dVertex
 10
1303.2952880859375
 20
-485.99996948242188
 70
0
  0
VERTEX
  5
BF6
330
BEA
100
AcDbEntity
  8
0
 62
1
100
AcDbVertex
100
AcDb2dVertex
 10
1303.2952880859375
 20
-488.20913696289063
 70
0
  0
VERTEX
  5
BF7
330
BEA
100
AcDbEntity
  8
0
 62
1
100
AcDbVertex
100
AcDb2dVertex
 10
1301.5045166015625
 20
-489.99996948242188
 70
0
  0
VERTEX
  5
BF8
330
BEA
100
AcDbEntity
  8
0
 62
1
100
AcDbVertex
100
AcDb2dVertex
 10
1299.29541015625
 20
-489.99996948242188
 70
0
  0
VERTEX
  5
BF9
330
BEA
100
AcDbEntity
  8
0
 62
1
100
AcDbVertex
100
AcDb2dVertex
 10
1295.29541015625
 20
-490
 70
0
  0
VERTEX
  5
BFA
330
BEA
100
AcDbEntity
  8
0
 62
1
100
AcDbVertex
100
AcDb2dVertex
 10
1239.29541015625
 20
-490
 70
0
  0
VERTEX
  5
BFB
330
BEA
100
AcDbEntity
  8
0
 62
1
100
AcDbVertex
100
AcDb2dVertex
 10
1235.29541015625
 20
-489.99996948242188
 70
0
  0
VERTEX
  5
BFC
330
BEA
100
AcDbEntity
  8
0
 62
1
100
AcDbVertex
100
AcDb2dVertex
 10
1233.086181640625
 20
-490
 70
0
  0
VERTEX
  5
BFD
330
BEA
100
AcDbEntity
  8
0
 62
1
100
AcDbVertex
100
AcDb2dVertex
 10
1231.29541015625
 20
-488.20913696289063
 70
0
  0
VERTEX
  5
BFE
330
BEA
100
AcDbEntity
  8
0
 62
1
100
AcDbVertex
100
AcDb2dVertex
 10
1231.29541015625
 20
-486
 70
0
  0
VERTEX
  5
BFF
330
BEA
100
AcDbEntity
  8
0
 62
1
100
AcDbVertex
100
AcDb2dVertex
 10
1231.29541015625
 20
-482
 70
0
  0
VERTEX
  5
C00
330
BEA
100
AcDbEntity
  8
0
 62
1
100
AcDbVertex
100
AcDb2dVertex
 10
1231.29541015625
 20
-448
 70
0
  0
VERTEX
  5
C01
330
BEA
100
AcDbEntity
  8
0
 62
1
100
AcDbVertex
100
AcDb2dVertex
 10
1231.2952880859375
 20
-444
 70
0
  0
VERTEX
  5
C02
330
BEA
100
AcDbEntity
  8
0
 62
1
100
AcDbVertex
100
AcDb2dVertex
 10
1231.2952880859375
 20
-441.79086303710938
 70
0
  0
VERTEX
  5
C03
330
BEA
100
AcDbEntity
  8
0
 62
1
100
AcDbVertex
100
AcDb2dVertex
 10
1233.086181640625
 20
-440
 70
0
  0
VERTEX
  5
C04
330
BEA
100
AcDbEntity
  8
0
 62
1
100
AcDbVertex
100
AcDb2dVertex
 10
1235.2952880859375
 20
-439.99996948242188
 70
0
  0
SEQEND
  5
BEB
100
AcDbEntity
  8
0
  0
POLYLINE
  5
C05
330
1F
100
AcDbEntity
  8
0
 62
0
100
AcDb2dPolyline
 66
1
 70
1
 10
0
 20
0
 30
0
210
0
220
0
230
1
  0
VERTEX
  5
C07
330
C05
100
AcDbEntity
  8
0
 62
0
100
AcDbVertex
100
AcDb2dVertex
 10
1304.29541015625
 20
-475
 70
0
  0
VERTEX
  5
C08
330
C05
100
AcDbEntity
  8
0
 62
0
100
AcDbVertex
100
AcDb2dVertex
 10
1314.29541015625
 20
-475
 70
0
  0
VERTEX
  5
C09
330
C05
100
AcDbEntity
  8
0
 62
0
100
AcDbVertex
100
AcDb2dVertex
 10
1314.29541015625
 20
-485
 70
0
  0
VERTEX
  5
C0A
330
C05
100
AcDbEntity
  8
0
 62
0
100
AcDbVertex
100
AcDb2dVertex
 10
1304.29541015625
 20
-485
 70
0
  0
SEQEND
  5
C06
100
AcDbEntity
  8
0
  0
POLYLINE
  5
C0B
330
1F
100
AcDbEntity
  8
0
 62
0
100
AcDb2dPolyline
 66
1
 70
1
 10
0
 20
0
 30
0
210
0
220
0
230
1
  0
VERTEX
  5
C0D
330
C0B
100
AcDbEntity
  8
0
 62
0
100
AcDbVertex
100
AcDb2dVertex
 10
1304.29541015625
 20
-465
 70
0
  0
VERTEX
  5
C0E
330
C0B
100
AcDbEntity
  8
0
 62
0
100
AcDbVertex
100
AcDb2dVertex
 10
1314.29541015625
 20
-465
 70
0
  0
VERTEX
  5
C0F
330
C0B
100
AcDbEntity
  8
0
 62
0
100
AcDbVertex
100
AcDb2dVertex
 10
1314.29541015625
 20
-475
 70
0
  0
VERTEX
  5
C10
330
C0B
100
AcDbEntity
  8
0
 62
0
100
AcDbVertex
100
AcDb2dVertex
 10
1304.29541015625
 20
-475
 70
0
  0
SEQEND
  5
C0C
100
AcDbEntity
  8
0
  0
POLYLINE
  5
C11
330
1F
100
AcDbEntity
  8
0
 62
0
100
AcDb2dPolyline
 66
1
 70
1
 10
0
 20
0
 30
0
210
0
220
0
230
1
  0
VERTEX
  5
C13
330
C11
100
AcDbEntity
  8
0
 62
0
100
AcDbVertex
100
AcDb2dVertex
 10
1304.29541015625
 20
-455
 70
0
  0
VERTEX
  5
C14
330
C11
100
AcDbEntity
  8
0
 62
0
100
AcDbVertex
100
AcDb2dVertex
 10
1314.29541015625
 20
-455
 70
0
  0
VERTEX
  5
C15
330
C11
100
AcDbEntity
  8
0
 62
0
100
AcDbVertex
100
AcDb2dVertex
 10
1314.29541015625
 20
-465
 70
0
  0
VERTEX
  5
C16
330
C11
100
AcDbEntity
  8
0
 62
0
100
AcDbVertex
100
AcDb2dVertex
 10
1304.29541015625
 20
-465
 70
0
  0
SEQEND
  5
C12
100
AcDbEntity
  8
0
  0
POLYLINE
  5
C17
330
1F
100
AcDbEntity
  8
0
 62
0
100
AcDb2dPolyline
 66
1
 70
1
 10
0
 20
0
 30
0
210
0
220
0
230
1
  0
VERTEX
  5
C19
330
C17
100
AcDbEntity
  8
0
 62
0
100
AcDbVertex
100
AcDb2dVertex
 10
1304.29541015625
 20
-445
 70
0
  0
VERTEX
  5
C1A
330
C17
100
AcDbEntity
  8
0
 62
0
100
AcDbVertex
100
AcDb2dVertex
 10
1314.29541015625
 20
-445
 70
0
  0
VERTEX
  5
C1B
330
C17
100
AcDbEntity
  8
0
 62
0
100
AcDbVertex
100
AcDb2dVertex
 10
1314.29541015625
 20
-455
 70
0
  0
VERTEX
  5
C1C
330
C17
100
AcDbEntity
  8
0
 62
0
100
AcDbVertex
100
AcDb2dVertex
 10
1304.29541015625
 20
-455
 70
0
  0
SEQEND
  5
C18
100
AcDbEntity
  8
0
  0
MTEXT
  5
C1D
330
1F
100
AcDbEntity
  8
0
100
AcDbMText
 10
1238.29541015625
 20
-459
 30
0
 11
1
 21
0
 31
0
 40
5
 41
0
  1
PCTx Audio
  7
Standard
 71
1
 72
5
210
0
220
0
230
1
  0
TEXT
  5
C1E
330
1F
100
AcDbEntity
  8
0
100
AcDbText
 10
1298.79541015625
 20
-450.3662109375
 30
0
 40
4
  1

  7
Standard
100
AcDbText
  0
TEXT
  5
C1F
330
1F
100
AcDbEntity
  8
0
100
AcDbText
 10
1298.79541015625
 20
-460.3662109375
 30
0
 40
4
  1

  7
Standard
100
AcDbText
  0
TEXT
  5
C20
330
1F
100
AcDbEntity
  8
0
100
AcDbText
 10
1298.79541015625
 20
-470.3662109375
 30
0
 40
4
  1

  7
Standard
100
AcDbText
  0
TEXT
  5
C21
330
1F
100
AcDbEntity
  8
0
100
AcDbText
 10
1298.79541015625
 20
-480.3662109375
 30
0
 40
4
  1

  7
Standard
100
AcDbText
  0
POLYLINE
  5
C22
330
1F
100
AcDbEntity
  8
0
 62
1
100
AcDb2dPolyline
 66
1
 70
1
 10
0
 20
0
 30
0
210
0
220
0
230
1
  0
VERTEX
  5
C24
330
C22
100
AcDbEntity
  8
0
 62
1
100
AcDbVertex
100
AcDb2dVertex
 10
1212.8548583984375
 20
-486
 70
0
  0
VERTEX
  5
C25
330
C22
100
AcDbEntity
  8
0
 62
1
100
AcDbVertex
100
AcDb2dVertex
 10
1215.0640869140625
 20
-485.99996948242188
 70
0
  0
VERTEX
  5
C26
330
C22
100
AcDbEntity
  8
0
 62
1
100
AcDbVertex
100
AcDb2dVertex
 10
1216.8548583984375
 20
-487.79083251953125
 70
0
  0
VERTEX
  5
C27
330
C22
100
AcDbEntity
  8
0
 62
1
100
AcDbVertex
100
AcDb2dVertex
 10
1216.8548583984375
 20
-489.99996948242188
 70
0
  0
VERTEX
  5
C28
330
C22
100
AcDbEntity
  8
0
 62
1
100
AcDbVertex
100
AcDb2dVertex
 10
1216.8548583984375
 20
-489.99996948242188
 70
0
  0
VERTEX
  5
C29
330
C22
100
AcDbEntity
  8
0
 62
1
100
AcDbVertex
100
AcDb2dVertex
 10
1216.8548583984375
 20
-490
 70
0
  0
VERTEX
  5
C2A
330
C22
100
AcDbEntity
  8
0
 62
1
100
AcDbVertex
100
AcDb2dVertex
 10
1216.8548583984375
 20
-490
 70
0
  0
VERTEX
  5
C2B
330
C22
100
AcDbEntity
  8
0
 62
1
100
AcDbVertex
100
AcDb2dVertex
 10
1216.85498046875
 20
-494
 70
0
  0
VERTEX
  5
C2C
330
C22
100
AcDbEntity
  8
0
 62
1
100
AcDbVertex
100
AcDb2dVertex
 10
1216.85498046875
 20
-502
 70
0
  0
VERTEX
  5
C2D
330
C22
100
AcDbEntity
  8
0
 62
1
100
AcDbVertex
100
AcDb2dVertex
 10
1216.8548583984375
 20
-505.99996948242188
 70
0
  0
VERTEX
  5
C2E
330
C22
100
AcDbEntity
  8
0
 62
1
100
AcDbVertex
100
AcDb2dVertex
 10
1216.8548583984375
 20
-508.20913696289063
 70
0
  0
VERTEX
  5
C2F
330
C22
100
AcDbEntity
  8
0
 62
1
100
AcDbVertex
100
AcDb2dVertex
 10
1215.0640869140625
 20
-509.99996948242188
 70
0
  0
VERTEX
  5
C30
330
C22
100
AcDbEntity
  8
0
 62
1
100
AcDbVertex
100
AcDb2dVertex
 10
1212.85498046875
 20
-509.99996948242188
 70
0
  0
VERTEX
  5
C31
330
C22
100
AcDbEntity
  8
0
 62
1
100
AcDbVertex
100
AcDb2dVertex
 10
1208.85498046875
 20
-510
 70
0
  0
VERTEX
  5
C32
330
C22
100
AcDbEntity
  8
0
 62
1
100
AcDbVertex
100
AcDb2dVertex
 10
1153.85498046875
 20
-510
 70
0
  0
VERTEX
  5
C33
330
C22
100
AcDbEntity
  8
0
 62
1
100
AcDbVertex
100
AcDb2dVertex
 10
1149.85498046875
 20
-509.99996948242188
 70
0
  0
VERTEX
  5
C34
330
C22
100
AcDbEntity
  8
0
 62
1
100
AcDbVertex
100
AcDb2dVertex
 10
1147.645751953125
 20
-510
 70
0
  0
VERTEX
  5
C35
330
C22
100
AcDbEntity
  8
0
 62
1
100
AcDbVertex
100
AcDb2dVertex
 10
1145.85498046875
 20
-508.20913696289063
 70
0
  0
VERTEX
  5
C36
330
C22
100
AcDbEntity
  8
0
 62
1
100
AcDbVertex
100
AcDb2dVertex
 10
1145.85498046875
 20
-506
 70
0
  0
VERTEX
  5
C37
330
C22
100
AcDbEntity
  8
0
 62
1
100
AcDbVertex
100
AcDb2dVertex
 10
1145.85498046875
 20
-502
 70
0
  0
VERTEX
  5
C38
330
C22
100
AcDbEntity
  8
0
 62
1
100
AcDbVertex
100
AcDb2dVertex
 10
1145.85498046875
 20
-494
 70
0
  0
VERTEX
  5
C39
330
C22
100
AcDbEntity
  8
0
 62
1
100
AcDbVertex
100
AcDb2dVertex
 10
1145.8548583984375
 20
-490
 70
0
  0
VERTEX
  5
C3A
330
C22
100
AcDbEntity
  8
0
 62
1
100
AcDbVertex
100
AcDb2dVertex
 10
1145.8548583984375
 20
-487.79086303710938
 70
0
  0
VERTEX
  5
C3B
330
C22
100
AcDbEntity
  8
0
 62
1
100
AcDbVertex
100
AcDb2dVertex
 10
1147.645751953125
 20
-486
 70
0
  0
VERTEX
  5
C3C
330
C22
100
AcDbEntity
  8
0
 62
1
100
AcDbVertex
100
AcDb2dVertex
 10
1149.8548583984375
 20
-485.99996948242188
 70
0
  0
SEQEND
  5
C23
100
AcDbEntity
  8
0
  0
POLYLINE
  5
C3D
330
1F
100
AcDbEntity
  8
0
 62
0
100
AcDb2dPolyline
 66
1
 70
1
 10
0
 20
0
 30
0
210
0
220
0
230
1
  0
VERTEX
  5
C3F
330
C3D
100
AcDbEntity
  8
0
 62
0
100
AcDbVertex
100
AcDb2dVertex
 10
1180.85498046875
 20
-511
 70
0
  0
VERTEX
  5
C40
330
C3D
100
AcDbEntity
  8
0
 62
0
100
AcDbVertex
100
AcDb2dVertex
 10
1190.85498046875
 20
-511
 70
0
  0
VERTEX
  5
C41
330
C3D
100
AcDbEntity
  8
0
 62
0
100
AcDbVertex
100
AcDb2dVertex
 10
1190.85498046875
 20
-521
 70
0
  0
VERTEX
  5
C42
330
C3D
100
AcDbEntity
  8
0
 62
0
100
AcDbVertex
100
AcDb2dVertex
 10
1180.85498046875
 20
-521
 70
0
  0
SEQEND
  5
C3E
100
AcDbEntity
  8
0
  0
POLYLINE
  5
C43
330
1F
100
AcDbEntity
  8
0
 62
0
100
AcDb2dPolyline
 66
1
 70
1
 10
0
 20
0
 30
0
210
0
220
0
230
1
  0
VERTEX
  5
C45
330
C43
100
AcDbEntity
  8
0
 62
0
100
AcDbVertex
100
AcDb2dVertex
 10
1170.85498046875
 20
-511
 70
0
  0
VERTEX
  5
C46
330
C43
100
AcDbEntity
  8
0
 62
0
100
AcDbVertex
100
AcDb2dVertex
 10
1180.85498046875
 20
-511
 70
0
  0
VERTEX
  5
C47
330
C43
100
AcDbEntity
  8
0
 62
0
100
AcDbVertex
100
AcDb2dVertex
 10
1180.85498046875
 20
-521
 70
0
  0
VERTEX
  5
C48
330
C43
100
AcDbEntity
  8
0
 62
0
100
AcDbVertex
100
AcDb2dVertex
 10
1170.85498046875
 20
-521
 70
0
  0
SEQEND
  5
C44
100
AcDbEntity
  8
0
  0
POLYLINE
  5
C49
330
1F
100
AcDbEntity
  8
0
 62
0
100
AcDb2dPolyline
 66
1
 70
1
 10
0
 20
0
 30
0
210
0
220
0
230
1
  0
VERTEX
  5
C4B
330
C49
100
AcDbEntity
  8
0
 62
0
100
AcDbVertex
100
AcDb2dVertex
 10
1160.85498046875
 20
-511
 70
0
  0
VERTEX
  5
C4C
330
C49
100
AcDbEntity
  8
0
 62
0
100
AcDbVertex
100
AcDb2dVertex
 10
1170.85498046875
 20
-511
 70
0
  0
VERTEX
  5
C4D
330
C49
100
AcDbEntity
  8
0
 62
0
100
AcDbVertex
100
AcDb2dVertex
 10
1170.85498046875
 20
-521
 70
0
  0
VERTEX
  5
C4E
330
C49
100
AcDbEntity
  8
0
 62
0
100
AcDbVertex
100
AcDb2dVertex
 10
1160.85498046875
 20
-521
 70
0
  0
SEQEND
  5
C4A
100
AcDbEntity
  8
0
  0
POLYLINE
  5
C4F
330
1F
100
AcDbEntity
  8
0
 62
0
100
AcDb2dPolyline
 66
1
 70
1
 10
0
 20
0
 30
0
210
0
220
0
230
1
  0
VERTEX
  5
C51
330
C4F
100
AcDbEntity
  8
0
 62
0
100
AcDbVertex
100
AcDb2dVertex
 10
1150.85498046875
 20
-511
 70
0
  0
VERTEX
  5
C52
330
C4F
100
AcDbEntity
  8
0
 62
0
100
AcDbVertex
100
AcDb2dVertex
 10
1160.85498046875
 20
-511
 70
0
  0
VERTEX
  5
C53
330
C4F
100
AcDbEntity
  8
0
 62
0
100
AcDbVertex
100
AcDb2dVertex
 10
1160.85498046875
 20
-521
 70
0
  0
VERTEX
  5
C54
330
C4F
100
AcDbEntity
  8
0
 62
0
100
AcDbVertex
100
AcDb2dVertex
 10
1150.85498046875
 20
-521
 70
0
  0
SEQEND
  5
C50
100
AcDbEntity
  8
0
  0
MTEXT
  5
C55
330
1F
100
AcDbEntity
  8
0
100
AcDbMText
 10
1152.35498046875
 20
-492
 30
0
 11
1
 21
0
 31
0
 40
5
 41
0
  1
PCTx Logic
  7
Standard
 71
1
 72
5
210
0
220
0
230
1
  0
TEXT
  5
C56
330
1F
100
AcDbEntity
  8
0
100
AcDbText
 10
1155.85498046875
 20
-504.6337890625
 30
0
 40
4
  1

 50
90
  7
Standard
100
AcDbText
  0
TEXT
  5
C57
330
1F
100
AcDbEntity
  8
0
100
AcDbText
 10
1165.85498046875
 20
-504.6337890625
 30
0
 40
4
  1

 50
90
  7
Standard
100
AcDbText
  0
TEXT
  5
C58
330
1F
100
AcDbEntity
  8
0
100
AcDbText
 10
1175.85498046875
 20
-504.6337890625
 30
0
 40
4
  1

 50
90
  7
Standard
100
AcDbText
  0
TEXT
  5
C59
330
1F
100
AcDbEntity
  8
0
100
AcDbText
 10
1185.85498046875
 20
-504.6337890625
 30
0
 40
4
  1

 50
90
  7
Standard
100
AcDbText
  0
ENDSEC
  0
SECTION
  2
OBJECTS
  0
DICTIONARY
  5
C
330
0
100
AcDbDictionary
  3
ACAD_COLOR
350
C5F
  3
ACAD_GROUP
350
D
  3
ACAD_IMAGE_DICT
350
C60
  3
ACAD_LAYOUT
350
1A
  3
ACAD_MLEADERSTYLE
350
C61
  3
ACAD_MLINESTYLE
350
17
  3
ACAD_PLOTSETTINGS
350
19
  3
ACAD_TABLESTYLE
350
C62
  3
AcDbVariableDictionary
350
C67
  0
DICTIONARY
  5
C5F
102
{ACAD_REACTORS
330
C
102
}
330
C
100
AcDbDictionary
  0
DICTIONARY
  5
D
102
{ACAD_REACTORS
330
C
102
}
330
C
100
AcDbDictionary
  0
DICTIONARY
  5
C60
102
{ACAD_REACTORS
330
C
102
}
330
C
100
AcDbDictionary
  0
DICTIONARY
  5
1A
102
{ACAD_REACTORS
330
C
102
}
330
C
100
AcDbDictionary
  0
DICTIONARY
  5
C61
102
{ACAD_REACTORS
330
C
102
}
330
C
100
AcDbDictionary
  0
DICTIONARY
  5
17
102
{ACAD_REACTORS
330
C
102
}
330
C
100
AcDbDictionary
  3
STANDARD
350
18
  0
MLINESTYLE
  5
18
102
{ACAD_REACTORS
330
17
102
}
330
17
100
AcDbMlineStyle
  2
STANDARD
 70
0
  3

 51
90
 52
90
 71
2
 49
0.5
 62
0
  6
ByLayer
 49
-0.5
 62
0
  6
ByLayer
  0
DICTIONARY
  5
19
102
{ACAD_REACTORS
330
C
102
}
330
C
100
AcDbDictionary
  0
DICTIONARY
  5
C62
102
{ACAD_REACTORS
330
C
102
}
330
C
100
AcDbDictionary
  0
DICTIONARY
  5
C67
102
{ACAD_REACTORS
330
C
102
}
330
C
100
AcDbDictionary
  0
DICTIONARY
  5
C64
330
C63
100
AcDbDictionary
  0
ENDSEC
999
Created By CadLib version 4.0.33.33
999
CadLib website: www.woutware.com
  0
EOF
